id,asignatura,tema,año,convocatoria,ejercicio,enunciado,imagen,archivo
física_2016_Reserva 2_EJERCICIO 2. OPCIÓN B,física,óptica_geométrica_enunciados,2016,Reserva 2,EJERCICIO 2. OPCIÓN B,"a) Explique la formación de imágenes por una lente convergente. Como ejemplo, considere un objeto situado en un punto más alejado de la lente que el foco.
b) ¿Puede formarse una imagen virtual con una lente convergente? Justifíquelo ayudándose de una construcción gráfica.",enunciados_PNG/2016 - Óptica geométrica_png/2016_reserva_2_2_opcion_b.png,2016 - Óptica geométrica.pdf
física_2017_Reserva 1_EJERCICIO 3. OPCIÓN B,física,óptica_geométrica_enunciados,2017,Reserva 1,EJERCICIO 3. OPCIÓN B,"a) Describa, con la ayuda de construcciones gráficas, las diferencias entre las imágenes formadas por una lente convergente y otra divergente de un objeto real localizado a una distancia entre f y 2f de la lente, siendo f la distancia focal.
b) La tecnología ultravioleta para la desinfección de agua, aire y superficies está basada en el efecto germicida de la radiación UV-C. El espectro del UV-C en el aire está comprendido entre 200 nm y 280 nm. Calcule las frecuencias entre las que está comprendida dicha zona del espectro electromagnético y determine entre qué longitudes de onda estará comprendido el UV-C en el agua. c3108 ms1 ;n 1;n 1'33 aire agua",enunciados_PNG/2017 - Óptica geométrica_png/2017_reserva_1_3_opcion_b.png,2017 - Óptica geométrica.pdf
física_2017_Reserva 2_EJERCICIO 3. OPCIÓN B,física,óptica_geométrica_enunciados,2017,Reserva 2,EJERCICIO 3. OPCIÓN B,"a) Utilizando un diagrama de rayos, construya la imagen en un espejo cóncavo de un objeto real situado: i) a una distancia del espejo comprendida entre f y 2f, siendo f la distancia focal; ii) a una distancia del espejo menor que f. Analice en ambos casos las características de la imagen.
b) Un haz de luz de 51014 Hz viaja por el interior de un bloque de diamante. Si la luz emerge al aire con un ángulo de refracción de 10o, dibuje la trayectoria del haz y determine el ángulo de incidencia y el valor de la longitud de onda en ambos medios. c3108 ms1 ;n 2'42;n 1 diamente aire",enunciados_PNG/2017 - Óptica geométrica_png/2017_reserva_2_3_opcion_b.png,2017 - Óptica geométrica.pdf
física_2017_Reserva 3_EJERCICIO 3. OPCIÓN B,física,óptica_geométrica_enunciados,2017,Reserva 3,EJERCICIO 3. OPCIÓN B,"a) Utilizando diagramas de rayos, construya la imagen de un objeto real por una lente convergente si está situado: i) a una distancia 2f de la lente, siendo f la distancia focal; ii) a una distancia de la lente menor que f. Analice en ambos casos las características de la imagen.
b) El espectro visible en el aire está comprendido entre las longitudes de onda 380 nm (violeta) y 780 nm (rojo). Calcule la velocidad de la luz en el agua y determine entre qué longitudes de onda está comprendido el espectro electromagnético visible en el agua. c3108 ms1 ;n 1'33;n 1 agua aire",enunciados_PNG/2017 - Óptica geométrica_png/2017_reserva_3_3_opcion_b.png,2017 - Óptica geométrica.pdf
física_2018_Junio_EJERCICIO 3. OPCIÓN B,física,óptica_geométrica_enunciados,2018,Junio,EJERCICIO 3. OPCIÓN B,"a) Explique dónde debe estar situado un objeto respecto a una lente delgada para obtener una imagen virtual y derecha: (i) Si la lente es convergente; (ii) si la lente es divergente. Realice en ambos casos las construcciones geométricas del trazado de rayos e indique si la imagen es mayor o menor que el objeto.
b) Un objeto luminoso se encuentra a 4 m de una pantalla. Mediante una lente situada entre el objeto y la pantalla se pretende obtener una imagen del objeto sobre la pantalla que sea real, invertida y tres veces mayor que él. Determine el tipo de lente que se tiene que utilizar, así como su distancia focal y la posición en la que debe situarse, justificando sus respuestas.",enunciados_PNG/2018 - Óptica geométrica_png/2018_junio_3_opcion_b.png,2018 - Óptica geométrica.pdf
física_2018_Reserva 1_EJERCICIO 3. OPCIÓN A,física,óptica_geométrica_enunciados,2018,Reserva 1,EJERCICIO 3. OPCIÓN A,"a) Un objeto se sitúa a la izquierda de una lente delgada convergente. Determine razonadamente y con la ayuda del trazado de rayos la posición y características de la imagen que se forma en los siguientes casos: (i) s = f; (ii) s = f / 2; (iii) s = 2 f.
b) Un objeto de 2 cm de altura se sitúa a 15 cm a la izquierda de una lente de 20 cm de distancia focal. Dibuje un esquema con las posiciones del objeto, la lente y la imagen. Calcule la posición y aumento de la imagen.",enunciados_PNG/2018 - Óptica geométrica_png/2018_reserva_1_3_opcion_a.png,2018 - Óptica geométrica.pdf
física_2018_Reserva 2_EJERCICIO 3. OPCIÓN A,física,óptica_geométrica_enunciados,2018,Reserva 2,EJERCICIO 3. OPCIÓN A,"a) Explique el fenómeno de la dispersión de la luz por un prisma ayudándose de un esquema.
b) Un objeto de 0,3 m de altura se sitúa a 0,6 m de una lente convergente de distancia focal 0,2 m. Determine la posición, naturaleza y tamaño de la imagen mediante procedimientos gráficos y numéricos.",enunciados_PNG/2018 - Óptica geométrica_png/2018_reserva_2_3_opcion_a.png,2018 - Óptica geométrica.pdf
física_2018_Septiembre_EJERCICIO 3. OPCIÓN A,física,óptica_geométrica_enunciados,2018,Septiembre,EJERCICIO 3. OPCIÓN A,"a) Señale las diferencias entre lentes convergentes y divergentes, así como al menos un uso de cada una de ellas.
b) Desde el aire se observa un objeto luminoso que está situado a 1 m debajo del agua. (i) Si desde dicho objeto sale un rayo de luz que llega a la superficie formando un ángulo de 15o con la normal, ¿cuál es el ángulo de refracción en el aire?; (ii) calcule la profundidad aparente a la que se encuentra el objeto. n 1;n 1'33 aire agua",enunciados_PNG/2018 - Óptica geométrica_png/2018_septiembre_3_opcion_a.png,2018 - Óptica geométrica.pdf
física_2019_Junio_EJERCICIO 3. OPCIÓN A,física,óptica_geométrica_enunciados,2019,Junio,EJERCICIO 3. OPCIÓN A,"a) Construya, razonadamente, la imagen de un objeto situado delante de una lente convergente a una distancia mayor que el doble de la distancia focal. A partir de la imagen obtenida indique, razonadamente, las características de la misma: real o virtual, si está derecha o invertida y su tamaño.
b) A 4 m delante de una lente divergente se sitúa un objeto de tamaño 1 m. Si la imagen se forma delante de la lente a una distancia de 1 m, calcule: (i) la distancia focal justificando el signo obtenido. (ii) Tamaño de la imagen indicando si está derecha o invertida con respecto al objeto.",enunciados_PNG/2019 - Óptica geométrica_png/2019_junio_3_opcion_a.png,2019 - Óptica geométrica.pdf
física_2019_Reserva 1_EJERCICIO 3. OPCIÓN A,física,óptica_geométrica_enunciados,2019,Reserva 1,EJERCICIO 3. OPCIÓN A,"a) Construya, razonadamente, la imagen de un objeto situado entre el foco y el centro de una lente convergente. A partir de la imagen obtenida indique, razonadamente, las características de la misma: real o virtual, si está derecha o invertida y su tamaño.
b) A 2 m delante de una lente divergente se sitúa un objeto de tamaño 0,5 m. Si la distancia focal es de 1 m, calcule: i) La distancia de la imagen a la lente indicando si es real o virtual. ii) Tamaño de la imagen indicando si está derecha o invertida.",enunciados_PNG/2019 - Óptica geométrica_png/2019_reserva_1_3_opcion_a.png,2019 - Óptica geométrica.pdf
física_2019_Reserva 2_EJERCICIO 3. OPCIÓN A,física,óptica_geométrica_enunciados,2019,Reserva 2,EJERCICIO 3. OPCIÓN A,"a) Construya, razonadamente, la imagen de un objeto situado entre f y 2f delante de una lente divergente. A partir de la imagen obtenida indique, razonadamente, las características de la misma: real o virtual, si está derecha o invertida y su tamaño.
b) Situamos delante de una lente convergente un objeto que genera una imagen que se forma a 1 m delante de la lente, siendo la misma de tamaño 0,5 m. Si la distancia focal vale 2 m, calcule: i) La distancia a la que se encuentra el objeto de la lente. ii) Tamaño del objeto indicando si está derecho o invertido con respecto a la imagen.",enunciados_PNG/2019 - Óptica geométrica_png/2019_reserva_2_3_opcion_a.png,2019 - Óptica geométrica.pdf
física_2019_Reserva 3_EJERCICIO 3. OPCIÓN A,física,óptica_geométrica_enunciados,2019,Reserva 3,EJERCICIO 3. OPCIÓN A,"a) Construya, razonadamente, la imagen de un objeto situado delante de una lente divergente, y a una distancia menor que la distancia focal. A partir de la imagen obtenida indique, razonadamente, las características de la misma: real o virtual, si está derecha o invertida y su tamaño.
b) A 0,5 m delante de una lente convergente se sitúa un objeto de tamaño 0,25 m. Si la distancia focal vale 1 m, calcule: i) La distancia de la imagen a la lente indicando si es real o virtual. ii) Tamaño de la imagen, indicando si está derecha o invertida.",enunciados_PNG/2019 - Óptica geométrica_png/2019_reserva_3_3_opcion_a.png,2019 - Óptica geométrica.pdf
física_2020_Junio_EJERCICIO 3,física,óptica_geométrica_enunciados,2020,Junio,EJERCICIO 3,"a) Determine, mediante trazado de rayos, la imagen que se produce en una lente convergente para un objeto situado a una distancia de la lente: i) Entre una y dos veces la distancia focal. ii) A más de dos veces la distancia focal. Indique razonadamente, la naturaleza de la imagen en ambos casos.
b) Situamos un objeto de 0’4 m de altura a 0’2 m de una lente convergente de 0’6 m de distancia focal. i) Realice la construcción geométrica del trazado de rayos. ii) Calcule de forma razonada: la posición, el tamaño y la naturaleza de la imagen formada.",enunciados_PNG/2020 - Óptica geométrica_png/2020_junio_3.png,2020 - Óptica geométrica.pdf
física_2020_Reserva 1_EJERCICIO 3,física,óptica_geométrica_enunciados,2020,Reserva 1,EJERCICIO 3,"a) Determine, mediante construcción geométrica del trazado de rayos, dónde debe estar situado un objeto respecto a una lente convergente para que el tamaño de la imagen sea: i) Menor que el objeto. ii) Igual que el objeto. Indique razonadamente, la naturaleza de la imagen en ambos casos.
b) Se sitúa un objeto de 0’5 m de altura a 0’9 m de una lente divergente de 0’3 m de distancia focal. i) Realice la construcción geométrica del trazado de rayos. ii) Calcule de forma razonada: la posición, el tamaño y la naturaleza de la imagen formada.",enunciados_PNG/2020 - Óptica geométrica_png/2020_reserva_1_3.png,2020 - Óptica geométrica.pdf
física_2020_Reserva 2_EJERCICIO 3,física,óptica_geométrica_enunciados,2020,Reserva 2,EJERCICIO 3,"a) Determine, mediante construcción geométrica del trazado de rayos las condiciones de posición del objeto y tipo de lente para que se forme: i) Una imagen virtual y menor que el objeto. ii) Una imagen virtual y mayor que el objeto.
b) Un objeto de 0’5 m de altura se sitúa delante de una lente divergente de distancia focal 0’4 m. Si la imagen aparece a mitad de distancia entre la lente y el objeto, determine de forma razonada: i) La posición del objeto. ii) El tamaño y naturaleza de la imagen. Realice la construcción geométrica del trazado de rayos.",enunciados_PNG/2020 - Óptica geométrica_png/2020_reserva_2_3.png,2020 - Óptica geométrica.pdf
física_2020_Reserva 3_EJERCICIO 3,física,óptica_geométrica_enunciados,2020,Reserva 3,EJERCICIO 3,"a) Responda razonadamente con ayuda de trazado de rayos: i) ¿Es posible obtener imágenes virtuales reducidas cuando colocamos un objeto delante de una lente convergente?. ii) ¿Y de una lente divergente?.
b) Situamos un objeto a 4 m de una lente y obtenemos una imagen real e invertida a 1 m de la misma. i) Realice la construcción geométrica del trazado de rayos. ii) Determine la distancia focal de la lente. ¿Es convergente o divergente?. iii) Si el objeto tiene un tamaño de 0’04 m ¿qué tamaño tendrá la imagen?.",enunciados_PNG/2020 - Óptica geométrica_png/2020_reserva_3_3.png,2020 - Óptica geométrica.pdf
física_2021_Junio_EJERCICIO C2,física,óptica_geométrica_enunciados,2021,Junio,EJERCICIO C2,"a) Con una lente queremos obtener una imagen virtual mayor que el objeto. Razone, realizando además el trazado de rayos correspondiente, qué tipo de lente debemos usar y dónde debe estar situado el objeto.
b) Un objeto de 30 cm de alto se encuentra a 60 cm delante de una lente divergente de 40 cm de distancia focal. i) Calcule la posición de la imagen. ii) Calcule el tamaño de la imagen. iii) Explique, con ayuda de un diagrama de rayos, la naturaleza de la imagen formada. Justifique sus respuestas.",enunciados_PNG/2021 - Óptica geométrica_png/2021_junio_c2.png,2021 - Óptica geométrica.pdf
física_2021_Reserva 1_EJERCICIO C1,física,óptica_geométrica_enunciados,2021,Reserva 1,EJERCICIO C1,"a) Razone, realizando además el trazado de rayos correspondiente, las características de la imagen producida por una lente convergente con el objeto situado a más distancia de la lente que el doble de su distancia focal.
b) La imagen producida por una lente convergente está derecha, tiene un tamaño triple que el objeto, y está situada a 1 m delante de la lente. i) Calcule la posición del objeto. ii) Calcule la distancia focal de la lente. iii) Explique, con ayuda de un diagrama de rayos, el carácter real o virtual de la imagen. Justifique sus respuestas.",enunciados_PNG/2021 - Óptica geométrica_png/2021_reserva_1_c1.png,2021 - Óptica geométrica.pdf
física_2021_Reserva 2_EJERCICIO C2,física,óptica_geométrica_enunciados,2021,Reserva 2,EJERCICIO C2,"a) Considere la afirmación siguiente: “Una lente convergente siempre forma una imagen real a partir de un objeto”. Razone, utilizando diagramas de rayos, si la afirmación es verdadera o falsa.
b) Se coloca un objeto luminoso delante de una lente divergente de distancia focal 5 cm. Se quiere 1 que la imagen formada tenga del tamaño del objeto y su misma orientación. i) Calcule la 3 posición del objeto. ii) Obtenga la posición de la imagen. iii) Realice el trazado de rayos y explique el carácter real o virtual de la imagen. Justifique sus respuestas.",enunciados_PNG/2021 - Óptica geométrica_png/2021_reserva_2_c2.png,2021 - Óptica geométrica.pdf
física_2021_Reserva 3_EJERCICIO C1,física,óptica_geométrica_enunciados,2021,Reserva 3,EJERCICIO C1,"a) Razone, realizando además el trazado de rayos correspondiente, las características de la imagen producida por una lente divergente.
b) La imagen formada por una lente convergente se encuentra a 1’5 m detrás de la lente, con un aumento lateral de 0'5. i) Realice el trazado de rayos. Calcule razonadamente: ii) la posición del objeto. iii) La distancia focal de la lente.",enunciados_PNG/2021 - Óptica geométrica_png/2021_reserva_3_c1.png,2021 - Óptica geométrica.pdf
física_2022_Junio_EJERCICIO C2,física,óptica_geométrica_enunciados,2022,Junio,EJERCICIO C2,"a) Realice y explique el trazado de rayos para un objeto situado entre el foco objeto y una lente convergente. Justifique las características de la imagen.
b) Un objeto de 30 cm de altura se coloca a 2 m de distancia de una lente delgada divergente. La distancia focal de la lente es de 50 cm. Indicando el criterio de signos aplicado, calcule la posición y el tamaño de la imagen formada. Realice razonadamente el trazado de rayos y justifique la naturaleza de la imagen.",enunciados_PNG/2022 - Óptica geométrica_png/2022_junio_c2.png,2022 - Óptica geométrica.pdf
física_2022_Reserva 2_EJERCICIO C1,física,óptica_geométrica_enunciados,2022,Reserva 2,EJERCICIO C1,"a) Realice y explique el trazado de rayos para un objeto situado a la izquierda del foco imagen de una lente divergente. Determine, justificadamente, las características de la imagen.
b) Un objeto de 2 cm de altura se coloca a 4 cm de una lente delgada, formando una imagen derecha y con un tamaño cinco veces mayor que el del objeto. i) Explique si la lente es convergente o divergente. ii) Calcule la posición de la imagen y la distancia focal de la lente, indicando el criterio de signos aplicado. iii) Dibuje razonadamente el trazado de rayos y justifique si la imagen es real o virtual.",enunciados_PNG/2022 - Óptica geométrica_png/2022_reserva_2_c1.png,2022 - Óptica geométrica.pdf
física_2022_Reserva 3_EJERCICIO C1,física,óptica_geométrica_enunciados,2022,Reserva 3,EJERCICIO C1,"a) Indique razonadamente, ayudándose de un esquema, las características de la imagen que se obtiene al colocar un objeto luminoso: i) en el foco objeto de una lente convergente; ii) en el foco imagen de una lente divergente.
b) Una lente divergente produce una imagen 3 veces menor que el objeto cuando la separación entre la imagen y el objeto es de 64 cm. Determine, indicando el criterio de signos utilizado, las posiciones del objeto y de la imagen, así como la distancia focal de la lente y realice el trazado de rayos correspondiente.",enunciados_PNG/2022 - Óptica geométrica_png/2022_reserva_3_c1.png,2022 - Óptica geométrica.pdf
física_2022_Julio_EJERCICIO C2,física,óptica_geométrica_enunciados,2022,Julio,EJERCICIO C2,"a) Realice y explique el trazado de rayos para un objeto situado entre el foco objeto y el doble de la distancia focal de una lente convergente. Determine, justificadamente, las características de la imagen.
b) Una lente delgada convergente de distancia focal 20 cm, forma una imagen situada a una distancia de 40 cm a su izquierda y 30 cm de altura. Calcule la posición y el tamaño del objeto, indicando el criterio de signos aplicado. Realice razonadamente el trazado de rayos y justifique la naturaleza de la imagen.",enunciados_PNG/2022 - Óptica geométrica_png/2022_julio_c2.png,2022 - Óptica geométrica.pdf
física_2023_Junio_EJERCICIO C1,física,óptica_geométrica_enunciados,2023,Junio,EJERCICIO C1,"a) Con una lente delgada queremos obtener una imagen virtual mayor que el objeto. Realice razonadamente el trazado de rayos correspondiente, justifique qué tipo de lente debemos usar y dónde debe estar situado el objeto.
b) Sobre una pantalla se desea proyectar la imagen de un objeto que mide 5 cm de alto. Para ello contamos con una lente delgada convergente, de distancia focal 20 cm, y una pantalla situada a la derecha de la lente, a una distancia de 1 m. i) Indique el criterio de signos usado y determine a qué distancia de la lente debe colocarse el objeto para que la imagen se forme en la pantalla. ii) Determine el tamaño de la imagen. iii) Construya gráficamente la imagen del objeto, formada por la lente, realizando el trazado de rayos.",enunciados_PNG/2023 - Óptica geométrica_png/2023_junio_c1.png,2023 - Óptica geométrica.pdf
física_2023_Reserva 3_EJERCICIO C1,física,óptica_geométrica_enunciados,2023,Reserva 3,EJERCICIO C1,"a) Razone, basándose en el trazado de rayos, dónde hay que colocar un objeto con respecto a una lente delgada convergente para que: i) la imagen formada sea real e invertida; ii) la imagen formada sea virtual y derecha.
b) Un objeto está situado 6 cm a la izquierda de una lente delgada convergente de 4 cm de distancia focal. i) Realice el trazado de rayos correspondiente. ii) Determine la distancia entre la imagen y la lente, indicando el criterio de signos utilizado. iii) Determine razonadamente el aumento lateral y, a partir del valor obtenido, indique si la imagen aumenta o disminuye y si es derecha o invertida.",enunciados_PNG/2023 - Óptica geométrica_png/2023_reserva_3_c1.png,2023 - Óptica geométrica.pdf
física_2023_Reserva 4_EJERCICIO C2,física,óptica_geométrica_enunciados,2023,Reserva 4,EJERCICIO C2,"a) i) Realice el trazado de rayos para un objeto situado a una distancia mayor que el doble de la distancia focal de una lente delgada convergente. ii) Justifique las características de la imagen.
b) Una lente divergente produce una imagen derecha 4 veces menor que un objeto situado a 10 cm de la lente. i) Determine, indicando el criterio de signos utilizado, la posición de la imagen, así como la distancia focal de la lente. ii) Realice el trazado de rayos correspondiente.",enunciados_PNG/2023 - Óptica geométrica_png/2023_reserva_4_c2.png,2023 - Óptica geométrica.pdf
física_2023_Julio_EJERCICIO C2,física,óptica_geométrica_enunciados,2023,Julio,EJERCICIO C2,"a) i) Realice el trazado de rayos para un objeto situado a la izquierda del foco imagen de una lente delgada divergente. ii) Justifique las características de la imagen formada.
b) Una lente delgada convergente, de 10 cm de distancia focal, forma una imagen de 4 cm de altura situada 10 cm a la izquierda de la lente. i) Calcule la posición y el tamaño del objeto, indicando el criterio de signos aplicado. ii) Realice el trazado de rayos e indique las características de la imagen.",enunciados_PNG/2023 - Óptica geométrica_png/2023_julio_c2.png,2023 - Óptica geométrica.pdf
física_2024_Reserva 1_EJERCICIO C1,física,óptica_geométrica_enunciados,2024,Reserva 1,EJERCICIO C1,"a) ¿Puede una lente delgada convergente crear una imagen virtual? Razone su respuesta realizando el trazado de rayos correspondiente y explicando cómo se construye la imagen a partir de dicho trazado. Indique claramente la posición del objeto respecto a dicha lente y respecto al foco.
b) Un objeto de 3 cm de altura se sitúa a 10 cm de un espejo cóncavo cuyo radio de curvatura mide 30 cm. i) Calcule la posición y el tamaño de la imagen, indicando el criterio de signos aplicado. ii) Realice el trazado de rayos e indique las características de la imagen.",enunciados_PNG/2024 - Óptica geométrica_png/2024_reserva_1_c1.png,2024 - Óptica geométrica.pdf
física_2024_Reserva 2_EJERCICIO C1,física,óptica_geométrica_enunciados,2024,Reserva 2,EJERCICIO C1,"a) Se desea obtener una imagen virtual, derecha y de menor tamaño utilizando una lente delgada. Justifique el tipo de lente que se debe usar y, si es necesario, indicar dónde se debe colocar el objeto. Realice razonadamente el trazado de rayos correspondiente.
b) Usando una lente delgada convergente de 4 dioptrías de potencia obtenemos una imagen que es real e invertida. El tamaño de la imagen obtenida es el doble que el del objeto. i) Determine a qué distancia de la lente debe colocarse el objeto. ii) Determine la posición de la imagen. iii) Construya gráficamente la imagen formada. Indique el criterio de signos utilizado.",enunciados_PNG/2024 - Óptica geométrica_png/2024_reserva_2_c1.png,2024 - Óptica geométrica.pdf
física_2024_Reserva 3_EJERCICIO C1,física,óptica_geométrica_enunciados,2024,Reserva 3,EJERCICIO C1,"a) Razone, basándose en el trazado de rayos, dónde hay que colocar un objeto con respecto a una lente delgada convergente para que: i) la imagen formada sea real, invertida y del mismo tamaño que el objeto; ii) la imagen obtenida sea virtual, derecha y de mayor tamaño que el objeto.
b) Un objeto de 10 cm de altura se sitúa a 3 m de una lente divergente. Si la imagen se forma delante de la lente, y a una distancia de 1,5 m de la misma, calcule: i) la distancia focal, justificando su signo; ii) el tamaño de la imagen, indicando si es derecha o invertida con respecto al objeto. Indique el criterio de signos utilizado.",enunciados_PNG/2024 - Óptica geométrica_png/2024_reserva_3_c1.png,2024 - Óptica geométrica.pdf
física_2024_Julio_EJERCICIO C1,física,óptica_geométrica_enunciados,2024,Julio,EJERCICIO C1,"a) i) Construya la imagen formada en un espejo cóncavo para un objeto situado a una distancia del espejo mayor que su radio de curvatura, explicando el trazado de rayos correspondiente. ii) indique y justifique las características de la imagen.
b) Un objeto de 4 cm se sitúa a 36 cm de una lente delgada convergente de distancia focal 12 cm. i) Calcule la posición y el tamaño de la imagen, indicando el criterio de signos aplicado. ii) Realice el trazado de rayos e indique las características de la imagen.",enunciados_PNG/2024 - Óptica geométrica_png/2024_julio_c1.png,2024 - Óptica geométrica.pdf
física_2025_Junio_EJERCICIO a,física,óptica_geométrica_enunciados,2025,Junio,EJERCICIO a,"Se desea obtener una imagen virtual y de mayor tamaño que el objeto utilizando una lente delgada. Justifique apoyándose en el esquema del trazado de rayos y explicando su construcción, qué tipo de lente debe usarse e indique dónde debe colocarse el objeto. EJERCICIO a",enunciados_PNG/2025 - Óptica geométrica_png/2025_junio_a.png,2025 - Óptica geométrica.pdf
física_2025_Reserva 1_EJERCICIO b1,física,óptica_geométrica_enunciados,2025,Reserva 1,EJERCICIO b1,"Un objeto de 4 cm de altura que está situado a 75 cm del vértice de un espejo esférico cóncavo produce una imagen invertida a 37,5 cm del espejo. i) Indique el criterio de signos utilizado y halle el radio del espejo; ii) Calcule la altura de la imagen; iii) Realice el trazado de rayos y justifique su construcción.",enunciados_PNG/2025 - Óptica geométrica_png/2025_reserva_1_b1.png,2025 - Óptica geométrica.pdf
física_2025_Reserva 2_EJERCICIO b1,física,óptica_geométrica_enunciados,2025,Reserva 2,EJERCICIO b1,"Se sitúa un objeto de 20 cm de altura a 2 m del vértice de un espeja esférico convexo. Si la distancia focal es 6 m, calcule, indicando el criterio de signos utilizado: i) la distancia a la que se forma la imagen justificando si la misma es real o virtual; ii) la altura de la imagen.",enunciados_PNG/2025 - Óptica geométrica_png/2025_reserva_2_b1.png,2025 - Óptica geométrica.pdf
física_2025_Reserva 3_EJERCICIO b1,física,óptica_geométrica_enunciados,2025,Reserva 3,EJERCICIO b1,Con una lente divergente se obtiene una imagen de altura igual a un tercio de la altura del objeto. La imagen se forma a 20 cm de la lente. i) Indique el criterio de signos utilizado y halle la posición del objeto; ii) calcule la distancia focal de la lente; iii) realice el trazado de rayos y explique su construcción.,enunciados_PNG/2025 - Óptica geométrica_png/2025_reserva_3_b1.png,2025 - Óptica geométrica.pdf
física_2025_Julio_EJERCICIO a,física,óptica_geométrica_enunciados,2025,Julio,EJERCICIO a,"Razone, apoyándose en el esquema del trazado de rayos y explicando su construcción, si la siguiente afirmación es verdadera o falsa: “un espejo esférico convexo puede producir una imagen virtual con un aumento lateral mayor que la unidad”. EJERCICIO a",enunciados_PNG/2025 - Óptica geométrica_png/2025_julio_a.png,2025 - Óptica geométrica.pdf
