id,año,convocatoria,ejercicio,opcion,enunciado,imagen,aviso,asignatura
física_2016_Junio_1_A,2016,Junio,1,A,"a) Campo eléctrico creado por una carga puntual. Explique sus características y por qué es un campo conservativo.
b) Una partícula cargada penetra en un campo eléctrico con velocidad paralela al campo y en sentido contrario al mismo. Describa cómo influye el signo de la carga eléctrica en su trayectoria.",enunciados_PNG/2016 - Campo eléctrico y magnético_png/2016_junio_1_a.png,,física
física_2016_Junio_3_B,2016,Junio,3,B,"Una espira circular de 2,5 cm de radio, que descansa en el plano XY, está situada en una región en la que existe un campo magnético B  2'5t 2 k T donde t es el tiempo expresado en segundos.
a) Determine el valor del flujo magnético en función del tiempo y realice una representación gráfica de dicho flujo magnético frente al tiempo entre 0 y 10 s.
b) Determine el valor de la f.e.m. inducida y razone el sentido de la corriente inducida en la espira.",enunciados_PNG/2016 - Campo eléctrico y magnético_png/2016_junio_3_b.png,,física
física_2016_Reserva 2_1_B,2016,Reserva 2,1,B,"a) Fuerza magnética sobre una carga en movimiento.
b) Dos partículas cargadas se mueven con la misma velocidad y, al aplicarles un campo magnético perpendicular a dicha velocidad, se desvían en sentidos contrarios y describen trayectorias circulares de distintos radios. ¿Qué puede decirse de las características de esas partículas? Si en vez de aplicarles un campo magnético se le aplica un campo eléctrico paralelo a su trayectoria, indique razonadamente, cómo se mueven las partículas",enunciados_PNG/2016 - Campo eléctrico y magnético_png/2016_reserva_2_1_b.png,,física
física_2016_Reserva 2_3_A,2016,Reserva 2,3,A,"Un péndulo consta de una esfera de 20 g, carga eléctrica desconocida y dimensiones despreciables, que cuelga de un hilo de 1 m de longitud. Para determinar el valor de su carga se coloca en un campo eléctrico uniforme y horizontal de E5'7104 NC1 y se observa que el hilo del péndulo se coloca formando 45 o con la vertical.
a) Dibuje en un esquema el campo eléctrico y todas las fuerzas que actúan sobre la esfera y explique, cualitativamente, cómo ha cambiado la energía del péndulo al aplicar el campo eléctrico.
b) Calcule el valor de la carga de la esfera y de las fuerzas que actúan sobre ella. g9'8 ms2",enunciados_PNG/2016 - Campo eléctrico y magnético_png/2016_reserva_2_3_a.png,,física
física_2016_Reserva 3_1_A,2016,Reserva 3,1,A,"a) Enuncie la ley de inducción electromagnética y explique las características del fenómeno. Comente la veracidad o falsedad de la siguiente afirmación: un transformador eléctrico no realiza su función en corriente continua.
b) Explique, con la ayuda de un esquema, cuál es el sentido de la corriente inducida en una espira cuando se le acerca la cara sur de un imán ¿Y si en lugar de acercar el imán se alejara?",enunciados_PNG/2016 - Campo eléctrico y magnético_png/2016_reserva_3_1_a.png,,física
física_2016_Reserva 3_3_B,2016,Reserva 3,3,B,"Un haz de electrones con energía cinética de 104 eV, se mueve en un campo magnético perpendicular a su velocidad, describiendo una trayectoria circular de 25 cm de radio.
a) Con ayuda de un esquema, indique la trayectoria del haz de electrones y la dirección y sentido de la fuerza, la velocidad y el campo magnético. Calcule la intensidad del campo magnético.
b) Para ese mismo campo magnético explique, cualitativamente, cómo variarían la velocidad, la trayectoria de las partículas y su radio si, en lugar de electrones, se tratara de un haz de iones de Ca2. e1'61019 C;m 9'11031 kg e",enunciados_PNG/2016 - Campo eléctrico y magnético_png/2016_reserva_3_3_b.png,,física
física_2016_Reserva 4_1_A,2016,Reserva 4,1,A,"a) Enuncie la ley de Lenz-Faraday.
b) Una espira cuadrada gira en torno a un eje, que coincide con uno de sus lados, bajo la acción de un campo magnético uniforme perpendicular al eje de giro. Explique cómo varían los valores del flujo magnético máximo y de la fuerza electromotriz inducida máxima al duplicar la frecuencia de giro de la espira.",enunciados_PNG/2016 - Campo eléctrico y magnético_png/2016_reserva_4_1_a.png,,física
física_2016_Reserva 4_3_A,2016,Reserva 4,3,A,"Una partícula alfa, con una energía cinética de 2 MeV, se mueve en una región en la que existe un campo magnético uniforme de 5 T, perpendicular a su velocidad.
a) Dibuje en un esquema los vectores velocidad de la partícula, campo magnético y fuerza magnética sobre dicha partícula y calcule el valor de la velocidad y de la fuerza magnética.
b) Razone que la trayectoria descrita es circular y determine su radio y el periodo de movimiento. e1'61019 C;m 6'71027 kg alfa",enunciados_PNG/2016 - Campo eléctrico y magnético_png/2016_reserva_4_3_a.png,,física
física_2016_Septiembre_1_A,2016,Septiembre,1,A,"a) Analogías y diferencias entre campo eléctrico y campo magnético.
b) Si una partícula cargada penetra en un campo eléctrico con una cierta velocidad, ¿actúa siempre una fuerza sobre ella? ¿Y si se tratara de un campo magnético?",enunciados_PNG/2016 - Campo eléctrico y magnético_png/2016_septiembre_1_a.png,,física
física_2016_Septiembre_3_B,2016,Septiembre,3,B,"Dos cargas puntuales iguales, de  3 C cada una, están situadas en los puntos A (2,5) m y B (8,2) m.
a) Represente en un esquema las fuerzas que se ejercen entre las cargas y calcule la intensidad de campo eléctrico en el punto P (2,0) m.
b) Determine el trabajo necesario para trasladar una carga de 1 μC desde el punto P (2,0) m hasta el punto O (0,0). Comente el resultado obtenido. K 9109 Nm2C2",enunciados_PNG/2016 - Campo eléctrico y magnético_png/2016_septiembre_3_b.png,,física
física_2017_Junio_2_A,2017,Junio,2,A,"a) Un haz de electrones atraviesa una región del espacio siguiendo una trayectoria rectilínea. En dicha región hay aplicado un campo electrostático uniforme. ¿Es posible deducir algo acerca de la orientación del campo? Repita el razonamiento para un campo magnético uniforme.
b) Una bobina, de 10 espiras circulares de 15 cm de radio, está situada en una región en la que existe un campo magnético uniforme cuya intensidad varía con el tiempo según:   B2cos  2t  T y cuya dirección forma un ángulo de 30o con el eje de la bobina. La  4 resistencia de la bobina es 0,2 Ω. Calcule el flujo del campo magnético a través de la bobina en función del tiempo y la intensidad de corriente que circula por ella en el instante t  3 s.",enunciados_PNG/2017 - Campo eléctrico y magnético_png/2017_junio_2_a.png,,física
física_2017_Junio_2_B,2017,Junio,2,B,"a) Discuta la veracidad de las siguientes afirmaciones: i) “Al analizar el movimiento de una partícula cargada positivamente en un campo eléctrico observamos que se desplaza espontáneamente hacia puntos de potencial mayor”; ii) “Dos esferas de igual carga se repelen con una fuerza F. Si duplicamos el valor de la carga de cada una de las esferas y también duplicamos la distancia entre ellas, el valor F de la fuerza no varía”.
b) Se coloca una carga puntual de 4109 C en el origen de coordenadas y otra carga puntual de  3109 C en el punto (0,1) m. Calcule el trabajo que hay que realizar para trasladar una carga de 2109 C desde el punto (1,2) m hasta el punto (2,2) m. K 9109 Nm2C2",enunciados_PNG/2017 - Campo eléctrico y magnético_png/2017_junio_2_b.png,,física
física_2017_Reserva 1_2_A,2017,Reserva 1,2,A,"a) Por un hilo recto muy largo, colocado sobre el eje Y, circula una corriente en el sentido positivo de dicho eje. Una pequeña espira circular contenida en el plano XY se mueve con velocidad constante. Describa razonadamente cuál es la corriente inducida en la espira si: i) la velocidad de la espira está orientada según el sentido negativo del eje Y; ii) la velocidad está dirigida en el sentido positivo del eje X.
b) A una espira circular de 4 cm de radio, que descansa en el plano XY, se le aplica un campo magnético B 0'02t3 k T, donde t es el tiempo en segundos. Represente gráficamente la fuerza electromotriz inducida en el intervalo comprendido entre t  0 s y t  4 s.",enunciados_PNG/2017 - Campo eléctrico y magnético_png/2017_reserva_1_2_a.png,,física
física_2017_Reserva 1_2_B,2017,Reserva 1,2,B,"a) Para dos puntos A y B de una región del espacio, en la que existe un campo eléctrico uniforme, se cumple que V  V . Si dejamos libre una carga negativa en el punto medio del A B segmento que une A con B, ¿a cuál de los dos puntos se acerca la carga? Razone la respuesta.
b) Una carga de 2'5108 C se coloca en una región donde hay un campo eléctrico de intensidad 5'0104 NC1, dirigido en el sentido positivo del eje Y. Calcule el trabajo que la fuerza eléctrica efectúa sobre la carga cuando ésta se desplaza 0,5 m en una dirección que forma un ángulo de 30o con el eje X.",enunciados_PNG/2017 - Campo eléctrico y magnético_png/2017_reserva_1_2_b.png,,física
física_2017_Reserva 2_2_A,2017,Reserva 2,2,A,"a) ¿En qué casos un campo magnético no ejerce fuerza sobre una partícula cargada? ¿Y sobre un conductor rectilíneo indefinido por el que circula una corriente eléctrica? Razone las respuestas.
b) Un protón penetra en un campo eléctrico uniforme E , de 200 NC1, con una velocidad v , de 106 ms1, perpendicular al campo. Calcule el campo magnético, B, que habría que aplicar, superpuesto al eléctrico, para que la trayectoria del protón fuera rectilínea. Ayúdese de un esquema.",enunciados_PNG/2017 - Campo eléctrico y magnético_png/2017_reserva_2_2_a.png,,física
física_2017_Reserva 2_2_B,2017,Reserva 2,2,B,"a) En la figura se muestra en color gris una región del espacio en la que hay un campo electrostático uniforme E. Un electrón, un protón y un neutrón penetran en la región del campo con velocidad constante v v i desde la izquierda. Explique razonadamente cómo es el 0 movimiento de cada partícula si se desprecian los efectos de la gravedad.
b) En el átomo de hidrógeno, el electrón se encuentra sometido al campo eléctrico creado por el protón. Calcule el trabajo realizado por el campo eléctrico para llevar el electrón desde un punto P , situado a 5'31011 m del núcleo, hasta otro punto P , situado a 4'761010 m 1 2 4,76·10–10 m del núcleo. Comente el signo del trabajo. K 9109 Nm2C2 ;e1'61019 C",enunciados_PNG/2017 - Campo eléctrico y magnético_png/2017_reserva_2_2_b.png,,física
física_2017_Reserva 3_2_A,2017,Reserva 3,2,A,"a) Una espira conductora circular fija, con centro en el origen de coordenadas está contenida en el plano XY. Un imán se mueve a lo largo del eje Z. Explique razonadamente cuál es el sentido de circulación de la corriente inducida en la espira en los casos i) e ii) mostrados en las figuras.
b) El eje de una bobina de 100 espiras circulares de 5 cm de radio es paralelo a un campo magnético de intensidad B0'50'2t 2 T. Si la resistencia de la bobina es 0,5 Ω, ¿cuál es la intensidad que circula por ella en el instante t 10 s?",enunciados_PNG/2017 - Campo eléctrico y magnético_png/2017_reserva_3_2_a.png,,física
física_2017_Reserva 3_2_B,2017,Reserva 3,2,B,"a) En una región del espacio existe un campo eléctrico uniforme. Si una carga negativa se mueve en la dirección y sentido del campo, ¿aumenta o disminuye su energía potencial? ¿Y si la carga fuera positiva? Razone las respuestas.
b) Una carga de 3106 C se encuentra en el origen de coordenadas y otra carga de 3106 C está situada en el punto (1,1) m. Calcule el trabajo para desplazar una carga de 5106 C desde el punto A (1,0) m hasta el punto B (2,0) m, e interprete el resultado. K 9109 Nm2C2",enunciados_PNG/2017 - Campo eléctrico y magnético_png/2017_reserva_3_2_b.png,,física
física_2017_Reserva 4_2_A,2017,Reserva 4,2,A,"a) Una carga q negativa entra, con velocidad v, en una zona donde existe un campo eléctrico, E, de dirección perpendicular a esa velocidad. Cuál debe ser la intensidad, dirección y sentido del campo magnético B que habría que aplicar, superpuesto a E, para que la carga siguiera una trayectoria rectilínea.
b) Un campo magnético, de intensidad B 2sen(100t) (SI), forma un ángulo de 45o con el plano de una espira circular de radio R 12 cm. Calcule la fuerza electromotriz inducida en la espira en el instante t  2 s.",enunciados_PNG/2017 - Campo eléctrico y magnético_png/2017_reserva_4_2_a.png,,física
física_2017_Reserva 4_2_B,2017,Reserva 4,2,B,"a) Dos conductores rectilíneos e indefinidos paralelos, separados una distancia d, están recorridos por corrientes de intensidad I. Analice las características de las fuerzas que se ejercen entre sí los conductores en el caso en que los sentidos de las corrientes coincidan y en el caso en que sean opuestos.
b) Dos conductores rectilíneos, paralelos y verticales, distan entre sí 20 cm. Por el primero de ellos circula una corriente de 10 A hacia arriba. Calcule la corriente que debe circular por el segundo conductor, colocado a la derecha del primero, para que el campo magnético total creado por ambas corrientes en un punto situado a 5 cm a la izquierda del segundo conductor se anule.  4107 NA2 0",enunciados_PNG/2017 - Campo eléctrico y magnético_png/2017_reserva_4_2_b.png,,física
física_2017_Septiembre_2_A,2017,Septiembre,2,A,"a) Un electrón, un protón y un átomo de hidrógeno penetran en una zona del espacio en la que existe un campo magnético uniforme perpendicular a la velocidad de las partículas. Dibuje la trayectoria que seguiría cada una de las partículas y compare las aceleraciones de las tres.
b) Dos pequeñas esferas cargadas están separadas una distancia de 5 cm. La carga de una de las esferas es cuatro veces la de la otra y entre ambas existe una fuerza de atracción de 0,15 N. Calcule la carga de cada esfera y el módulo del campo eléctrico en el punto medio del segmento que las une. K 9109 Nm2C2",enunciados_PNG/2017 - Campo eléctrico y magnético_png/2017_septiembre_2_a.png,,física
física_2017_Septiembre_2_B,2017,Septiembre,2,B,"a) Explique cómo se define el campo eléctrico creado por una carga puntual y razone cuál es el valor del campo eléctrico en el punto medio entre dos cargas de valores q y 2q.
b) Determine la carga negativa de una partícula, cuya masa es 3,8 g, para que permanezca suspendida en un campo eléctrico de 4500 NC1. Haga una representación gráfica de las fuerzas que actúan sobre la partícula. g9'8 ms2",enunciados_PNG/2017 - Campo eléctrico y magnético_png/2017_septiembre_2_b.png,,física
física_2018_Junio_2_A,2018,Junio,2,A,"a) Una partícula cargada positivamente se mueve en la misma dirección y sentido de un campo eléctrico uniforme. Responda razonadamente a las siguientes cuestiones: (i) ¿Se detendrá la partícula?. (II) ¿Se desplazará la partícula hacia donde aumenta su energía potencial?.
b) Dos cargas puntuales q 5106 C y q  5106 C están situadas en los puntos A (0,0) 1 2 m y B (2,0) m respectivamente. Calcule el valor del campo eléctrico en el punto C (2,1) m. K 9109 Nm2C2",enunciados_PNG/2018 - Campo eléctrico y magnético_png/2018_junio_2_a.png,,física
física_2018_Junio_2_B,2018,Junio,2,B,"a) Un electrón se mueve con un movimiento rectilíneo uniforme por una región del espacio en la que existen un campo eléctrico y un campo magnético. Justifique cual deberá ser la dirección y sentido de ambos campos y deduzca la relación entre sus módulos. ¿Qué cambiaría si la partícula fuese un protón?
b) Un conductor rectilíneo transporta una corriente de 10 A en el sentido positivo del eje Z. Un protón situado a 50 cm del conductor se dirige perpendicularmente hacia el conductor con una velocidad de 2105 ms1. Realice una representación gráfica indicando todas las magnitudes vectoriales implicadas y determine el módulo, dirección y sentido de la fuerza que actúa sobre el protón.  4107 TmA1 ;e1'61019 C 0",enunciados_PNG/2018 - Campo eléctrico y magnético_png/2018_junio_2_b.png,,física
física_2018_Reserva 1_2_A,2018,Reserva 1,2,A,"a) Explique las características de la fuerza magnética entre dos corrientes paralelas, rectilíneas e infinitas.
b) Suponga dos hilos metálicos largos, rectilíneos y paralelos, por los que circulan corrientes en el mismo sentido con intensidades I 1 A e I  2 A. Si entre dichos hilos hay una separación 1 2 de 20 cm, calcule el vector campo magnético a 5 cm a la izquierda del primer hilo metálico.  4107 NmA1 0",enunciados_PNG/2018 - Campo eléctrico y magnético_png/2018_reserva_1_2_a.png,,física
física_2018_Reserva 1_2_B,2018,Reserva 1,2,B,"a) Considere dos cargas eléctricas q y q situadas en dos puntos A y B. Razone cuál sería el potencial electrostático en el punto medio del segmento que une los puntos A y B. ¿Puede deducirse de dicho valor que el campo eléctrico es nulo en dicho punto? Justifique su respuesta.
b) Dos cargas positivas q y q se encuentran situadas en los puntos (0,0) m y (3,0) m 1 2 respectivamente. Sabiendo que el campo eléctrico es nulo en el punto (1,0) m y que el potencial electrostático en el punto intermedio entre ambas vale 9104 V, determine los valores de dichas cargas. K 9109 Nm2C2",enunciados_PNG/2018 - Campo eléctrico y magnético_png/2018_reserva_1_2_b.png,,física
física_2018_Reserva 2_2_A,2018,Reserva 2,2,A,"a) Una espira circular gira en torno a uno de sus diámetros en un campo magnético uniforme. Razone, haciendo uso de las representaciones gráficas y las expresiones que precise, si se induce fuerza electromotriz en la espira en los dos siguientes casos: (i) El campo magnético es paralelo al eje de rotación; (ii) el campo magnético es perpendicular al eje de rotación.
b) Una bobina circular de 20 espiras y radio 5 cm se coloca en el seno de un campo magnético dirigido perpendicularmente al plano de la bobina. El módulo del campo magnético varía con el tiempo de acuerdo con la expresión B0'02t0'8t2 (SI). Determine: (i) El flujo magnético que atraviesa la bobina en función del tiempo; (ii) la fem inducida en la bobina en el instante t  5 s.",enunciados_PNG/2018 - Campo eléctrico y magnético_png/2018_reserva_2_2_a.png,,física
física_2018_Reserva 2_2_B,2018,Reserva 2,2,B,"a) Explique qué son las líneas de campo eléctrico y las superficies equipotenciales. Razone si es posible que se puedan cortar dos líneas de campo. Dibuje las líneas de campo y las superficies equipotenciales correspondientes a una carga puntual positiva.
b) Una carga q 8109 C está fija en el origen de coordenadas, mientras que otra carga, 1 q  109 C, se halla, también fija, en el punto (3,0) m. Determine: (i) El campo eléctrico, 2 debido a ambas cargas, en el punto A (4,0) m; (ii) el trabajo realizado por el campo para desplazar una carga puntual q 2109 C desde A (4,0) m hasta el punto B (0,4) m. ¿Qué significado físico tiene el signo del trabajo? K 9109 Nm2C2",enunciados_PNG/2018 - Campo eléctrico y magnético_png/2018_reserva_2_2_b.png,,física
física_2018_Reserva 3_2_A,2018,Reserva 3,2,A,"a) Una espira circular por la que circula una cierta intensidad de corriente se encuentra en reposo en el plano XY. Otra espira circular situada en el mismo plano XY se acerca con velocidad constante. Justifique si se inducirá una corriente eléctrica en la espira en movimiento y, en caso afirmativo, explique cuál será la dirección y sentido de la misma. Repita los razonamientos para el caso en que la espira en movimiento se aleje de la espira en reposo.
b) Una espira circular de 5 cm de radio se encuentra situada en el plano XY. En esa región del espacio existe un campo magnético dirigido en la dirección positiva del eje Z. Si en el instante inicial el valor del campo es de 5 T y a los 15 s se ha reducido linealmente a 1 T, calcule: (i) El cambio de flujo magnético producido en la espira en ese tiempo; (ii) la fuerza electromotriz inducida; (iii) la intensidad de corriente que circula por ella si la espira tiene una resistencia de 0,5 Ω.",enunciados_PNG/2018 - Campo eléctrico y magnético_png/2018_reserva_3_2_a.png,,física
física_2018_Reserva 3_2_B,2018,Reserva 3,2,B,"a) Considere un campo eléctrico en una región del espacio. El potencial electrostático en dos puntos A y B (que se encuentran en la misma línea de campo) es V y V , cumpliéndose que A B V  V . Se deja libre una carga Q en el punto medio del segmento AB. Razone cómo es el A B movimiento de la carga en función de su signo.
b) Una esfera metálica de 24 g de masa colgada de un hilo muy fino de masa despreciable, se encuentra en una región del espacio donde existe un campo eléctrico uniforme y horizontal. Al cargar la esfera con 6103 C, sufre una fuerza debida al campo eléctrico que hace que el hilo forme un ángulo de 30o con la vertical. (i) Represente gráficamente esta situación y haga un diagrama que muestre todas las fuerzas que actúan sobre la esfera; (ii) calcule el valor del campo eléctrico y la tensión del hilo. g9'8 ms2",enunciados_PNG/2018 - Campo eléctrico y magnético_png/2018_reserva_3_2_b.png,,física
física_2018_Reserva 4_2_A,2018,Reserva 4,2,A,"a) Un protón y un electrón penetran con la misma velocidad perpendicularmente a un campo magnético. ¿Cuál de los dos experimentará una mayor aceleración? ¿Qué partícula tendrá un radio de giro mayor?
b) Un protón que parte del reposo se acelera mediante una diferencia de potencial de 5 kV. Seguidamente entra en una región del espacio en la que existe un campo magnético uniforme perpendicular a su velocidad. Si el radio de giro descrito por el protón es de 0,05 m, ¿qué valor tendrá el módulo del campo magnético? Calcule el periodo del movimiento. e1'61019 C ; m 1'71027 kg p",enunciados_PNG/2018 - Campo eléctrico y magnético_png/2018_reserva_4_2_a.png,,física
física_2018_Reserva 4_2_B,2018,Reserva 4,2,B,"a) Una espira circular se encuentra en reposo en una región del espacio. Indique, razonadamente y con ayuda de un esquema, cuál será el sentido de la corriente inducida cuando: (i) El polo norte de un imán se acerca perpendicularmente a la espira por el polo norte; (ii) el imán está en reposo y orientado perpendicularmente a la superficie de la espira a 10 cm de su centro.
b) Una espira circular de 10 cm de radio, inicialmente contenida en un plano horizontal, gira a 40 rads1 en torno a uno de sus diámetros en el seno de un campo magnético uniforme vertical de 0,4 T. Calcule el valor máximo de la fuerza electromotriz inducida en la espira.",enunciados_PNG/2018 - Campo eléctrico y magnético_png/2018_reserva_4_2_b.png,,física
física_2018_Septiembre_2_A,2018,Septiembre,2,A,"a) Razone si cuando se sitúa una espira circular de radio fijo, en reposo, en el seno de un campo magnético variable con el tiempo siempre se induce una fuerza electromotriz.
b) El flujo de un campo magnético que atraviesa cada espira de una bobina de 50 vueltas viene dado por la expresión: (t) 2102 25103t2 (SI). Deduzca la expresión de la fuerza electromotriz inducida en la bobina y calcule su valor para t 10 s, así como la intensidad de corriente inducida en la bobina, si ésta tiene una resistencia de 5 W.",enunciados_PNG/2018 - Campo eléctrico y magnético_png/2018_septiembre_2_a.png,,física
física_2018_Septiembre_2_B,2018,Septiembre,2,B,"a) Un protón y una partícula alfa se mueven en el seno de un campo magnético uniforme describiendo trayectorias circulares idénticas. ¿Qué relación existe entre sus velocidades, sabiendo que m 4m y q  2q ?  p  p
b) Un electrón se mueve con una velocidad de 2103 ms1 en el seno de un campo magnético uniforme de módulo B0'25 T. Calcule la fuerza que ejerce dicho campo sobre el electrón cuando las direcciones del campo y de la velocidad del electrón son paralelas, y cuando son perpendiculares. Determine la aceleración que experimenta el electrón en ambos casos. e1'61019 C ; m 9'11031 kg e",enunciados_PNG/2018 - Campo eléctrico y magnético_png/2018_septiembre_2_b.png,,física
física_2019_Junio_2_A,2019,Junio,2,A,"a) Razone qué sentido tendrá la corriente inducida en una espira cuando: i) Acercamos perpendicularmente al plano de la espira el polo norte de un imán. Haga un esquema explicativo. ii) El plano de la espira se aleja del polo norte de un imán. Haga un esquema explicativo.
b) Una espira rectangular como la de la figura posee uno de sus lados móvil que se mueve dentro de un campo magnético uniforme de 0’8 T con una velocidad constante de 0'12ms1. Calcule: i) la f.e.m. inducida en la espira en función del tiempo. ii) La intensidad y el sentido de la corriente que recorre la espira si su resistencia es de 0’2 .",enunciados_PNG/2019 - Campo eléctrico y magnético_png/2019_junio_2_a.png,,física
física_2019_Junio_2_B,2019,Junio,2,B,"a) Justifique la veracidad o falsedad de las siguientes afirmaciones: (i) Si las intensidades de corriente que circulan por dos conductores rectilíneos, indefinidos, paralelos y separados por una distancia, d, se duplican también se duplicará la fuerza por unidad de longitud que actúa sobre cada conductor. (ii) Si lo que se duplicase fuese la distancia, entonces, la fuerza por unidad de longitud que actúa sobre cada conductor se reduciría a la mitad.
b) Por un hilo conductor situado paralelo al ecuador terrestre pasa una corriente eléctrica que lo mantiene suspendido en esa posición debido al magnetismo de la Tierra. Sabiendo que el campo magnético es paralelo a la superficie y vale 5105 T y que el hilo tiene una densidad longitudinal de masa de 4103 g/m, calcule la intensidad de corriente que debe circular por el conductor ayudándose del esquema correspondiente. g9'8 ms2",enunciados_PNG/2019 - Campo eléctrico y magnético_png/2019_junio_2_b.png,,física
física_2019_Reserva 1_2_A,2019,Reserva 1,2,A,"a) Una espira cuadrada, situada en el plano vertical, se mueve horizontalmente atravesando una región en donde hay un campo magnético uniforme perpendicular a la misma. Razone, ayudándose de esquemas, si se induce corriente eléctrica en la espira y el sentido de circulación de la misma cuando: i) La espira está entrando en el campo. ii) la espira se desplaza en el seno del campo. iii) La espira está saliendo del campo.
b) Una espira circular de 0,05 m de radio está en un plano horizontal entre un dispositivo de imanes que crea un campo magnético vertical hacia arriba de 0,8 T. Si durante 5103 s se gira a velocidad constante el sistema de imanes, haciendo rotar 60o el campo magnético, calcule: i) El flujo inicial y final que atraviesa la espira. ii) La fuerza electromotriz inducida en la misma. iii) La intensidad de corriente inducida si la resistencia del conductor de la espira es de 8 Ω.",enunciados_PNG/2019 - Campo eléctrico y magnético_png/2019_reserva_1_2_a.png,,física
física_2019_Reserva 1_2_B,2019,Reserva 1,2,B,"a) Responda razonadamente a las siguientes preguntas ayudándose de un esquema en cada caso: (i) ¿Realiza trabajo la fuerza magnética sobre una partícula cargada en movimiento? (ii) En una región del espacio existen un campo eléctrico y otro magnético, ambos uniformes y perpendiculares entre sí. ¿Bajo qué condición no varía la trayectoria de una partícula cargada que penetra en dicha región con una velocidad perpendicular a ambos campos?
b) Un protón penetra en el seno de un campo magnético uniforme con una velocidad perpendicular al campo. El protón describe una trayectoria circular con un periodo de 2108 s y 0,03 m de radio. (i) Dibuje el esquema correspondiente y calcule el valor de su velocidad y del campo magnético. (ii) Si introdujéramos en el campo un electrón con la misma velocidad, dibuje su trayectoria y determine el valor de su radio. e1'61019 C;m 9'11031 kg ;m 1'71027 kg e p",enunciados_PNG/2019 - Campo eléctrico y magnético_png/2019_reserva_1_2_b.png,,física
física_2019_Reserva 2_2_A,2019,Reserva 2,2,A,"a) (i) Escriba la expresión matemática de la fuerza magnética sobre una carga puntual, indicando el significado de las magnitudes que aparecen en la ecuación. (ii) Discuta, razonando sus respuestas, bajo qué condiciones el módulo de la fuerza magnética es máximo y cuándo se anula.
b) Dos conductores rectilíneos, paralelos y muy largos separados 0,2 m transportan corrientes de 10 y 4 A, respectivamente, en sentidos opuestos. (i) Dibuje en un esquema el campo magnético producido por cada uno de los conductores en un punto del plano definido por ellos y situado a 0,1 m a la derecha del segundo y calcule la intensidad del campo total. (ii) Determine la fuerza por unidad de longitud sobre uno de los conductores, indicando si es atractiva o repulsiva.  4107 NA2 0",enunciados_PNG/2019 - Campo eléctrico y magnético_png/2019_reserva_2_2_a.png,,física
física_2019_Reserva 2_2_B,2019,Reserva 2,2,B,"a) Una carga eléctrica puntual con valor Q se encuentra en el vacío. i) Escriba la expresión matemática del potencial eléctrico en un punto genérico situado a una distancia r de la carga e indique el significado de cada una de las magnitudes que aparecen en la expresión. ii) Si el potencial aumenta al alejarnos de la carga, indique razonadamente el signo de la misma.
b) Considere una carga puntal de 5106 C localizada en el vacío. Determine: i) El potencial eléctrico creado por la carga puntual a una distancia de 0,5 m. ii) El trabajo necesario para transportar una carga puntual de 2106 C desde el infinito hasta una distancia de 0,5 m de la carga original, indicando razonadamente el significado del signo del trabajo obtenido. K 9109 Nm2C2",enunciados_PNG/2019 - Campo eléctrico y magnético_png/2019_reserva_2_2_b.png,,física
física_2019_Reserva 3_2_A,2019,Reserva 3,2,A,"a) Una espira circular de radio R se mueve con una velocidad constante v hacia la derecha, atravesando una región en la que existe un campo magnético uniforme B, como se indica en la figura. (i) Explique razonadamente en qué sentido circulará la corriente inducida en la espira desde que comienza a entrar en la región del campo hasta que sale enteramente del mismo. (ii) Analice cualitativamente cómo varía la fuerza electromotriz inducida mientras está entrando en el campo si la espira se desplaza a una velocidad mayor.
b) Una bobina de 80 espiras de radio 0,06 m se coloca en un campo magnético de manera que el flujo que la atraviesa sea máximo. Si el campo varía de acuerdo con la función B0'50'02t (T), determine: (i) El flujo que atraviesa cada espira de la bobina en t 10 s (ii) La fuerza electromotriz inducida en la bobina.",enunciados_PNG/2019 - Campo eléctrico y magnético_png/2019_reserva_3_2_a.png,,física
física_2019_Reserva 3_2_B,2019,Reserva 3,2,B,"a) Justifique la veracidad o falsedad de las siguientes afirmaciones: (i) Cuando se aproximan dos cargas eléctricas del mismo signo la energía potencial electrostática aumenta. (ii) En un punto del espacio donde el campo eléctrico es nulo también lo es el potencial eléctrico.
b) Una partícula con carga 2106 C y masa 104 Kg se encuentra en reposo en el origen de coordenadas. Se aplica un campo eléctrico uniforme de 600 NC1 en sentido positivo del eje OX. Realice un esquema de la situación. La carga se desplaza 2 m hacia un punto P. Determine: (i) La diferencia de potencial entre el origen de coordenadas y el punto P. (ii) La velocidad de la partícula en el punto P. Considere despreciable la fuerza gravitatoria.",enunciados_PNG/2019 - Campo eléctrico y magnético_png/2019_reserva_3_2_b.png,,física
física_2019_Reserva 4_2_A,2019,Reserva 4,2,A,"a) Un electrón atraviesa en línea recta una región en la que coexisten un campo eléctrico y un campo magnético uniformes. Discuta la relación, ayudándose de esquemas, entre los vectores v, B y E, si: (i) El electrón mantiene fija su velocidad. (ii) El electrón sigue un movimiento rectilíneo uniformemente acelerado.
b) Por el hilo A circula la corriente I 10A. (i) Determine, razonadamente, el valor y sentido A de la intensidad I , si el campo magnético total es cero en el punto P, situado a 0,25 m a la B derecha del hilo A. (ii) Calcule la fuerza magnética que ejercen los dos hilos conductores sobre un electrón que se moviera en el mismo plano XY, con una velocidad de 5103 ms1 verticalmente hacia arriba, 0,05 m a la derecha del hilo B.  4107 TmA1 ; e1'61019 C 0",enunciados_PNG/2019 - Campo eléctrico y magnético_png/2019_reserva_4_2_a.png,,física
física_2019_Reserva 4_2_B,2019,Reserva 4,2,B,"a) Un hilo conductor rectilíneo se encuentra junto a una espira tal como se indica en la figura. Se hace pasar una corriente continua eléctrica hacia arriba por el hilo. Justifique si se inducirá corriente en la espira en los casos siguientes: (i) La espira se encuentra en reposo. (ii) La espira se mueve hacia arriba paralelamente al hilo. (iii) La espira se mueve hacia la derecha.
b) Una bobina circular de 150 espiras y 0,12 m de diámetro gira en el seno de un campo magnético uniforme de 0,4 T inicialmente perpendicular al plano de la espira con una velocidad de  rads1. (i) Calcule el flujo magnético que atraviesa la bobina en función del tiempo. (ii) Determine el valor máximo de la fuerza electromotriz inducida.",enunciados_PNG/2019 - Campo eléctrico y magnético_png/2019_reserva_4_2_b.png,,física
física_2019_Septiembre_2_A,2019,Septiembre,2,A,"a) Se coloca una espira circular dentro de un campo magnético uniforme B perpendicular al 0 plano de la espira y dirigido hacia adentro tal como se muestra en la figura. Explique razonadamente en qué sentido circulará la corriente inducida en la espira en los siguientes casos: i) Si se aumenta progresivamente el radio de la espira permaneciendo constante el valor del campo. ii) Si se mantiene el valor del radio de la espira, pero se aumenta progresivamente el valor del campo.
b) En el seno de un campo magnético de 0’4 T se encuentra una bobina circular, de 100 espiras de 0’2 m de radio situada en un plano perpendicular al campo magnético. Determine la fuerza electromotriz inducida en la bobina en los casos siguientes referidos a un intervalo de tiempo igual a 2 s: i) Se duplica el campo magnético. ii) Se gira la bobina 90o en torno al eje paralelo al campo magnético.",enunciados_PNG/2019 - Campo eléctrico y magnético_png/2019_septiembre_2_a.png,,física
física_2019_Septiembre_2_B,2019,Septiembre,2,B,"a) Una carga eléctrica negativa se desplaza en un campo eléctrico uniforme desde un punto A hasta un punto B por la acción de la fuerza de dicho campo. Dibuje en un esquema la situación y responda razonadamente a las siguientes cuestiones: i) ¿Cómo variará su energía potencial. ii) ¿En qué punto será mayor el potencial eléctrico?.
b) Una partícula de carga Q, situada en el origen de coordenadas, O(0,0) m, crea en un punto A situado en el eje OX, un potencial V  120V y un campo eléctrico E  80i NC1. A A Dibuje un esquema del problema y calcule: i) El valor de la carga Q y la posición del punto A. ii) El trabajo necesario para llevar un electrón desde el punto A hasta un punto B de coordenadas (2,2) m. K 9109 Nm2C2 ;e1'61019 C",enunciados_PNG/2019 - Campo eléctrico y magnético_png/2019_septiembre_2_b.png,,física
física_2020_Junio_2,2020,Junio,2,,"a) Un solenoide de N espiras se encuentra inmerso en un campo magnético variable con el tiempo. El eje del solenoide forma un ángulo de 45o con el campo. Razone, apoyándose de un esquema, qué ocurriría con la fuerza electromotriz inducida si: i) el número de espiras fuera el doble. ii) El ángulo entre el eje y el campo fuera el doble del inicial.
b) Una espira cuadrada penetra en un campo magnético uniforme de 2 T, perpendicular al plano de la espira. Mientras entra, la superficie de la espira afectada por el campo magnético aumenta según la expresión S(t)0'25 tm2. i) Realice un esquema que muestre el sentido de la corriente inducida en la espira y los campos magnéticos implicados (externo e inducido). ii) Calcule razonadamente la fuerza electromotriz inducida en la espira.",enunciados_PNG/2020 - Campo eléctrico y magnético_png/2020_junio_2.png,,física
física_2020_Junio_6,2020,Junio,6,,"a) Un electrón se mueve por una región del espacio donde existen campos eléctrico y magnético uniformes, de forma que la fuerza neta que actúa sobre el electrón es nula. i) Discuta razonadamente, con la ayuda de un esquema, cómo deben ser las direcciones y sentidos de los campos. ii) Determine la expresión del módulo de la velocidad de la partícula para que esto ocurra.
b) Tenemos dos conductores rectilíneos verticales y muy largos, dispuestos paralelamente y separados 3’5 m. Por el primero circula una intensidad de 3 A hacia arriba. i) Calcule razonadamente el valor y el sentido de la corriente que debe circular por el segundo conductor para que el campo magnético en un punto situado entre los dos conductores y a 1’5 m del primero sea nulo. ii) Realice un esquema representando las magnitudes implicadas.  4107 TmA1 0",enunciados_PNG/2020 - Campo eléctrico y magnético_png/2020_junio_6.png,,física
física_2020_Reserva 1_2,2020,Reserva 1,2,,"a) Razone la veracidad o falsedad de las siguientes afirmaciones: i) En una espira se inducirá una corriente eléctrica siempre que exista un flujo magnético que la atraviese. ii) En una espira que se encuentra dentro de un campo magnético variable con el tiempo es posible que no se genere una corriente inducida.
b) Una espira circular de 0’03 m de radio, dentro de un campo magnético constante y uniforme de 2 T, gira con una velocidad angular de  rads1 respecto a un eje que pasa por uno de sus diámetros. Inicialmente el campo magnético es perpendicular al plano de la espira. Calcule razonadamente: i) La fuerza electromotriz inducida para t 0'5 s. ii) La resistencia eléctrica de la espira, sabiendo que por ella circula, para t 0'5 s, una intensidad de corriente de 3103 A.",enunciados_PNG/2020 - Campo eléctrico y magnético_png/2020_reserva_1_2.png,,física
física_2020_Reserva 1_6,2020,Reserva 1,6,,"a) Una carga positiva se mueve en el seno de una campo magnético uniforma. Responda razonadamente a las siguientes cuestiones: i) ¿Qué ángulo entre la velocidad de la carga y el campo magnético hace que el módulo de la fuerza magnética sea máximo?. ii) ¿Cómo cambia la fuerza magnética si tanto el sentido de la velocidad como el valor de la carga son opuestos al caso anterior?.
b) Un protón atraviesa, sin desviarse, una región donde hay un campo magnético uniforme de 0’2 T, perpendicular a un campo eléctrico uniforme de 3105 Vm1: i) Realice un esquema de la situación con las fuerzas involucradas. ii) Calcule la velocidad de la partícula. iii) Calcule el radio de la trayectoria seguida por el protón si se anulase el campo eléctrico. e1'61019 C ; m 1'71027 kg p",enunciados_PNG/2020 - Campo eléctrico y magnético_png/2020_reserva_1_6.png,,física
física_2020_Reserva 2_2,2020,Reserva 2,2,,"a) Un conductor rectilíneo de longitud L, por el que circula una corriente eléctrica I, se encuentra inmerso en un campo magnético uniforme B. Justifique razonadamente, apoyándose en un esquema: i) Si es posible que el campo no ejerza fuerza alguna sobre él. ii) La orientación del conductor respecto del campo para que el módulo de la fuerza magnética sea máximo.
b) Un electrón se mueve a 105 ms1 en el sentido positivo del eje OX, y penetra en una región donde existe un campo magnético uniforme de 1 T, dirigido en el sentido negativo del eje OZ. Determine, razonadamente, con la ayuda de un esquema: i) La fuerza magnética que actúa sobre el electrón. ii) El campo eléctrico que hay que aplicar para que el electrón continúe con trayectoria rectilínea. e1'61019 C",enunciados_PNG/2020 - Campo eléctrico y magnético_png/2020_reserva_2_2.png,,física
física_2020_Reserva 2_6,2020,Reserva 2,6,,"a) Responda razonadamente a las siguientes cuestiones: i) ¿Puede ser negativo el trabajo realizado por una fuerza eléctrica?. ii) ¿Puede ser negativa la energía potencial eléctrica?.
b) Dos cargas puntuales de 106 C y 106 C se encuentran situadas en las posiciones (0, 4) m y (0,4) m, respectivamente. i) Calcule el potencial en las posiciones (8,0) m y (0,6) m. ii) Determine el trabajo realizado por el campo al trasladar una carga de 5103 C desde el punto (8,0) m y (0,6) m e interprete el signo del trabajo. K 9109 Nm2C2",enunciados_PNG/2020 - Campo eléctrico y magnético_png/2020_reserva_2_6.png,,física
física_2020_Reserva 3_2,2020,Reserva 3,2,,"a) Un imán se encuentra sobre una mesa, con su polo sur orientado hacia arriba. Se deja caer sobre el imán una espira circular, dispuesta horizontalmente. Justifique el sentido de la corriente inducida en la espira, y realice un esquema (visto desde arriba) que represente la corriente inducida y los campos magnéticos implicados durante la caída (el del imán y el inducido en la espira).
b) Una bobina formada por 1000 espiras circulares de 0’025 m de radio se encuentra dentro de un campo magnético variable con el tiempo de módulo B(t)10'5t0'2t2(T). La dirección del campo forma un ángulo de 30o con el plano de las espiras. Calcule: i) El flujo magnético para t  2s. ii) La fuerza electromotriz inducida para t  2s.",enunciados_PNG/2020 - Campo eléctrico y magnético_png/2020_reserva_3_2.png,,física
física_2020_Reserva 3_6,2020,Reserva 3,6,,"a) Dos cargas distintas Q y q, separadas una distancia d, producen un potencial eléctrico cero en un punto P situado en la línea que une ambas cargas. Discuta razonadamente la veracidad de las siguientes afirmaciones: i) Las cargas deben de tener el mismo signo. ii) El campo eléctrico debe ser nulo en P.
b) Considere dos cargas puntuales de 5106 C y 3106 C situadas en los puntos de coordenadas (0,0) m y (2,0) m, respectivamente. Determine apoyándose de un esquema, el punto donde el campo eléctrico resultante sea nulo. K 9109 Nm2C2",enunciados_PNG/2020 - Campo eléctrico y magnético_png/2020_reserva_3_6.png,,física
física_2020_Reserva 4_2,2020,Reserva 4,2,,"a) Un protón atraviesa una zona en la que únicamente existe un campo magnético uniforme perpendicular a su velocidad. Responda justificadamente las siguientes cuestiones: i) ¿Realiza trabajo la fuerza magnética sobre el protón?. ii) ¿Experimenta el protón aceleración durante el recorrido?.
b) El campo magnético creado por un conductor rectilíneo muy largo a una distancia de 0’04 m de él es de 3105 T. I) Calcule razonadamente la intensidad de corriente que circula por el hilo. ii) Si se coloca un segundo alambre paralelo a 0’04 m del primero, calcule razonadamente la intensidad y sentido de la corriente que tiene que circular por el segundo alambre para que entre ellos haya una fuerza magnética atractiva por unidad de longitud de 104 Nm1.  4107 NA2 0",enunciados_PNG/2020 - Campo eléctrico y magnético_png/2020_reserva_4_2.png,,física
física_2020_Reserva 4_6,2020,Reserva 4,6,,"a) Una partícula cargada se desplaza en la dirección y sentido de un campo eléctrico, de forma que su energía potencial aumenta. Deduzca de forma razonada, y apoyándose en un esquema, el signo que tiene la carga.
b) Un electrón dentro de un campo eléctrico uniforme, inicialmente en reposo, adquiere una aceleración de 1'251013 ms2. Obtener: i) La intensidad del campo eléctrico. ii) El incremento de energía cinética cuando ha recorrido 0’25 m. e1'61019 C ; m 9'11031 kg e",enunciados_PNG/2020 - Campo eléctrico y magnético_png/2020_reserva_4_6.png,,física
física_2020_Septiembre_2,2020,Septiembre,2,,"a) Se sitúa una espira circular junto a un hilo recto muy largo por el que circula una corriente I, tal como se muestra en la figura. Razone, ayudándose de un esquema, si se produce corriente inducida y justifique el sentido de la misma en los siguientes casos: i) La espira se mueve paralela al hilo. ii) La espira se mueve hacia la derecha, alejándose del hilo.
b) Una espira cuadrada de 4 cm de lado, situada inicialmente en el plano XY, está inmersa en un campo magnético uniforme de 3 T, dirigido en el sentido positivo del eje X. La espira gira con una velocidad angular de 100 rads1 en torno al eje Y. Calcule razonadamente, apoyándose en un esquema: i) El flujo magnético en función del tiempo. ii) La fuerza electromotriz inducida en función del tiempo.",enunciados_PNG/2020 - Campo eléctrico y magnético_png/2020_septiembre_2.png,,física
física_2020_Septiembre_6,2020,Septiembre,6,,"a) Una partícula con carga positiva se encuentra dentro de un campo eléctrico uniforme. I) ¿Aumenta o disminuye su energía potencial eléctrica al moverse en la dirección y sentido del campo?. ii) ¿Y si se moviera en una dirección perpendicular a dicho campo?. Razone las respuestas.
b) Una carga de 3109 C está situada en el origen de un sistema de coordenadas. Una segunda carga puntual de 4109 C se coloca en el punto (0,4) m. Ayudándose de un esquema, calcule el campo y el potencial eléctrico en el punto (3,0) m. K 9109 Nm2C2",enunciados_PNG/2020 - Campo eléctrico y magnético_png/2020_septiembre_6.png,,física
física_2021_Junio_B1,2021,Junio,B1,,"a) Una espira circular situada en el plano XY, y que se desplaza por ese plano en ausencia de campo magnético, entra en una región en la que existe un campo magnético constante y uniforme dirigido en el sentido negativo del eje OZ. i) Justifique, ayudándose de esquemas, si en algún momento durante dicho desplazamiento cambiará el flujo magnético en la espira. ii) Justifique, ayudándose de un esquema, si en algún momento se inducirá corriente en la espira y cuál será su sentido.
b) Una espira circular de 5 cm de radio gira alrededor de uno de sus diámetros con una velocidad angular de  rads1 en una región del espacio en la que existe un campo magnético uniforme de módulo igual a 10 T, perpendicular al eje de giro. Sabiendo que en el instante inicial el flujo es máximo: i) Calcule razonadamente, ayudándose de un esquema, la expresión del flujo magnético en función del tiempo. ii) Calcule razonadamente el valor de la fuerza electromotriz inducida en el instante t  50 s.",enunciados_PNG/2021 - Campo eléctrico y magnético_png/2021_junio_B1.png,,física
física_2021_Junio_B2,2021,Junio,B2,,"a) Un electrón se mueve en sentido positivo del eje OX en una región en la que existe un campo magnético dirigido en el sentido negativo del eje OZ. i) Indique, de forma justificada y con ayuda de un esquema, la dirección y el sentido en que debe actuar el campo eléctrico uniforme para que la partícula no se desvíe. ii) ¿Qué relación deben cumplir para ello los módulos de ambos campos?.
b) Un protón describe una trayectoria circular en sentido antihorario en el plano XY, con una velocidad de módulo igual a 3105 ms1, en una región en la que existe un campo magnético uniforme de 0’05 T. i) Justifique con ayuda de un esquema que incluya la trayectoria descrita por el protón, la dirección y sentido del campo magnético. ii) Calcule, de forma razonada, el periodo del movimiento y el radio de la trayectoria del protón. e1'61019 C ; m 1'71027 kg. p",enunciados_PNG/2021 - Campo eléctrico y magnético_png/2021_junio_B2.png,,física
física_2021_Reserva 1_B1,2021,Reserva 1,B1,,"a) Una espira circular gira con velocidad angular constante alrededor de uno de sus diámetros en una región del espacio en la que existe un campo magnético uniforme y constante perpendicular al eje de giro. i) Deduzca de forma razonada la expresión del flujo magnético que atraviesa la espira en función del tiempo. ii) Deduzca de forma razonada la expresión de la fuerza electromotriz inducida en la espira en función del tiempo.
b) Una espira cuadrada de 5 cm de lado se sitúa en un plano perpendicular a un campo magnético uniforme de módulo 20 T. Si se reduce de manera uniforme el valor del módulo del campo a 10 T en un intervalo de tiempo de 3 s, calcule de forma razonada: i) La expresión del flujo magnético que atraviesa la espira en función del tiempo. ii) La fuerza electromotriz inducida en ese periodo de tiempo.",enunciados_PNG/2021 - Campo eléctrico y magnético_png/2021_reserva_1_B1.png,,física
física_2021_Reserva 1_B2,2021,Reserva 1,B2,,"a) Se lanza un electrón perpendicularmente a las líneas de un campo electrostático uniforme. i) Razone cómo es la trayectoria seguida por el electrón dentro de ese campo y dibújela. ii) Razone cómo varían su energía cinética y su energía potencial durante su movimiento.
b) Dos partículas con cargas q 4106 C y q 2106 C se encuentran situadas en los 1 2 puntos (0,0) y (2,0) m, respectivamente, del plano XY. i) Calcule el campo eléctrico en el punto (2,2) m. ii) Calcule la fuerza a la que estaría sometida un tercera partícula con carga q 3108 C situada en el punto (2,2) m. 3 K 9109 Nm2C2",enunciados_PNG/2021 - Campo eléctrico y magnético_png/2021_reserva_1_B2.png,,física
física_2021_Reserva 2_B1,2021,Reserva 2,B1,,"a) Razone si son ciertas las siguientes afirmaciones: i) En una región del espacio donde hay un campo electrostático uniforme el potencial electrostático es constante. ii) Si se deja una partícula con carga negativa en reposo en un campo electrostático se moverá hacia la dirección donde el potencial disminuye.
b) Una partícula con carga q 4106 C se encuentra fija en el punto P (2,0) m del plano 1 1 XY. i) Calcule el trabajo que hay que hacer para traer otra partícula con carga q 4106 C 2 desde el infinito hasta el punto P (2,0) m, e interprete su signo. ii) Calcule el campo eléctrico 2 en el punto P (0,3) m considerando las partículas cargadas anteriores en sus respectivos 3 puntos. K 9109 Nm2C2",enunciados_PNG/2021 - Campo eléctrico y magnético_png/2021_reserva_2_B1.png,,física
física_2021_Reserva 2_B2,2021,Reserva 2,B2,,"a) Una espira cuadrada situada en el plano XY se acerca a un hilo recto muy largo situado sobre el eje OY por el que circula una corriente de intensidad constante en el sentido positivo de dicho eje. i) Razone, con ayuda de un esquema, si varía el flujo magnético en que atraviesa la espira. ii) Razone y represente en un esquema el sentido de la corriente inducida en la espira.
b) Una espira cuadrada de 5 cm de lado se encuentra en un plano perpendicular a un campo magnético variable con el tiempo de expresión B(t)6t2 1(S.I.). i) Calcule, ayudándose de un esquema, la expresión del flujo magnético a través de la espira en función del tiempo. ii) Calcule el valor de la fuerza electromotriz inducida en la espira en el instante t 10 s.",enunciados_PNG/2021 - Campo eléctrico y magnético_png/2021_reserva_2_B2.png,,física
física_2021_Reserva 3_B1,2021,Reserva 3,B1,,"a) Por un conductor rectilíneo muy largo circula una corriente eléctrica. Razone, con ayuda de una esquema, la dirección y el sentido de la fuerza que actúa sobre una partícula con carga positiva cuando se mueve: i) Paralelamente al conductor en el mismo sentido de la corriente. ii) Perpendicularmente al conductor, acercándose a él.
b) Un hilo conductor recto de longitud 0’2 m y masa 8103 kg está situado a lo largo del eje OX en presencia de un campo magnético uniforme B0'5k T y del campo gravitatorio terrestre, dirigido en el sentido negativo del eje OY, no existiendo otras fuerzas aplicadas sobre el hilo. Justifique ayudándose de un esquema, el sentido de la corriente que debe circular por el hilo para que esté en equilibrio, y calcule razonadamente el valor de la intensidad. g9'8 ms2",enunciados_PNG/2021 - Campo eléctrico y magnético_png/2021_reserva_3_B1.png,,física
física_2021_Reserva 3_B2,2021,Reserva 3,B2,,"a) Tenemos dos partículas cargadas idénticas separadas una distancia d. i) ¿Puede ser nulo el campo eléctrico en algún punto próximo a ellas?. ii) ¿Y el potencial electrostático? Razone las respuestas.
b) Una partícula con carga q 3106 C está fija en el punto (2,0) m del plano XY. En el 1 punto (5,0) m, se abandona una partícula con carga q 5106 C y masa m1'5104 kg. 2 Calcule razonadamente: i) El módulo de la velocidad que adquiere q en el infinito si q está 2 1 fija. ii) El valor de la carga q que debería tener una tercera partícula situada en el punto 3 (0,0) m, para que q no se mueva al ser soltada en el punto (5,0) m. 2 K 9109 Nm2C2",enunciados_PNG/2021 - Campo eléctrico y magnético_png/2021_reserva_3_B2.png,,física
física_2021_Reserva 4_B1,2021,Reserva 4,B1,,"a) Por dos conductores rectilíneos muy largos y paralelos circulan corrientes de la misma intensidad y sentido. Explique razonadamente con la ayuda de esquemas: i) La dirección y el sentido del campo magnético creado por cada corriente en la región que les rodea. ii) La dirección y el sentido de la fuerza que actúa sobre cada conductor.
b) Considere dos conductores rectilíneos, muy largos, paralelos y separados 0’06 m, por los que circulan corrientes de 9 A y 15 A en el mismo sentido. i) Dibuje en un esquema el vector campo magnético resultante en el punto medio de la línea que une ambos conductores y razone su dirección y sentido. ii) En la región entre los conductores, ¿a qué distancia del conductor por el que circulan 9 A se anula el campo magnético?. Justifique la respuesta.   4107 TmA1 0",enunciados_PNG/2021 - Campo eléctrico y magnético_png/2021_reserva_4_B1.png,,física
física_2021_Reserva 4_B2,2021,Reserva 4,B2,,"a) Una espira circular gira en torno a uno de sus diámetros en un campo magnético uniforme y constante. Explique, con ayuda de un esquema y de las expresiones que precise, si se induce fuerza electromotriz en la espira cuando: i) El campo magnético es paralelo al eje de rotación. ii) El campo magnético es perpendicular al eje de rotación.
b) Una bobina de 50 espiras circulares de 0’05 m de radio se orienta en un campo magnético de manera que el flujo que la atraviesa sea máximo en todo instante. El módulo del campo magnético varía con el tiempo según la expresión B(t)0'5t0'8t 2 (S.I.). i) Deduzca la expresión del flujo magnético que atraviesa la bobina en función del tiempo. ii) Determine razonadamente la fuerza electromotriz inducida en la bobina en el instante t 10s.",enunciados_PNG/2021 - Campo eléctrico y magnético_png/2021_reserva_4_B2.png,,física
física_2021_Julio_B1,2021,Julio,B1,,"a) Dos partículas idénticas con carga q y masa m se encuentran separadas por una distancia d. A continuación, se mantiene fija una de las partículas y se deja que la otra se aleje hasta duplicar la distancia inicial con la primera. i) Determine el módulo de la velocidad que adquiere la partícula en el punto final. ii) Determine cómo cambiaría el módulo de la velocidad obtenida en el apartado anterior si se duplica el valor de las cargas.
b) Dos partículas idénticas con carga q 5106 C están fijas en los puntos (0,3) m y (0,3) m del plano XY. Si, manteniendo fijas las dos partículas, se suelta una tercera partícula con Q 2108 C y masa m8106 kg en el punto (4,0) m, calcule el módulo de la velocidad con la que llega al punto (0,0). K 9109 Nm2C2",enunciados_PNG/2021 - Campo eléctrico y magnético_png/2021_julio_B1.png,,física
física_2021_Julio_B2,2021,Julio,B2,,"a) Suponga dos conductores rectilíneos, muy largos, paralelos y separados por una distancia “d” por los que circulan corrientes eléctricas de igual intensidad y sentido. Razone como se modifica la fuerza por unidad de longitud entre los conductores si duplicamos ambas intensidades y a la vez reducimos “d” a la mitad.
b) Un protón que ha sido acelerado desde el reposo por una diferencia de potencial de 6000 V describe una órbita circular en un campo magnético uniforme de 0’8 T. Calcule razonadamente: i) El módulo de la fuerza magnética que actúa sobre el protón. ii) El radio de la trayectoria descrita. e1'61019 C ; m 1'71027 kg. p",enunciados_PNG/2021 - Campo eléctrico y magnético_png/2021_julio_B2.png,,física
física_2022_Junio_B1,2022,Junio,B1,,"a) Dos cargas puntuales de igual valor y signo contrario se encuentran separadas a una distancia d. Explique, con ayuda de un esquema, si el campo eléctrico puede anularse en algún punto próximo a las dos cargas.
b) Dos partículas idénticas con carga positiva, situadas en los puntos A(0,0) m y B(2,0) m, generan un potencial eléctrico en el punto C(1,1) m de 1000 V. Determine: i) el valor de la carga de las partículas y ii) el vector campo eléctrico en el punto C(1,1) m. K 9109 Nm2C2",enunciados_PNG/2022 - Campo eléctrico y magnético_png/2022_junio_B1.png,,física
física_2022_Junio_B2,2022,Junio,B2,,"a) A una espira plana, que está en reposo, se le acerca perpendicularmente al plano de la misma un imán por su polo norte. Realice un esquema en el que se represente la dirección y sentido de campo magnético inducido en la espira. Justifique el sentido de la corriente inducida en la misma.
b) Una espira conductora cuadrada de 0’05 m de lado se encuentra en una región donde hay un campo magnético perpendicular a la espira de módulo B(t)(4tt 2) T (t es el tiempo en segundos). i) Halle la expresión para el flujo del campo magnético a través de la espira. ii) Calcule el módulo de la f.e.m. inducida en la espira para t  3s. iii) Determine el instante de tiempo para el cual no se induce corriente en la espira.",enunciados_PNG/2022 - Campo eléctrico y magnético_png/2022_junio_B2.png,,física
física_2022_Reserva 1_B1,2022,Reserva 1,B1,,"a) Una partícula cargada se lanza con cierta velocidad en una región donde hay un campo magnético uniforme. En primer lugar, se lanza paralelamente al campo magnético y en segundo lugar perpendicularmente al mismo. Explique en cada caso si: i) cambia su energía cinética y ii) la partícula está acelerada.
b) Un protón que parte del reposo es acelerado, en sentido positivo del eje OX, mediante una diferencia de potencial de 850 V antes de entrar en un campo magnético uniforma, perpendicular a la velocidad, donde describe una trayectoria circular en sentido antihorario en el plano XY de 0’02 m de radio. Apoyándose en esquemas, calcule: i) el módulo del campo magnético y ii) el campo eléctrico (vector) que debería aplicarse para que la trayectoria del protón sea rectilínea. e1'61019 C ; m 1'71027 kg p",enunciados_PNG/2022 - Campo eléctrico y magnético_png/2022_reserva_1_B1.png,,física
física_2022_Reserva 1_B2,2022,Reserva 1,B2,,"a) Una espira conductora circular y un conductor rectilíneo, muy largo, se encuentran en el mismo plano. El hilo está recorrido por una corriente eléctrica de intensidad constante. Razone, con ayuda de un esquema, qué sentido tendrá la corriente inducida sobre la espira si: i) la espira se mueve perpendicularmente al hilo, acercándose; ii) la espira se mueve paralela al hilo, en el sentido de su corriente.
b) El lado móvil de la espira rectangular de la figura, de longitud a0'15 m, se mueve con una velocidad constante de 0'2 ms1 dentro de un campo magnético uniforme de módulo igual a 2 T. La resistencia eléctrica de la espira es igual a 50 , independientemente de su tamaño. Calcule: i) la f.e.m. inducida; ii) la intensidad de corriente y razone, con la ayuda de un esquema, el sentido de la corriente inducida.",enunciados_PNG/2022 - Campo eléctrico y magnético_png/2022_reserva_1_B2.png,,física
física_2022_Reserva 2_B1,2022,Reserva 2,B1,,"a) i) Realice un esquema justificado de las líneas de campo y las superficies equipotenciales creadas por una carga puntual negativa y ii) explique cómo varían el campo y el potencial eléctrico en función de la distancia a dicha carga.
b) Dos partículas idénticas con carga q 2106 C está fijas en los puntos A(1,0) m y B(1,2) m. Determine en el punto C(2,1) m: i) el vector campo eléctrico y ii) el potencial eléctrico. K 9109 Nm2C2",enunciados_PNG/2022 - Campo eléctrico y magnético_png/2022_reserva_2_B1.png,,física
física_2022_Reserva 2_B2,2022,Reserva 2,B2,,"a) Dos partículas cargadas son lanzadas con la misma velocidad en una dirección perpendicular a un campo magnético uniforma. i) Deduzca razonadamente la expresión del radio de la trayectoria. ii) Sabiendo que la masa de la primera es diez veces mayor y su carga es el doble que la de la segunda, calcule la razón entre las frecuencias de sus movimientos.
b) Un conductor rectilíneo muy largo está situado en el eje OZ y está recorrido por una corriente I 2'5 A en sentido positivo del mismo. Responda a las siguientes cuestiones apoyándose en esquemas para completar los razonamientos. i) Determine la fuerza (vector) que actúa sobre una carga q 3106 C, que se encuentra en el eje OX en el punto x 0'05 m y tiene una velocidad de módulo 5106 ms1 en sentido positivo del eje OX. ii) Un segundo conductor idéntico al anterior se dispone paralelamente al primero y corta al eje OX en x0'15 m. Calcule la intensidad que debe recorrer este segundo conductor (indicando su sentido) para que la carga no sufra fuerza.   4107 TmA1 0",enunciados_PNG/2022 - Campo eléctrico y magnético_png/2022_reserva_2_B2.png,,física
física_2022_Reserva 3_B1,2022,Reserva 3,B1,,"a) Dos cargas positivas de valor q y 4q se encuentran separadas una distancia d. i) Explique, con ayuda de un esquema, si puede ser nulo el campo eléctrico en algún punto del segmento que las une. ii) En caso afirmativo, determine dicho punto en función de la distancia d.
b) Dos partículas con cargas q 2106 C y q 8106 C están situadas en los puntos 1 2 A(3,0) m y B(3,0) m, respectivamente. Calcule: i) el punto, cerca de las dos cargas, donde se anula el campo eléctrico y ii) el potencial eléctrico en el punto P(0,0) m. K 9109 Nm2C2",enunciados_PNG/2022 - Campo eléctrico y magnético_png/2022_reserva_3_B1.png,,física
física_2022_Reserva 3_B2,2022,Reserva 3,B2,,"a) Razone la veracidad o falsedad de la siguiente afirmación: En una espira conductora plana dispuesta con su plano perpendicular a un campo magnético de módulo Bat2, siendo a una constante y t el tiempo, se genera una corriente inducida constante.
b) Una espira cuadrada de 0’15 m de lado, con sus lados paralelos a los ejes OX y OY, se mueve con velocidad constante de 0'05 ms1 en sentido positivo del eje OX en una región donde hay un campo magnético uniforme y constante dirigido en sentido positivo del eje OZ. El módulo del campo es 10 T para x0 y nulo para x0. La espira procede de la región donde no hay campo y empieza a entrar en la región donde hay campo en el instante t  0 s. i) Calcule, ayudándose de un esquema, la expresión para el flujo del campo magnético y represéntelo entre t0 y t  5 s. ii) Determine el valor de la f.e.m. inducida en la espira y represente su módulo entre t0 y t  5 s.",enunciados_PNG/2022 - Campo eléctrico y magnético_png/2022_reserva_3_B2.png,,física
física_2022_Reserva 4_B1,2022,Reserva 4,B1,,"a) Razone la veracidad o falsedad de la siguiente afirmación: El trabajo que realiza el campo eléctrico sobre una partícula cargada que se mueve sobre una superficie equipotencial siempre es positivo.
b) Una partícula de masa 21010 kg y carga 2106 C se encuentra inicialmente en reposo en el punto (0,1) m. Posteriormente, se aplica un campo eléctrico uniforme de 1000 NC1 en el sentido positivo del eje OX. Considerando que no actúa ninguna fuerza gravitatoria sobre la partícula: i) Realice un esquema justificado de la trayectoria descrita por la partícula y ii) determine el trabajo realizado por el campo eléctrico sobre la partícula después de recorrer una distancia de 1 m. ¿Cuál será entonces el módulo de la velocidad de la partícula.",enunciados_PNG/2022 - Campo eléctrico y magnético_png/2022_reserva_4_B1.png,,física
física_2022_Reserva 4_B2,2022,Reserva 4,B2,,"a) Una partícula cargada penetra con velocidad constante dentro de un campo magnético uniforme perpendicular a la dirección de movimiento. i) Determine razonadamente el radio de curvatura de la trayectoria de la partícula. ii) ¿Cómo varía dicho radio si el valor de la carga y la velocidad de la partícula se duplican.
b) Un protón, que se mueve con velocidad constante, entra en una región del espacio donde hay un campo eléctrico E1000k NC1 y un campo magnético B 2103i T. i) Justifique, con ayuda de un diagrama, la dirección y sentido de la velocidad que debe tener el protón para que atraviese dicha región sin ser desviado. ii) Determine el correspondiente vector velocidad.",enunciados_PNG/2022 - Campo eléctrico y magnético_png/2022_reserva_4_B2.png,,física
física_2022_Julio_B1,2022,Julio,B1,,"a) Un protón, un electrón y un neutrón entran con igual velocidad en un campo magnético uniforme perpendicular a la velocidad. Explique con la ayuda de un esquema la trayectoria seguida por cada partícula.
b) Un protón que parte del reposo es acelerado mediante una diferencia de potencial de 1'5104 V. Posteriormente, penetra perpendicularmente en un campo magnético uniforme de 12 T. Determine razonadamente: i) el radio de la curvatura de la trayectoria que describe el protón y ii) el periodo de revolución. e1'61019 C ; m 1'71027 kg p",enunciados_PNG/2022 - Campo eléctrico y magnético_png/2022_julio_B1.png,,física
física_2022_Julio_B2,2022,Julio,B2,,"a) Una espira conductora circular gira alrededor de uno de sus diámetros con velocidad angular constante en una región donde hay un campo magnético uniforme perpendicular al eje de rotación. Razone, qué le ocurre al valor de la máxima f.e.m. inducida en la espira si: i) se duplica el radio de la espira; ii) se duplica el periodo de rotación.
b) Una bobina circular de 75 espiras de 0’03 m de radio está dentro de un campo magnético cuyo módulo aumenta a ritmo constante de 4 a 10 T en 4 s, y cuya dirección forma un ángulo de 60o con el eje de la bobina. i) Calcule la f.e.m. inducida en la bobina y razone, con la ayuda de un esquema, el sentido de la corriente inducida. ii) Si la bobina pudiera girarse, razone cómo debería orientarse para que no se produjera corriente, y para que esa corriente fuera la mayor posible.",enunciados_PNG/2022 - Campo eléctrico y magnético_png/2022_julio_B2.png,,física
física_2023_Junio_B1,2023,Junio,B1,,"a) En una región del espacio hay un campo eléctrico uniforme. Una carga eléctrica negativa entra en dicha región con una velocidad v, en la misma dirección y sentido del campo, deteniéndose tras recorrer una distancia d. Razone si es positivo, negativo o nulo el valor de: i) el trabajo realizado por el campo eléctrico; ii) la variación de la energía cinética, potencial y mecánica.
b) Dos cargas de 2 y 3 mC se encuentran, respectivamente, en los puntos A(0,0) y B(1,1). i) Represente y calcule el vector campo eléctrico en el punto C(1,0) m. ii) Calcule el trabajo necesario para trasladar una carga de 1mC desde el punto C al punto D(0,1) m. K 9109 Nm2C2",enunciados_PNG/2023 - Campo eléctrico y magnético_png/2023_junio_B1.png,,física
física_2023_Junio_B2,2023,Junio,B2,,"a) Por dos hilos conductores rectilíneos paralelos, separados una cierta distancia, circulan corrientes de igual intensidad. Explique razonadamente, apoyándose en un esquema, si puede ser cero el campo magnético en algún punto entre los dos hilos, suponiendo que las corrientes circulan en sentidos: i) iguales; ii) opuestos.
b) Dos conductores rectilíneos paralelos por los que circula la misma intensidad de corriente están separados una distancia de 20 cm y se atraen con una fuerza por unidad de longitud de 5108 Nm1 . i) Justifique si el sentido de la corriente es el mismo en ambos hilos, representando en un esquema el campo magnético y la fuerza entre ambos. ii) Calcule el valor de la intensidad de corriente que circula por cada conductor.   4107 TmA1 0",enunciados_PNG/2023 - Campo eléctrico y magnético_png/2023_junio_B2.png,,física
física_2023_Reserva 1_B1,2023,Reserva 1,B1,,"a) Una espira se encuentra en reposo en el plano XY dentro de un campo magnético uniforme B B k. Explique con la ayuda de un esquema el sentido de la corriente inducida si la espira: 0 i) aumenta progresivamente su superficie; ii) disminuye progresivamente su superficie.
b) Una bobina plana formada por 100 espiras circulares de 0,2 m de radio, con su eje inicialmente orientado en el eje OZ, gira en torno a uno de sus diámetros con una frecuencia de 50 Hz dentro de un campo magnético uniforme B0'1k T. Determine razonadamente: i) el flujo magnético que atraviesa la bobina en función del tiempo; ii) la fuerza electromotriz inducida máxima",enunciados_PNG/2023 - Campo eléctrico y magnético_png/2023_reserva_1_B1.png,,física
física_2023_Reserva 1_B2,2023,Reserva 1,B2,,"a) Justifique razonadamente, con la ayuda de un esquema, la trayectoria descrita por una carga positiva al entrar con una velocidad v  v i en una región en la que existe: i) un campo o magnético uniforme B  B i ; ii) un campo magnético uniforme B  B j. o o
b) Por un hilo conductor muy largo situado en el eje OX circula una corriente de intensidad I en el sentido positivo de dicho eje. Si el campo magnético en el punto P de coordenadas x0,y 10,z 0 cm tiene un módulo de 4105 T, determine con ayuda de un esquema: i) la corriente eléctrica que circula por el conductor; ii) el vector fuerza magnética que el hilo conductor ejerce sobre un electrón que se encuentra en el punto P y se mueve con una velocidad de 2107 i ms1  4107 TmA1; e1'61019 C 0",enunciados_PNG/2023 - Campo eléctrico y magnético_png/2023_reserva_1_B2.png,,física
física_2023_Reserva 2_B1,2023,Reserva 2,B1,,"a) Un electrón penetra en una región en la que existe un campo eléctrico uniforme E, con una velocidad inicial v paralela a dicho campo, deteniéndose después de recorrer una distancia d. 0 i) Justifique y represente los vectores velocidad, campo y fuerza eléctrica. ii) Deduzca la expresión de la distancia recorrida en función de la masa del electrón, la carga, la velocidad inicial y el módulo del campo eléctrico.
b) En una región del espacio existe un campo eléctrico uniforme de 2105 Vm1 en el sentido positivo del eje OY. Para un protón que se encuentra inicialmente en reposo en un punto de dicha región, calcule: i) la fuerza que actúa sobre el protón; ii) el trabajo realizado por la fuerza eléctrica cuando el protón ha recorrido una distancia de 5102 m; iii) la velocidad final tras recorrer dicha distancia. e1'61019 C ; m 1'71027 kg p",enunciados_PNG/2023 - Campo eléctrico y magnético_png/2023_reserva_2_B1.png,,física
física_2023_Reserva 2_B2,2023,Reserva 2,B2,,"a) La espira de la figura está dentro de un campo magnético uniforme B . Explique si existe fuerza electromotriz inducida y el sentido de la corriente en los siguientes casos: i) la espira se desplaza hacia la derecha sin salir del campo; ii) la espira permanece en reposo y aumenta la intensidad del campo magnético.
b) Una bobina de 300 espiras circulares de radio 10 cm está situada en un campo magnético uniforme de módulo 0,5 T y perpendicular al plano de las espiras. Si el campo disminuye linealmente hasta anularse en un intervalo de tiempo de 0,5 s, determine: i) la fuerza electromotriz inducida en la bobina; ii) el sentido de la corriente inducida con la ayuda de un esquema.",enunciados_PNG/2023 - Campo eléctrico y magnético_png/2023_reserva_2_B2.png,,física
física_2023_Reserva 3_B1,2023,Reserva 3,B1,,"a) Dos partículas cargadas, A y B, penetran perpendicularmente a un campo magnético uniforme con la misma velocidad. Sabiendo que la masa de B es el triple de la de A y que los radios descritos por ambas partículas son idénticos, razone la relación entre las cargas de ambas partículas.
b) Por un hilo rectilíneo muy largo circula una intensidad de corriente de 3 A. i) Determine razonadamente el módulo de la fuerza magnética que actúa sobre una carga de 4103 C que se mueve con una velocidad de 8 ms1 paralela al hilo y a una distancia de 2 m del mismo. ii) Un segundo hilo, por el que circula una corriente de 1 A en el mismo sentido, se sitúa paralelo al primero a una distancia de 1 m. Determine justificadamente a qué distancia del primer hilo se anula el campo magnético.   4107 TmA1 0",enunciados_PNG/2023 - Campo eléctrico y magnético_png/2023_reserva_3_B1.png,,física
física_2023_Reserva 3_B2,2023,Reserva 3,B2,,"a) Indique el sentido de la corriente inducida en una espira cuando el polo norte de un imán: i) se acerca a la espira; ii) se aleja de la espira. Justifique las respuestas con la ayuda de un esquema.
b) Una espira de 12 cm de radio se coloca en un campo magnético uniforme de 0,5 T y se hace girar con una frecuencia de 20 Hz en torno a uno de sus diámetros. En el instante inicial el plano de la espira es perpendicular al campo. i) Escriba la expresión del flujo magnético que atraviesa la espira en función del tiempo; ii) determine el valor máximo de la fuerza electromotriz inducida",enunciados_PNG/2023 - Campo eléctrico y magnético_png/2023_reserva_3_B2.png,,física
física_2023_Reserva 4_B1,2023,Reserva 4,B1,,"a) Una carga positiva q se encuentra próxima a una carga negativa Q. Razone si aumenta o disminuye la energía potencial eléctrica de q en las siguientes situaciones: i) si se aleja de Q siguiendo una línea de campo; ii) si se mueve en torno a Q siguiendo una trayectoria circular.
b) Dos cargas positivas de valor 2106 C se encuentran en los puntos A(2,0) y B(2,0) m. i) Determine el vector campo eléctrico en el punto C(0,3) m. ii) Calcule el trabajo que realiza el campo eléctrico cuando una tercera carga de valor 3106 C se traslada del punto C al origen de coordenadas. K 9109 Nm2C2",enunciados_PNG/2023 - Campo eléctrico y magnético_png/2023_reserva_4_B1.png,,física
física_2023_Reserva 4_B2,2023,Reserva 4,B2,,"a) Una partícula de masa m y carga q se mueve en un campo magnético uniforme B describiendo una trayectoria circular de radio R. i) Deduzca razonadamente la expresión del radio en función del campo, la masa, la carga y la velocidad de la partícula. ii) Determine la relación entre las velocidades de dos partículas de igual masa y cargas q y 3q que describen trayectorias circulares de igual radio R en el seno de un mismo campo magnético.
b) Por un hilo conductor muy largo, situado en el eje OX, circula una corriente de intensidad 5 A en el sentido positivo de dicho eje. Un protón que se encuentra en el punto P de coordenadas x0,y 10,z 0 cm tiene una velocidad de 2106 i ms1. i) Realice un esquema incluyendo los vectores velocidad, campo magnético y fuerza sobre el protón, razonando su dirección y sentido. ii) Determine el vector campo eléctrico que habría que aplicar para que la velocidad del protón permanezca constante.  4107 TmA1; e1'61019 C 0",enunciados_PNG/2023 - Campo eléctrico y magnético_png/2023_reserva_4_B2.png,,física
física_2023_Julio_B1,2023,Julio,B1,,"a) Una carga q positiva está separada a una distancia d de otra carga Q. i) Razone, ayudándose de un esquema, cuál debe ser el signo de Q para que el campo eléctrico se anule en algún punto del segmento que las une. ii) Razone cuál debe ser el signo de Q para que se anule el potencial eléctrico en algún punto del segmento que las une.
b) Una carga Q situada en el origen de coordenadas crea un potencial de 3000 V en el punto A(5,0) m. i) Determine el valor de la carga Q. ii) Si se sitúa una segunda carga de 2105 C en el punto A, calcule la variación de la energía potencial eléctrica y de la energía cinética de dicha carga cuando se desplaza al punto B(10,0) m. K 9109 Nm2C2",enunciados_PNG/2023 - Campo eléctrico y magnético_png/2023_julio_B1.png,,física
física_2023_Julio_B2,2023,Julio,B2,,"a) i) Defina el concepto de flujo magnético e indique sus unidades en el S.I.; ii) Una espira conductora plana se sitúa en el seno de un campo magnético uniforme BB k . Represente 0 gráficamente y explique para qué orientaciones de la espira el flujo magnético a través de ella es máximo y nulo.
b) Una espira rectangular de lados 10 y 15 cm se encuentra situada en el plano XY dentro de un campo magnético variable con el tiempo B(t)2t3kT(t en segundos). i) Calcule el flujo magnético en t  2s. ii) Determine la fuerza electromotriz inducida en t  2s. iii) Razone el sentido de la corriente inducida con la ayuda de un esquema.",enunciados_PNG/2023 - Campo eléctrico y magnético_png/2023_julio_B2.png,,física
física_2024_Junio_B1,2024,Junio,B1,,"a) Responda razonadamente a las siguientes cuestiones: i) ¿Puede ser nulo el flujo magnético a través de una espira colocada en una región en la que existe campo magnético?; ii) El hecho de que la f.e.m. inducida en una espira sea nula en un instante determinado, ¿implica que no hay flujo magnético en la espira en ese instante?.
b) Una bobina formada por 100 espiras circulares de radio 5 cm está situada en el interior de un campo magnético uniforme dirigid en la dirección del eje de la bobina y de módulo B(t)=0'1−0'1t 2 (S.I.). Determine razonadamente: i) el flujo magnético en la bobina para t = 2s; ii) la fuerza electromotriz inducida en la bobina para t = 2 s ;iii) el instante de tiempo en el que la fuerza electromotriz inducida es nula.",enunciados_PNG/2024 - Campo eléctrico y magnético_png/2024_junio_B1.png,,física
física_2024_Junio_B2,2024,Junio,B2,,"a) i) Explique que es una superficie equipotencial. ¿Qué forma tienen la superficies equipotenciales del campo eléctrico creado por una carga puntual?; ii) Razone el trabajo realizado por la fuerza eléctrica sobre una carga que se desplaza por una superficie equipotencial.
b) Dos cargas puntuales iguales de valor − 1 ' 2  1 0 − 6 C están situadas en los puntos A ( 0 , 8 ) y B(6,0) m. Una tercera carga de valor − 1 ' 5  1 0 − 6 C se sitúa en el punto P ( 3 , 4 ) m . Calcule: i) la fuerza eléctrica total ejercida sobre la carga situada en P, apoyándose en un esquema. ii) el trabajo realizado por el campo eléctrico para trasladar la tercera carga desde el infinito hasra el punto P. K =9109 N m2C−2",enunciados_PNG/2024 - Campo eléctrico y magnético_png/2024_junio_B2.png,,física
física_2024_Reserva 1_B1,2024,Reserva 1,B1,,"a) Una espira se encuentra en un campo magnético B uniforme perpendicular al plano de la misma y tiene un lado móvil que se mueve con velocidad v , tal como se indica en la figura. Responda razonadamente a las siguientes preguntas: i) ¿Se induce fuerza electromotriz en la espira mientras el lado móvil está en movimiento? En caso afirmativo, señale el sentido de la corriente inducida. ii) Si el lado móvil se detiene ¿habrá fuerza electromotriz inducida?
b) Una espira cuadrada de lado 4 cm está inmersa en un campo magnético B = 3 i T . La espira está inicialmente situada en el plano XY de forma que el flujo magnético en la espira es nulo, y comienza a girar con una velocidad angular de 1 0 r a d  s − 1 en torno al eje OY. i) Calcule, ayudándose de un esquema, el flujo magnético en función del tiempo. ii) Calcule la resistencia eléctrica de la espira, si la intensidad inducida máxima es de 0’25 A.",enunciados_PNG/2024 - Campo eléctrico y magnético_png/2024_reserva_1_B1.png,,física
física_2024_Reserva 1_B2,2024,Reserva 1,B2,,"a) En una región del espacio en la que existe un campo magnético uniforme entran perpendicularmente al campo un electrón y un protón con igual velocidad. i) Deduzca y represente gráficamente la trayectoria de cada una de las partículas. ii) ¿Cómo varían sus respectivas energías cinéticas a lo largo de su trayectoria?
b) Un protón, después de ser acelerado mediante una diferencia de potencial de 105V, entra en una región del espacio donde existe un campo magnético de 0,15 T perpendicular a su velocidad. i) Calcule la velocidad del protón tras ser acelerado. ii) Realice un esquema indicando la trayectoria y calcule el valor de su radio. e = 1 ' 6  1 0 − 1 9 C ; m p = 1 ' 7  1 0 − 2 7 k g",enunciados_PNG/2024 - Campo eléctrico y magnético_png/2024_reserva_1_B2.png,,física
física_2024_Reserva 2_B1,2024,Reserva 2,B1,,"a) i) Enuncie la ley de Lorentz indicando las magnitudes que intervienen y sus unidades en el S.I. ii) A partir de dicha ley, y con la ayuda de un esquema, indique la dirección y el sentido de la fuerza magnética que actúa sobre una partícula cargada que se mueve perpendicularmente a un campo magnético. Discuta el resultado en función del signo de la carga.
b) Dos conductores rectilíneos, muy largos y paralelos, por los que circulan corrientes eléctricas iguales de 2 A se atraen con una fuerza por unidad de longitud de 3  1 0 − 7 N  m − 1 . i) Razone, con la ayuda de un esquema, el sentido de la corriente que circula por cada conductor. ii) Calcule la distancia que los separa.  =410−7 TmA−1 0",enunciados_PNG/2024 - Campo eléctrico y magnético_png/2024_reserva_2_B1.png,,física
física_2024_Reserva 2_B2,2024,Reserva 2,B2,,"a) En una región del espacio hay dos cargas puntuales negativas, iguales y separadas una distancia d. i) Realice un esquema y razone en qué puntos próximos a las cargas se anula el campo eléctrico; ii) ¿Se anula el potencial electrostático en algún punto del espacio próximo a las cargas?
b) Dos cargas puntuales de 2  C y −2C se encuentran situadas en los puntos A ( 0 , 3 ) m y B ( 0 , − 3 ) m , respectivamente. i) Represente gráficamente y calcule la intensidad del campo eléctrico en el punto P ( 4 , 0 ) m . ii) Calcule el potencial en el origen de coordenadas y en el punto P. iii) Determine el trabajo que realizan las fuerzas electrostáticas cuando un electrón se desplaza desde el origen de coordenadas hasta el punto P. e=1'610−19 C ; k =9109 Nm2C−2",enunciados_PNG/2024 - Campo eléctrico y magnético_png/2024_reserva_2_B2.png,,física
física_2024_Reserva 3_B1,2024,Reserva 3,B1,,"a) Un hilo rectilíneo muy largo por el que circula una intensidad de corriente I está situado en el mismo plano que una espira circular. Razone, apoyándose en un esquema, en qué sentido circula la corriente inducida en la espira en las siguientes situaciones: i) la espira se acerca al hilo; ii) aumenta la intensidad de corriente en el hilo, manteniendo fija la distancia entre el hilo y la espira.
b) Una bobina formada por 300 espiras circulares de radio 1 cm está situada en el interior de un campo magnético de módulo B ( t ) = 0 ' 3 − 0 ' 3 t 2 ( S .I . ) , cuya dirección forma un ángulo de 45o con el eje de la bobina. Determine: i) el flujo magnético para t = 1 s ; ii) la fuerza electromotriz inducida en la bobina para t = 1 s .",enunciados_PNG/2024 - Campo eléctrico y magnético_png/2024_reserva_3_B1.png,,física
física_2024_Reserva 3_B2,2024,Reserva 3,B2,,"a) Una partícula cargada negativamente se encuentra en el seno de un campo eléctrico uniforme. i) Si la partícula se mueve en la misma dirección y sentido que el campo, ¿aumenta o disminuye su energía potencial? ¿Se mueve espontáneamente? ii) Si la partícula se mueve perpendicularmente a las líneas de campo, ¿cómo varía su energía potencial?
b) Considere una carga puntal de 2 C localizada en un punto A(1,1)m. Determine razonadamente: i) el campo eléctrico creado por la carga puntual en el punto P ( 2 , 2 ) m ; ii) el trabajo necesario para trasladar una carga puntual de 3 C desde el infinito hasta el punto P, justificando el signo. K =9109 Nm2C−2",enunciados_PNG/2024 - Campo eléctrico y magnético_png/2024_reserva_3_B2.png,,física
física_2024_Reserva 4_B1,2024,Reserva 4,B1,,"a) En una región del espacio en la que existe un campo magnético uniforme entran perpendicularmente al mismo, y con igual velocidad, dos partículas de masas m 1 y m y de 2 cargas q y 2q, respectivamente. i) Si el radio descrito por la segunda partícula es el doble que el de la primera, obtenga razonadamente la relación entre m 1 y m 2 . ii) Razone si la fuerza magnética realiza trabajo sobre las partículas y cómo cambia su energía cinética.
b) i) Un protón que parte del reposo es acelerado en el sentido positivo del eje OX al aplicar una diferencia de potencial de 1000 V. Determine la velocidad que alcanza el protón tras ser acelerado. ii) A continuación, penetra en un campo magnético describiendo una trayectoria circular de radio 4  1 0 − 3 m en el plano XZ, ¿cuál debe ser el módulo del campo magnético? ¿Y su dirección? m =1'710−27 kg; e=1'610−19 C p",enunciados_PNG/2024 - Campo eléctrico y magnético_png/2024_reserva_4_B1.png,,física
física_2024_Reserva 4_B2,2024,Reserva 4,B2,,"a) i) Deduzca la relación entre los módulos de los campos eléctricos que crea una carga Q a una distancia r y 2r de la misma. ii) Si se coloca una carga q a una distancia r de Q y posteriormente se desplaza hasta 2r, halle la relación entre las energías potenciales en dichas situaciones, asumiendo que el potencial es nulo en el infinito
b) El campo eléctrico sobre la superficie de la Tierra es aproximadamente de 1 0 0 N  C − 1 y dirigido verticalmente hacia abajo. i) Determine el signo y el valor de la carga de una partícula de 5 g de masa para que permanezca suspendida en equilibrio. Realice una representación gráfica de las fuerzas que actúan sobre la partícula. ii) Si se duplica el valor de la carga, ¿qué velocidad tendría tras ascender 10 cm partiendo del reposo? g=9'8 ms−2",enunciados_PNG/2024 - Campo eléctrico y magnético_png/2024_reserva_4_B2.png,,física
física_2024_Julio_B1,2024,Julio,B1,,"a) Razone la veracidad o falsedad de las siguientes afirmaciones: i) En una espira circular de radio R, situada con su plano perpendicular a un campo magnético de módulo B ( t ) = a t + b siendo a y b constantes y t el tiempo, se induce una fuerza electromotriz constante; ii) Cuando se sitúa una espira en reposo en el seno de un campo magnético variable con el tiempo, siempre se induce una fuerza electromotriz.
b) Una espira circular de 20 cm de radio está situada en el plano XY en una región en la que hay un campo magnético variable en el tiempo B ( t ) = 3 t 2 − 2 t (S.I.) en sentido negativo del eje OZ. i) Obtenga la expresión del flujo magnético en función del tiempo; ii) Calcule la fuerza electromotriz inducida para t = 2 s ;iii) Razone el sentido de la corriente inducida en a espira.",enunciados_PNG/2024 - Campo eléctrico y magnético_png/2024_julio_B1.png,,física
física_2024_Julio_B2,2024,Julio,B2,,"a) Un electrón que se mueve en línea recta penetra en una región del espacio en la que existe un campo eléctrico y un campo magnético perpendiculares entre si. Explique la relación que debe existir entre los campos y la velocidad para que la partícula continúe en trayectoria rectilínea.
b) Por dos conductores rectilíneos muy largos, paralelos y separados por una distancia de 2 m circulan corrientes eléctricas de 1 y 3 A. Determine, apoyándose en un esquema, a qué distancia del primer hilo se anula el campo magnético en los siguientes casos: i) las dos corrientes van en el mismo sentido. ii) Las corrientes van en sentidos opuestos.  =410−7 TmA−1 0",enunciados_PNG/2024 - Campo eléctrico y magnético_png/2024_julio_B2.png,,física
física_2025_Junio_b1,2025,Junio,b1,,"El lado móvil de la espira rectangular de la figura, de longitud a = 0 , 1 5 m , se mueve con una velocidad constante de 0 , 2 m  s − 1 dentro de un campo magnético uniforme de módulo igual a 2 T(saliente del papel, según el esquema). La resistencia eléctrica de la espira es igual a 5 0  . Determine de forma razonada: i) la fuerza electromotriz en valor absoluto; ii) el valor de la intensidad de corriente; iii) el sentido de la corriente inducida en la situación del esquema. Dibuje el campo inducido dentro de la espira. b1",enunciados_PNG/2025 - Campo eléctrico y magnético_png/2025_junio_b1.png,,física
física_2025_Junio_b2,2025,Junio,b2,,"Dos cargas puntuales de + 1 0 − 6 C y − 1 0 − 6 C se encuentran colocadas en las posiciones A ( 0 , − 4 ) m y B ( 0 , 4 ) m , respectivamente. i) Calcule el potencial en las posiciones C ( 6 , 0 ) m y D ( 0 , 8 ) m ; ii) determine el trabajo realizado por el campo al trasladar una carga de + 4  1 0 − 4 C desde el punto C al D. Interprete el signo del trabajo. Justifique todas las respuestas. K = 9  1 0 9 N m 2 C − 2 b2",enunciados_PNG/2025 - Campo eléctrico y magnético_png/2025_junio_b2.png,,física
física_2025_Reserva_1,2025,Reserva,1,,"Por un conductor rectilíneo muy largo, situado sobre el eje OY, circula una corriente I en sentido positivo del eje. A la derecha de este conductor, y en el plano XY, se sitúa una espira circular. Con ayuda de un esquema, en el que se incluyan el campo inducido dentro de la espira y la corriente inducida, razone en qué sentido circula la corriente de la espira en los siguientes casos: i) se aumenta la corriente del conductor; ii) se mantiene constante la corriente en el conductor y la espira se aleja de éste en el plano XY. a",enunciados_PNG/2025 - Campo eléctrico y magnético_png/2025_reserva_1.png,,física
física_2025_Reserva 1_b1,2025,Reserva 1,b1,,"Un electrón, que parte del reposo, es acelerado mediante una diferencia de potencial y penetra con una velocidad v = 3  1 0 5 i m  s − 1 en el seno de un campo magnético uniforme de valor B = 0 , 2 j T . Determine razonadamente: i) la trayectoria seguida por el electrón, ayudándose de un esquema; ii) el valor del radio y el periodo de la órbita que describe el electrón; iii) la diferencia de potencial necesaria para que el electrón adquiera la velocidad indicada. e = 1 , 6  1 0 − 1 9 C ; m e = 9 , 1  1 0 − 3 1 k g b1",enunciados_PNG/2025 - Campo eléctrico y magnético_png/2025_reserva_1_b1.png,,física
física_2025_Reserva 1_b2,2025,Reserva 1,b2,,"Dos cargas de + 2  1 0 − 6 C y + 4  1 0 − 6 C están fijadas en los puntos A ( 0 , 0 ) m y B ( 6 , 0 ) m , respectivamente. i) Determine, apoyándose en un esquema, el punto donde podría dejarse una tercera carga para que permaneciera en reposo; ii) calcule los vectores fuerza que ejercen cada una de las dos primeras cargas sobre una carga de + 3  1 0 − 6 C situada en el punto anterior; iii) calcule la energía potencial de esa carga. Responda a las cuestiones de forma razonada. K =9109 Nm2C−2 b2",enunciados_PNG/2025 - Campo eléctrico y magnético_png/2025_reserva_1_b2.png,,física
física_2025_Reserva_2,2025,Reserva,2,,"Dos partículas cargadas, con el mismo valor absoluto de carga eléctrica, entran perpendicularmente con la misma velocidad en el seno de un campo magnético uniforme. Las partículas describen trayectorias circulares de sentidos contrarios y radios R 1 y R 2 ( R 2 = 2 R 1 ) i) Explique qué puede decirse del signo de las cargas eléctricas de estas partículas; ii) obtenga la m  relación entre sus masas  2 . Razone las respuestas. m   1 a",enunciados_PNG/2025 - Campo eléctrico y magnético_png/2025_reserva_2.png,,física
física_2025_Reserva 2_b1,2025,Reserva 2,b1,,"Una espira cuadrada contenida en el plano XY, de 30 cm de lado y 1  de resistencia, se mueve con una velocidad de v = 1 0 i m  s − 1 . La espira penetra en un campo magnético B = 0 , 0 5 k T . Calcule razonadamente el valor de la corriente inducida en la espira en los siguientes casos: i) mientras está entrando en el campo;
b) mientras se mueve en el seno del campo. En ambas situaciones, realice un esquema indicando el campo inducido en el interior de la espira y la corriente inducida. b1",enunciados_PNG/2025 - Campo eléctrico y magnético_png/2025_reserva_2_b1.png,,física
física_2025_Reserva 2_b2,2025,Reserva 2,b2,,"Un electrón, inicialmente en reposo, que está situado en el seno de un campo eléctrico uniforme adquiere una aceleración de 1 0 1 2 m  s − 2 , en sentido positivo del eje OX, por acción del campo. Obtenga razonadamente: i) el vector campo eléctrico; ii) el módulo de la velocidad y la energía cinética, a partir de consideraciones energéticas, cuando ha recorrido 0,5 m. b2",enunciados_PNG/2025 - Campo eléctrico y magnético_png/2025_reserva_2_b2.png,,física
física_2025_Reserva_3,2025,Reserva,3,,Un protón entra en un campo magnético uniforme. Razone cómo varía su energía potencial electrostática si: i) se mueve en la misma dirección y sentido contrario del campo eléctrico; ii) se mueve en dirección perpendicular al campo eléctrico. a,enunciados_PNG/2025 - Campo eléctrico y magnético_png/2025_reserva_3.png,,física
física_2025_Reserva 3_b1,2025,Reserva 3,b1,,"Una bobina formada por 1000 espiras circulares de 2,5 cm de radio se encuentra dentro de un campo magnético variable con el tiempo de módulo B ( t ) = 1 + 0 ' 5 t − 0 , 2 t 2 ( S . I .) . La dirección del campo forma un ángulo de 60o con el plano de las espiras. Calcule razonadamente: i) el flujo magnético para t = 2 s ; ii) la fuerza electromotriz inducida, en valor absoluto, para t = 2 s . b1",enunciados_PNG/2025 - Campo eléctrico y magnético_png/2025_reserva_3_b1.png,,física
física_2025_Reserva 3_b2,2025,Reserva 3,b2,,"Un conductor rectilíneo muy largo crea un campo magnético de 2  1 0 − 4 T a una distancia de 0,02 m. i) Determine la intensidad de corriente que circula por el hilo; ii) Se coloca paralelamente un segundo conductor rectilíneo a 0,08 m del primero. Calcule la intensidad y sentido de la corriente que tiene que circular por el segundo alambre para que se atraigan debido a una fuerza magnética por unidad de longitud de 1 0 − 3 N  m − 1 . Justifique las respuestas apoyándose en un esquema.  =410−7 TmA−1 0 b2",enunciados_PNG/2025 - Campo eléctrico y magnético_png/2025_reserva_3_b2.png,,física
física_2025_Julio_b1,2025,Julio,b1,,"Dos conductores rectilíneos muy largos se disponen paralelamente al eje OZ. El primero pasa por el punto A(0,1) m y el segundo por el punto B ( 0 , 4 ) m del plano XY. Poe ellos circulan corrientes de 1 A y 2 A, respectivamente, hacia la parte positiva del eje OZ. i) Realice un esquema y calcule el vector campo magnético total en el punto C(0,3) m del plano XY; ii) calcule la fuerza por unidad de longitud que se ejerce sobre el conductor por el que pasa 2 A. Justifique sus respuestas.  =410−7 TmA−1 0 b1",enunciados_PNG/2025 - Campo eléctrico y magnético_png/2025_julio_b1.png,,física
física_2025_Julio_b2,2025,Julio,b2,,"Una carga q 1 = 2  1 0 − 9 C está fija en el origen de coordenadas y otra carga q 2 = − 4  1 0 − 9 C se encuentra fija en el punto A ( 2 , 0 ) m . i) Determine y dibuje el campo eléctrico, debido a ambas cargas, en el punto B ( 4 , 0 ) m ; ii) calcule el trabajo que las fuerzas del campo realizan para trasladar una tercera carga q =110−9 C, desde B hasta un punto 3 C ( 0 , 4 ) m . Interprete el signo del trabajo. K = 9  1 0 9 N m 2 C − 2 b2",enunciados_PNG/2025 - Campo eléctrico y magnético_png/2025_julio_b2.png,,física
