subject,topic,year,exam,exercise,statement
MATES_II,Geometría,2000,Junio,Ejercicio 3 Opción B,"Los puntos A(3,3,5) y B(3,3,2) son vértices consecutivos de un rectángulo ABCD. El vértice
. , . =6 z+l
C consecutivo de B está en la recta de ecuaciones x = — = 77
a) Determina el vértice C.
b) Determina el vértice D.
MATEMÁTICAS Il. 2000. JUNIO. EJERCICIO 3. OPCIÓN B"
MATES_II,Geometría,2000,Reserva 1,Ejercicio 3 Opción B,"Calcula las coordenadas del punto simétrico del (1,-3,7) respecto de la recta dada por las
: z—-4
ecuaciones x-1=y+3= >
MATEMÁTICAS Il. 2000. RESERVA 1. EJERCICIO 3. OPCIÓN B."
MATES_II,Geometría,2000,Reserva 1,Ejercicio 4 Opción A,"Halla la distancia entre el origen de coordenadas y la recta intersección de los planos de ecuaciones
respectivas: x+ y+2z=4; 2x- y+z=2
MATEMÁTICAS Il. 2000. RESERVA 1. EJERCICIO 4. OPCIÓN A"
MATES_II,Geometría,2000,Reserva 2,Ejercicio 3 Opción B,"y+2_z+1l
2-3
MATEMÁTICAS Il. 2000. RESERVA 2. EJERCICIO 3. OPCIÓN B"
MATES_II,Geometría,2000,Reserva 3,Ejercicio 4 Opción A,"Halla las coordenadas del punto simétrico del punto P(1,2,—2) respecto al plano de ecuación
3x+2y+z-7=0.
MATEMÁTICAS HI. 2000. RESERVA 3. EJERCICIO 4. OPCIÓN A"
MATES_II,Geometría,2000,Reserva 3,Ejercicio 4 Opción B,"Halla la ecuación del plano cuyo punto más próximo al origen es(-1,2,1).
MATEMÁTICAS Il. 2000. RESERVA 3. EJERCICIO 4. OPCIÓN B"
MATES_II,Geometría,2000,Reserva 4,Ejercicio 3 Opción A,"2
que equidistan de los planos de
Determina los puntos de la recta de ecuaciones
ecuaciones 3x+4y-1=0 ; 4x-3z-1=0.
MATEMÁTICAS Il. 2000. RESERVA 4. EJERCICIO 3. OPCIÓN A"
MATES_II,Geometría,2000,Septiembre,Ejercicio 3 Opción A,"Halla las ecuaciones de la recta que se apoya perpendicularmente en las rectas r y s definidas
2-1... _x-4 y+l_z
respectivamente por: r=x-—1 2 Ss
p p 27 1732
MATEMÁTICAS Il. 2000. SEPTIEMBRE. EJERCICIO 3. OPCIÓN A"
MATES_II,Geometría,2000,Septiembre,Ejercicio 3 Opción B,"Calcula el volumen de un cubo sabiendo que dos de sus caras están, respectivamente, en los
planos 2x-2y+z-1=0 y 2x-2y+z-5=0
MATEMÁTICAS Il. 2000. SEPTIEMBRE. EJERCICIO 3. OPCIÓN B"
MATES_II,Geometría,2001,Junio,Ejercicio 3 Opción B,"Calcula a sabiendo que los planos ax+ y—7z=-3 y x+2y+a*z=8 se cortan en una recta que
pasa por el punto A(0,2,1) pero que no pasa por el punto B(6,-3,2).
MATEMÁTICAS Il. 2001. JUNIO. EJERCICIO 3. OPCIÓN B."
MATES_II,Geometría,2001,Junio,Ejercicio 4 Opción A,"Halla la ecuación del plano que pasa por el punto A(1,0,—1), es perpendicular al plano
-2y=0
z=0 '
MATEMÁTICAS Il. 2001. JUNIO. EJERCICIO 4. OPCIÓN A."
MATES_II,Geometría,2001,Reserva 1,Ejercicio 4 Opción B,"Considera los puntos: A(1,0,3); B(3,—1,0);C(0,-1,2) y D(a,b,—1). Halla a y b sabiendo que la
recta que pasa por A y B corta perpendicularmente a la recta que pasa por C y D.
MATEMÁTICAS Il. 2001. RESERVA 1. EJERCICIO 4. OPCIÓN B."
MATES_II,Geometría,2001,Reserva 2,Ejercicio 4 Opcion A,"Considera los planos: 1, =2x+5=0 y 1m,=3x+3y-4=0.
a) ¿Qué ángulo determinan ambos planos?.
b) Halla el plano que pasa por el origen de coordenadas y es perpendicular a los dos planos dados.
MATEMÁTICAS II. 2001. RESERVA 2. EJERCICIO 4. OPCION A."
MATES_II,Geometría,2001,Reserva 2,Ejercicio 4 Opción B,"3x+2y=0
3x+ z=0'
Sea r la recta de ecuaciones r -|
a) Halla los puntos de r cuya distancia al origen de coordenadas es de 7 unidades.
b) Halla la ecuación del plano perpendicular a r que pasa por el punto P =(1,2,-1).
MATEMÁTICAS I1. 2001. RESERVA 2. EJERCICIO 4. OPCIÓN B."
MATES_II,Geometría,2001,Reserva 3,Ejercicio 4 Opción A,"Halla las coordenadas del punto simétrico de A(0,—1,1) con respecto a la recta
x-5 z-2
ES
MATEMÁTICAS HI. 2001. RESERVA 3. EJERCICIO 4. OPCIÓN A."
MATES_II,Geometría,2001,Reserva 3,Ejercicio 4 Opción B,"2 z-3
Halla el punto de la recta A que equidista del punto A(1,2,1) y del origen de
2
coordenadas.
MATEMÁTICAS II. 2001. RESERVA 3. EJERCICIO 4. OPCIÓN B."
MATES_II,Geometría,2001,Reserva 4,Ejercicio 3 Opción B,"Determina todos los puntos del plano 2x— y+2z—1=0 que equidistan de los puntos A(3,0,-2)
y B(1,2,0) . ¿Qué representan geométricamente?.
MATEMÁTICAS I1. 2001. RESERVA 4. EJERCICIO 3. OPCIÓN B."
MATES_II,Geometría,2001,Reserva 4,Ejercicio 4 Opción A,"Considera el plano 2x+ y+2z-4=0
a) Halla el área del triángulo cuyos vértices son los puntos de corte del plano dado con los ejes
coordenados.
b) Calcula la distancia del origen al plano dado.
MATEMÁTICAS Il. 2001. RESERVA 4. EJERCICIO 4. OPCIÓN A."
MATES_II,Geometría,2001,Septiembre,Ejercicio 4 Opción A,"Considera los tres planos siguientes: TT, =X+Y+Z=13,=xX-—yY+Z=2; ,=3x+y+3z=5.
¿Se cortan Tm, y Tr, ?.¿Hay algún punto que pertenezca a los tres planos?.
MATEMÁTICAS Il. 2001. SEPTIEMBRE. EJERCICIO 4. OPCIÓN A."
MATES_II,Geometría,2001,Septiembre,Ejercicio 4 Opción B,"Considera los puntos A(1,2,3), B(3,2,1) y C(2,0,2). Halla el punto simétrico del origen de
coordenadas respecto del plano que contiene a A,B y C.
MATEMÁTICAS II. 2001. SEPTIEMBRE. EJERCICIO 4. OPCIÓN B."
MATES_II,Geometría,2002,Junio,Ejercicio 4 Opción A,"Calcula la ecuación de una recta que pasa por el punto de intersección del plano
T=X+y-Z+6=0 con la recta 5=7=y-2=2+1 y es paralela a la recta
_ 3x+ y-4=0
—|4x-3y+z-1=0
MATEMÁTICAS Il. 2002. JUNIO. EJERCICIO 4. OPCIÓN A."
MATES_II,Geometría,2002,Junio,Ejercicio 4 Opción B,"Calcula el área del triángulo de vértices A(1,1,2) ; B(1,0,-1) 5 C(1,-3,2).
MATEMÁTICAS Il. 2002. JUNIO. EJERCICIO 4. OPCIÓN B."
MATES_II,Geometría,2002,Reserva 1,Ejercicio 4 Opcion A,"Considera los puntos A(1,-3,2), B(1,1,2) y C(1,1,-1).
a) ¿Pueden ser A, B y C vértices consecutivos de un rectángulo?. Justifica la respuesta.
b) Halla, si es posible las coordenadas de un punto D para que el paralelogramo ABCD sea un
rectángulo.
MATEMÁTICAS II. 2002. RESERVA 1. EJERCICIO 4. OPCION A."
MATES_II,Geometría,2002,Reserva 1,Ejercicio 4 Opción B,"Considera los puntos A(1,1,1);B(2,2,2);C (1,1,0) y D(1,0,0).
a) Halla la ecuación del plano que contiene a los puntos A y B y no corta a la recta determinada
por CyD.
b) Halla las ecuaciones de la recta determinada por los puntos medios de los segmentos AB y CD.
MATEMÁTICAS Il. 2002. RESERVA 1. EJERCICIO 4. OPCIÓN B."
MATES_II,Geometría,2002,Reserva 2,Ejercicio 3 Opcion A,"Considera los puntos A(1,-1,2), B(1,3,0)y C(0,0,1). Halla el punto simétrico de A respecto
de la recta que pasa por B y C.
MATEMÁTICAS II. 2002. RESERVA 2. EJERCICIO 3. OPCION A."
MATES_II,Geometría,2002,Reserva 2,Ejercicio 3 Opción B,"Sea rrel plano de ecuación 3x—y + 2z-4 =0
a) Halla la ecuación del plano r, que es paralelo a ry pasa por el punto P =(1,—2,2).
b) Halla la ecuación del plano 1 perpendicular a ambos que contiene a la recta
X-y+z=1
r=
2x+ y-4z=1
MATEMÁTICAS I1. 2002. RESERVA 2. EJERCICIO 3. OPCIÓN B."
MATES_II,Geometría,2002,Reserva 3,Ejercicio 4 Opción A,"+3y+z= 1
Halla el punto de la recta r = Ñ y. ; que está más cercano al punto P (1,—1,0).
y+z=-
MATEMÁTICAS HI. 2002. RESERVA 3. EJERCICIO 4. OPCIÓN A."
MATES_II,Geometría,2002,Reserva 3,Ejercicio 4 Opcion B,". o x+z-a=0
Considera la recta r y el plano rsiguientes: r = , T=2x-y=b
y-az-1=0
a) Determina a y b sabiendo que r está contenida en z.
b) Halla la ecuación de un plano que contenga a r y sea perpendicular a z.
MATEMÁTICAS II. 2002. RESERVA 3. EJERCICIO 4. OPCION B."
MATES_II,Geometría,2002,Reserva 4,Ejercicio 4 Opción A,"Determina la recta que no corta al plano de ecuación x— y+Z=7 y cuyo punto más cercano al
origen es(1,2,3).
MATEMÁTICAS II. 2002. RESERVA 4. EJERCICIO 4. OPCIÓN A."
MATES_II,Geometría,2002,Reserva 4,Ejercicio 4 Opción B,"se cortan, determina a y el
Sabiendo que las rectas: El
x+y=z=1 x—-2y-z=a
s=
x-y=2 2x+z=a
punto de corte.
MATEMÁTICAS Il. 2002. RESERVA 4. EJERCICIO 4. OPCIÓN B."
MATES_II,Geometría,2002,Septiembre,Ejercicio 4 Opción A,"Los puntos A(1,0,2) y B(-1,0,-2) son vértices opuestos de un cuadrado.
a) Calcula el área del cuadrado.
b) Calcula el plano perpendicular al segmento de extremos A y B que pasa por su punto medio.
MATEMÁTICAS Il. 2002. SEPTIEMBRE. EJERCICIO 4. OPCIÓN A."
MATES_II,Geometría,2002,Septiembre,Ejercicio 4 Opción B,"Considera el plano T=x-— y+2z=3 y el punto A(-1,—4,2).
a) Halla la ecuación de la recta perpendicular a Tr que pasa por A.
b) Halla el punto simétrico de A respecto de Tr .
MATEMÁTICAS Il. 2002. SEPTIEMBRE. EJERCICIO 4. OPCIÓN B."
MATES_II,Geometría,2003,Junio,Ejercicio 3 Opción A,"Considera los vectores u =(1,1,1), v=(2,2,a) y w=(2,0,0).
a) Halla los valores de a para los que los vectores u, v y w son linealmente independientes.
> > >
>
b) Determina los valores de a para los que los vectores u+ v y u— w son ortogonales.
MATEMÁTICAS Il. 2003. JUNIO. EJERCICIO 3. OPCIÓN A."
MATES_II,Geometría,2003,Junio,Ejercicio 4 Opción A,"x=1+u
Sabiendo que las rectas: r=x=y=Z y s=3% y=3+p se cruzan, halla los puntos A y B, der y s
Z=-u
respectivamente, que están a mínima distancia.
MATEMÁTICAS II. 2003. JUNIO. EJERCICIO 4. OPCIÓN A."
MATES_II,Geometría,2003,Junio,Ejercicio 4 Opción,"x—1 cas
Determina el punto P de la recta r = >? =3 que equidista de los planos
x=-3+4
T|=xX+y+Z4+3=0 y 7,= yA +A
MATEMÁTICAS Il. 2003. JUNIO. EJERCICIO 4. OPCIÓN"
MATES_II,Geometría,2003,Reserva 1,Ejercicio 4 Opción A,"x-3y+z=0
Considera el plano T=x-2y+1=0 y la recta r =(
x—y+az+2=0
a) Halla el valor de a sabiendo que la recta está contenida en el plano.
% x-3y+z=0
b) Calcula el ángulo formado por el plano ry la recta s=
x—y+z+2=0
MATEMÁTICAS Il. 2003. RESERVA 1. EJERCICIO 4. OPCIÓN A."
MATES_II,Geometría,2003,Reserva 2,Ejercicio 4 Opción A,"x+y+z+2=0
Considera el punto P (-2,3,0) y la recta r =
2x-2y+z+1=0
a) Halla la ecuación del plano que pasa por P y contiene a la recta r.
b) Determina el punto de r más próximo a P.
MATEMÁTICAS Il. 2003. RESERVA 2. EJERCICIO 4. OPCIÓN A."
MATES_II,Geometría,2003,Reserva 2,Ejercicio 4 Opción B,"Considera una recta r y un plano rcuyas ecuaciones son, respectivamente;
x=t *x=Q
y=tp (teR)
z=0 Z= B
a) Estudia la posición relativa de la recta r y el plano z.
b) Dados los puntos B(4,4,4) y C(0,0,0), halla un punto A en la recta r de manera que el
triángulo formado por los puntos A, B y C sea rectángulo en B.
MATEMÁTICAS Il. 2003. RESERVA 2. EJERCICIO 4. OPCIÓN B."
MATES_II,Geometría,2003,Reserva 3,Ejercicio 4 Opción A,"Halla la ecuación de la recta que pasa por el punto (3,1,—1),es paralela al plano 3x- y+z=4 y
corta a la recta intersección de los planos x+z=4 y x-2y+z=1.
MATEMÁTICAS Il. 2003. RESERVA 3. EJERCICIO 4. OPCIÓN A."
MATES_II,Geometría,2003,Reserva 3,Ejercicio 4 Opcion B,"x+y=z=1
y=2
a) Calcula el haz de planos que contiene a la recta r.
b) Halla el plano que contiene a la recta r y corta al plano ren una recta paralela al plano z=0.
MATEMÁTICAS II. 2003. RESERVA 3. EJERCICIO 4. OPCION B."
MATES_II,Geometría,2003,Reserva 4,Ejercicio 4 Opción A,"Se sabe que el plano rr corta a los semiejes positivos de coordenadas en los puntos A, B y C,
siendo las longitudes de los segmentos OA, OB y OC de 4 unidades, donde O es el origen de
coordenadas.
a) Halla la ecuación del plano Tr .
b) Calcula el área del triángulo ABC.
c) Obtén un plano paralelo al plano Tr que diste 4 unidades del origen de coordenadas.
MATEMÁTICAS Il. 2003. RESERVA 4. EJERCICIO 4. OPCIÓN A."
MATES_II,Geometría,2003,Reserva 4,Ejercicio 4 Opción B,"x=l+a
Halla la perpendicular común a las rectas: r =4 y=a
z=-Q
MATEMÁTICAS Il. 2003. RESERVA 4. EJERCICIO 4. OPCIÓN B."
MATES_II,Geometría,2003,Septiembre,Ejercicio 4 Opción A,"Se sabe que los puntos A(1,0,-1), B(3,2,1) y C(-7,1,5) son vértices consecutivos de un
paralelogramo ABCD.
a) Calcula las coordenadas de D.
b) Halla el área del paralelogramo.
MATEMÁTICAS Il. 2003. SEPTIEMBRE. EJERCICIO 4. OPCIÓN A."
MATES_II,Geometría,2003,Septiembre,Ejercicio 4 Opción B,"Los puntos A(1,1,0)y B(2,2,1) son vértices consecutivos de un rectángulo ABCD. Además, se
sabe que los vértices C y D están contenidos en una recta que pasa por el origen de coordenadas.
Halla C y D.
MATEMÁTICAS Il. 2003. SEPTIEMBRE. EJERCICIO 4. OPCIÓN B."
MATES_II,Geometría,2004,Junio,Ejercicio 4 Opción A,"Sean los puntos A (1,2,1); B (2,3,1); C (0,5,3) y D (-1,4,3)
a) Prueba que los 4 puntos están en el mismo plano. Halla la ecuación de dicho plano.
b) Demuestra que el polígono de vértices consecutivos ABCD es un rectángulo.
c) Calcula el área de dicho rectángulo.
MATEMÁTICAS II. 2004. JUNIO. EJERCICIO 4. OPCIÓN A."
MATES_II,Geometría,2004,Junio,Ejercicio 4 Opción B,"> > >
Dados los vectores u =(2,1,0)y v =(=1,0,1), halla un vector unitario w que sea coplanario con
> >
u y v yortogonala v.
MATEMÁTICAS Il. 2004. JUNIO. EJERCICIO 4. OPCIÓN B."
MATES_II,Geometría,2004,Reserva 1,Ejercicio 4 Opcion A,"z=2 z=3
Halla la ecuación de una recta que corte a r y s y sea perpendicular al plano z=0.
MATEMÁTICAS II. 2004. RESERVA 1. EJERCICIO 4. OPCION A."
MATES_II,Geometría,2004,Reserva 1,Ejercicio 4 Opción B,"Sean los puntos A(1,0,—1) y B(2,-1,3).
a) Calcula la distancia del origen de coordenadas a la recta que pasa por A y por B.
b) Calcula el área del paralelogramo de vértices consecutivos ABCD sabiendo que la recta
determinada por los vértices C y D pasa por el origen de coordenadas.
MATEMÁTICAS Il. 2004. RESERVA 1. EJERCICIO 4. OPCIÓN B."
MATES_II,Geometría,2004,Reserva 2,Ejercicio 4 Opción A,"x=0
: : x=1=1-z
Halla la distancia entre las rectas: r = z-2 y
y=1==3 y=0
MATEMÁTICAS Il. 2004. RESERVA 2. EJERCICIO 4. OPCIÓN A."
MATES_II,Geometría,2004,Reserva 2,Ejercicio 4 Opcion B,"Considera los puntos P(6,-1,-10), Q(0,2,2) y R, que es el punto de intersección del plano
x+y+z-1=0 . .
T=2x+1y+Z-2=0 y la recta r = . Determina A, sabiendo que los puntos P,
y=1
Q yR están alineados.
MATEMÁTICAS II. 2004. RESERVA 2. EJERCICIO 4. OPCION B."
MATES_II,Geometría,2004,Reserva 3,Ejercicio 4 Opción A,"x=1+1
Considera el plano T=2x+ y—Z+7=0 y la recta r=3y=1+24
z=1+4+31
a) Halla la ecuación de un plano perpendicular a x y que contenga a la recta r.
b) ¿Hay algún plano paralelo a r que contenga a la recta r?. En caso afirmativo determina sus
ecuaciones.
MATEMÁTICAS Il. 2004. RESERVA 3. EJERCICIO 4. OPCIÓN A."
MATES_II,Geometría,2004,Reserva 3,Ejercicio 4 Opcion B,"x+y-2=0 x+y-6=0
Las rectas r = y s=
2x+2y+z-4=0
contienen dos lados de un cuadrado.
a) Calcula el área del cuadrado.
b) Halla la ecuación del plano que contiene al cuadrado.
MATEMÁTICAS II. 2004. RESERVA 3. EJERCICIO 4. OPCION B."
MATES_II,Geometría,2004,Reserva 4,Ejercicio 4 Opción A,"Calcula el área del triángulo de vértices A(0,0,1), B(0,1,0) y C, siendo C la proyección
ortogonal del punto (1,1,1) sobre el plano x+ y+z=1.
MATEMÁTICAS Il. 2004. RESERVA 4. EJERCICIO 4. OPCIÓN A."
MATES_II,Geometría,2004,Reserva 4,Ejercicio 4 Opción B,"Ñ x-2y+z=0
Considera el punto A(0,1,—1), la recta r = y el plano T=x-2y-Z=2. Halla la
2x-z=-A4
ecuación de la recta que pasa por A, es paralela a Tí y corta ar.
MATEMÁTICAS Il. 2004. RESERVA 4. EJERCICIO 4. OPCIÓN B."
MATES_II,Geometría,2004,Septiembre,Ejercicio 4 Opción A,"Se sabe que el triángulo ABC es rectángulo en el vértice C, que pertenece a la recta intersección
de los planos y+z=1 e y-3z+3=0, y que sus otros dos vértices son A(2,0,1) y B(0,-3,0).
Halla C y el área del triángulo ABC.
MATEMÁTICAS Il. 2004. SEPTIEMBRE. EJERCICIO 4. OPCIÓN A."
MATES_II,Geometría,2004,Septiembre,Ejercicio 4 Opción B,"x=1l x=B
Halla la perpendicular común a las rectas: r=4y=1 y s=<y=B-l
zZ=0 z=-1
MATEMÁTICAS II. 2004. SEPTIEMBRE. EJERCICIO 4. OPCIÓN B."
MATES_II,Geometría,2005,Junio,Ejercicio 4 Opción A,"x+2y=6
z=2
a) Halla la ecuación del plano que contiene a P yar.
b) Calcula el punto simétrico de P respecto de la recta r.
MATEMÁTICAS Il. 2005. JUNIO. EJERCICIO 4. OPCIÓN A."
MATES_II,Geometría,2005,Junio,Ejercicio 4 Opción B,"Sean los vectores: y, =(0,1,0) , v,=(2,1, 1D) y y, =(2,3, D.
a) ¿Son los vectores v, , V, y V, linealmente dependientes?.
b) ¿Para qué valores de a el vector (4,a +3,-2) puede expresarse como combinación lineal de
. A
los vectores v, , V, y V,?.
c) Calcula un vector unitario y perpendicular a v y Y .
MATEMÁTICAS Il. 2005. JUNIO. EJERCICIO 4. OPCIÓN B."
MATES_II,Geometría,2005,Reserva 1,Ejercicio 4 Opcion A,"2x-y-1=0
x+z=0
Sea el punto P(1,0,-3) y la recta r =|
a) Halla la ecuación del plano que contiene a P y es perpendicular a r.
b) Calcula las coordenadas del punto simétrico de P respecto de r.
MATEMÁTICAS II. 2005. RESERVA 1. EJERCICIO 4. OPCION A."
MATES_II,Geometría,2005,Reserva 1,Ejercicio 4 Opcion B,"Se sabe que los puntos A(m,0,1);B(0,1,2);C (1,2,3) y D(7,2,1) están en un mismo plano.
a) Halla m y calcula la ecuación de dicho plano.
b) ¿Están los puntos B,C y D alineados?
MATEMÁTICAS II. 2005. RESERVA 1. EJERCICIO 4. OPCION B."
MATES_II,Geometría,2005,Reserva 2,Ejercicio 4 Opción A,"son paralelas.
x+y=z-3=0 ax+6y+6=0
Se sabe que las rectas: r = y S=
x+2y-2=0 x-2z7+2=0
a) Calcula a.
b) Halla la ecuación del plano que contiene a las rectas r y s.
MATEMÁTICAS HI. 2005. RESERVA 2. EJERCICIO 4. OPCIÓN A."
MATES_II,Geometría,2005,Reserva 2,Ejercicio 4 Opción B,"x+z-2=0
Considera las rectas r -l
x—-y-1=0
a) Halla la ecuación del plano Tr que contiene a s y es paralelo a r.
b) Calcula la distancia de la recta r al plano Tr.
MATEMÁTICAS Il. 2005. RESERVA 2. EJERCICIO 4. OPCIÓN B."
MATES_II,Geometría,2005,Reserva 3,Ejercicio 4 Opción A,"Considera el punto A(0,-3,1),el plano 1=2x-2y+3z=0 y la recta r=x+3=y= 2
a) Determina la ecuación del plano que pasa por A y contiene a r.
b) Determina la ecuación de la recta que pasa por A, es paralela a T y corta ar.
MATEMÁTICAS HI. 2005. RESERVA 3. EJERCICIO 4. OPCIÓN A."
MATES_II,Geometría,2005,Reserva 3,Ejercicio 4 Opcion B,"x=1+t
x—-y+z=3 . .
Se sabe que las rectas: r=3y=-l-=t y s= y están contenidas en un mismo plano.
b+t 6x+2z=2
z=b+
a) Calcula b.
b) Halla la ecuación del plano que contiene a las rectas r y s.
MATEMÁTICAS II. 2005. RESERVA 3. EJERCICIO 4. OPCION B."
MATES_II,Geometría,2005,Reserva 4,Ejercicio 4 Opción A,"Calcula la distancia entre las rectas: r =
MATEMÁTICAS Il. 2005. RESERVA 4. EJERCICIO 4. OPCIÓN A."
MATES_II,Geometría,2005,Reserva 4,Ejercicio 4 Opción B,"Sean A(-3,4,0); B(3,6,3) y C(-1,2,1) los vértices de un triángulo.
a) Halla la ecuación del plano Tr que contiene al triángulo.
b) Halla la ecuación de la recta que es perpendicular a T y pasa por el origen de coordenadas.
c) Calcula el área del triángulo ABC.
MATEMÁTICAS Il. 2005. RESERVA 4. EJERCICIO 4. OPCIÓN B."
MATES_II,Geometría,2005,Septiembre,Ejercicio 4 Opcion A,"-2
Considera un plano T=x+y+mz=3 y la recta rex=y-1=5
a) Halla m para quer y T sean paralelos.
b) Halla m para que r y Tí sean perpendiculares.
c) ¿Existe algún valor de m para que la recta r esté contenida en el plano T ?.
MATEMÁTICAS II. 2005. SEPTIEMBRE. EJERCICIO 4. OPCION A."
MATES_II,Geometría,2005,Septiembre,Ejercicio 4 Opción B,"Sean los planos mr, =2x+ y—z+5=0 y 7, =x+2y+z4+2=0.
a) Calcula las coordenadas del punto P sabiendo que está en el plano rr, y que su proyección
ortogonal sobre el plano rr, es el punto(1,0,-3).
b) Calcula el punto simétrico de P respecto del plano r,
MATEMÁTICAS HI. 2005. SEPTIEMBRE. EJERCICIO 4. OPCIÓN B."
MATES_II,Geometría,2006,Junio,Ejercicio 4 Opción A,". .z .Z x=
Considera el plano íT de ecuación 2x+ y—-Z+2=0 y la recta r de ecuación
a) Halla la posición relativa de r y r según los valores del parámetro m.
b) Para m=-3, halla el plano que contiene a la recta r y es perpendicular al planorr .
c) Para m=3, halla el plano que contiene a la recta r y es paralelo al plano .
MATEMÁTICAS II. 2006. JUNIO. EJERCICIO 4. OPCIÓN A."
MATES_II,Geometría,2006,Junio,Ejercicio 4 Opción B,"x+y-z-3=0
x+2z+1=0
a) Halla la ecuación del plano que contiene a P y a la recta r.
b) Determina las coordenadas del punto Q simétrico de P respecto de la recta r.
MATEMÁTICAS II. 2006. JUNIO. EJERCICIO 4. OPCIÓN B."
MATES_II,Geometría,2006,Reserva 1,Ejercicio 3 Opcion A,"Sean u=(x,2,0), v=(x,-2,1) y w=(2,-x,-4x) tres vectores de R?.
a) Determina los valores de x para los que los vectores son linealmente independientes.
b) Halla los valores de x para los que los vectores son ortogonales dos a dos.
MATEMÁTICAS II. 2006. RESERVA 1. EJERCICIO 3. OPCION A."
MATES_II,Geometría,2006,Reserva 1,Ejercicio 4 Opción A,"x=a+t
Sea r la recta de ecuación 4 y=1-2t ys la recta de ecuación
z=4-1t
a) Calcula el valor de a sabiendo que las rectas r y s se cortan.
b) Calcula el punto de corte.
MATEMÁTICAS HI. 2006. RESERVA 1. EJERCICIO 4. OPCIÓN A."
MATES_II,Geometría,2006,Reserva 1,Ejercicio 4 Opción B,"Halla un punto A de la recta r de ecuación x=y=z y un punto B de la recta s de ecuación
1
MATEMÁTICAS Il. 2006. RESERVA 1. EJERCICIO 4. OPCIÓN B."
MATES_II,Geometría,2006,Reserva 2,Ejercicio 4 Opcion A,"Sea r la recta de ecuación
x-5_y+2_z | 3x-2y+z=2
=-— ysla recta dada por
-1. 4 y p
a) Determina la posición relativa de ambas rectas.
b) Halla la ecuación del plano que contiene a la recta r y es paralelo a la recta s.
MATEMÁTICAS II. 2006. RESERVA 2. EJERCICIO 4. OPCION A."
MATES_II,Geometría,2006,Reserva 2,Ejercicio 4 Opción B,"x+y+z=1
x-2y+3z=0
a) Determina la ecuación del plano que contiene a la recta r y no corta al eje OZ.
b) Calcula la proyección ortogonal del punto A(1,2,1) sobre la recta r.
MATEMÁTICAS II. 2006. RESERVA 2. EJERCICIO 4. OPCIÓN B."
MATES_II,Geometría,2006,Reserva 3,Ejercicio 4 Opción A,"z-3
2
Considera los puntos A(2,1,2) y B(0,4,1) y la recta r de ecuación x= y-2=
a) Determina un punto C de la recta r que equidiste de los puntos A y B.
b) Calcula el área del triángulo de vértices ABC.
MATEMÁTICAS Il. 2006. RESERVA 3. EJERCICIO 4. OPCIÓN A."
MATES_II,Geometría,2006,Reserva 3,Ejercicio 4 Opción B,"Halla la ecuación de un plano que sea paralelo al plano T de ecuación x+ y+z=1 y forme con
los ejes de coordenadas un triángulo de área 18 Va.
MATEMÁTICAS Il. 2006. RESERVA 3. EJERCICIO 4. OPCIÓN B."
MATES_II,Geometría,2006,Reserva 4,Ejercicio 4 Opción A,"y el plano rr de ecuación x— y+z+1=0.
.,  X=—l +2 z-3
Sea la recta r de ecuación LA
3
Calcula el área del triángulo de vértices ABC, siendo A el punto de corte de la recta r y el plano
TT, B el punto (2,1,2) de la recta r y C la proyección ortogonal del punto B sobre el plano T .
MATEMÁTICAS Il. 2006. RESERVA 4. EJERCICIO 4. OPCIÓN A."
MATES_II,Geometría,2006,Reserva 4,Ejercicio 4 Opción B,"Halla las ecuaciones paramétricas de una recta sabiendo que corta a la recta r de ecuación
x=y=2z,es paralela al plano T de ecuación 3x+2y-z=4 y pasa por el punto A(1,2,-1).
MATEMÁTICAS Il. 2006. RESERVA 4. EJERCICIO 4. OPCIÓN B."
MATES_II,Geometría,2006,Septiembre,Ejercicio 4 Opción A,"Determina los puntos de la recta r de ecuaciones z—3 que equidistan del plano x de
-1
y 2
ecuación x+z=1 y del plano m' de ecuación y—-z=3.
MATEMÁTICAS I1. 2006. SEPTIEMBRE. EJERCICIO 4. OPCIÓN A."
MATES_II,Geometría,2006,Septiembre,Ejercicio 4 Opción B,"Considera los puntos A(1,0,-2) y B(-2,3,1)
a) Determina los puntos del segmento AB que lo dividen en tres partes iguales
b) Calcula el área del triángulo de vértices A, B y C, donde C es un punto de la recta de
ecuación —-x = y—1=z. (¿Depende el resultado de la elección concreta del punto C?
MATEMÁTICAS Il. 2006. SEPTIEMBRE. EJERCICIO 4. OPCIÓN B."
MATES_II,Geometría,2007,Junio,Ejercicio 4 Opción A,"Considera los planos de ecuaciones: x-y+zZz=0 y x+y-=z=2
a) Determina la recta que pasa por el punto A(1,2,3) y no corta a ninguno de los planos dados.
b) Determina los puntos que equidistan de A(1,2,3) y B(2,1,0) y pertenecen a la recta intersección
de los planos dados.
MATEMÁTICAS Il. 2007. JUNIO. EJERCICIO 4. OPCIÓN A"
MATES_II,Geometría,2007,Junio,Ejercicio 4 Opción B,"a) Calcula los valores de x sabiendo que el triángulo ABC de vértices A(0,3,-1) , B(0,1,5) y
C(x,4,3) tiene un ángulo recto en C.
b) Halla la ecuación del plano que pasa por los puntos (0,1,5) y (3,4,3) y es paralelo a la recta
Xx-y+z=0
definida por las ecuaciones |
2x+ y=3
MATEMÁTICAS Il. 2007. JUNIO. EJERCICIO 4. OPCIÓN B"
MATES_II,Geometría,2007,Reserva 1,Ejercicio 4Opción A,"y-1_z-3
2 3
Sea r la recta definida por =S =< y s la recta definida por
a) Halla k sabiendo que las rectas r y s se cortan en un punto.
b) Determina la ecuación del plano que contiene a las rectas r y s.
MATEMÁTICAS HI. 2007. RESERVA 1. EJERCICIO 4.OPCIÓN A."
MATES_II,Geometría,2007,Reserva 1,Ejercicio 4Opción B,"Halla la ecuación de la recta contenida en el plano de ecuación x+2y+3z-1=0 que corta
. o. x=2z+4
perpendicularmente a la recta definida por en el punto(2,1,—1).
y =2z7+3
MATEMÁTICAS 11. 2007. RESERVA 1. EJERCICIO 4.OPCIÓN B."
MATES_II,Geometría,2007,Reserva 2,Ejercicio 4Opción A,"-1
Considera la recta r definida por X 2 y el plano Tr de ecuación 2x-— y+fz=0.
al
Determina a y B en cada uno de los siguientes casos:
a) La recta r es perpendicular al plano T .
b) La recta r está contenida en el plano Tr.
MATEMÁTICAS HI. 2007. RESERVA 2. EJERCICIO 4.OPCIÓN A."
MATES_II,Geometría,2007,Reserva 2,Ejercicio 4Opción B,"Calcula la distancia del punto P (1,—3,7) a su punto simétrico respecto de la recta definida por
DA
X+y-Zz+6=0
MATEMÁTICAS Il. 2007. RESERVA 2. EJERCICIO 4.OPCIÓN B."
MATES_II,Geometría,2007,Reserva 3,Ejercicio 4Opción A,"Encuentra la ecuación de la recta r que pasa por el origen de coordenadas y es paralela a los
planos rr, de ecuación X+ y+Z= 3/3 y T, de ecuación —x+y+z=2.
b) Halla la distancia de la recta r al planor, .
MATEMÁTICAS II. 2007. RESERVA 3. EJERCICIO 4.OPCIÓN A."
MATES_II,Geometría,2007,Reserva 3,Ejercicio 4 Opcion B,"2x-y=5
2x+ y-4z=7
Considera el punto P (1,0,—2) y la recta r definida por |
a) Determina la recta perpendicular a r que pasa por P.
b) Halla la distancia entre el punto P y su simétrico Q respecto de la recta r.
MATEMÁTICAS II. 2007. RESERVA 3. EJERCICIO 4. OPCION B."
MATES_II,Geometría,2007,Reserva 4,Ejercicio 4 Opción A,"Considera el plano rT de ecuación 2x+2y-z—6=0 y el punto P (1,0,—1).
a) Calcula la recta que pasa por el punto P y es perpendicular al plano Tr .
b) Encuentra el punto simétrico de P respecto del plano r
MATEMÁTICAS HI. 2007. RESERVA 4. EJERCICIO 4. OPCIÓN A."
MATES_II,Geometría,2007,Reserva 4,Ejercicio 4 Opción B,"-1 1
Considera el plano í de ecuación 2x+2y—zZz—6=0 y la recta r definida por > = e =>
a) Calcula el área del triángulo cuyos vértices son los puntos de corte del plano rr con los ejes
de coordenadas.
b) Calcula, razonadamente, la distancia de la recta r al planor .
MATEMÁTICAS II. 2007. RESERVA 4. EJERCICIO 4. OPCIÓN B."
MATES_II,Geometría,2007,Septiembre,Ejercicio 4 Opción A,"a) Halla los dos puntos que dividen al segmento de extremos A(1,2,1) y B(-1,0,3) en tres
partes iguales
b) Determina la ecuación del plano perpendicular al segmento AB que pasa por su punto
medio.
MATEMÁTICAS II. 2007. SEPTIEMBRE. EJERCICIO 4. OPCIÓN A."
MATES_II,Geometría,2007,Septiembre,Ejercicio 4 Opción B,"Considera los vectores u =(1,1,m), v=(0,m,-1) y w=(1,2m,0).
>> >
a) Determina el valor de m para que los vectores u, v y w sean linealmente dependientes.
>
b) Para el valor de m obtenido en el apartado anterior, expresa el vector w como combinación
. > >
lineal de los vectores u y v.
MATEMÁTICAS HI. 2007. SEPTIEMBRE. EJERCICIO 4. OPCIÓN B."
MATES_II,Geometría,2008,Junio,Ejercicio 4 Opción A,"x-1_y+1_z-2
20301
a) Halla la ecuación del plano que pasa por el origen y contiene a r.
Dada la recta r definida por:
b) Halla la ecuación del plano que pasa por el origen y es perpendicular a r.
MATEMÁTICAS Il. 2008. JUNIO. EJERCICIO 4. OPCIÓN A"
MATES_II,Geometría,2008,Junio,Ejercicio 4 Opción B,"Dados los puntos A(2,1,1) y B(0,0,1), halla los puntos C en el eje OX tales que el área del
triángulo de vértices A, B y Ces 2.
MATEMÁTICAS Il. 2008. JUNIO. EJERCICIO 4. OPCIÓN B"
MATES_II,Geometría,2008,Reserva 1,Ejercicio 4 Opción A,"Los puntos A=(-2,3,1), B=(2,-1,3) y C =(0,1,-—2) son vértices consecutivos del
paralelogramo ABCD.
a) Halla las coordenadas del vértice D.
b) Encuentra la ecuación de la recta que pasa por B y es paralela a la diagonal AC.
c) Halla la ecuación del plano que contiene a dicho paralelogramo.
MATEMÁTICAS Il. 2008. RESERVA 1. EJERCICIO 4. OPCIÓN A"
MATES_II,Geometría,2008,Reserva 1,Ejercicio 4Opción B,"2
Sea la recta r dada por | y el plano r definido por x+my=z=1
xX-y-z=-m
a) ¿Existe algún valor de m para el que Tr y r son paralelos?.
b) ¿Para qué valor de m está la recta contenida en el plano?.
c) ¿Cuál es la posición relativa de la recta y el plano cuando m=07.
MATEMÁTICAS Il. 2008. RESERVA 1. EJERCICIO 4.OPCIÓN B."
MATES_II,Geometría,2008,Reserva 2,Ejercicio 4Opción A,"x=0 o
y la recta s definida por
+Z=
Considera la recta r definida por la
y
a) Estudia la posición relativa de r y s.
b) Halla la ecuación general de un plano que contiene a s y es paralelo a r.
MATEMÁTICAS II. 2008. RESERVA 2. EJERCICIO 4.OPCIÓN A."
MATES_II,Geometría,2008,Reserva 2,Ejercicio 4Opción B,"x=1
Sea la recta r definida por ) y sean los planos r, de ecuación x+ y+z=0, y T.,, de
x-y=
ecuación y+z=0. Halla la ecuación de la recta contenida en el planor,, que es paralela al
plano r., y que corta a la recta r.
MATEMÁTICAS Il. 2008. RESERVA 2. EJERCICIO 4.OPCIÓN B."
MATES_II,Geometría,2008,Reserva 3,Ejercicio 40Pción A,"Se sabe que los planos de ecuaciones: x+2y+bz=1;2x+y+bz=0;3x+3y-2z=1
cortan en una recta r.
a) Calcula el valor de b.
b) Halla unas ecuaciones paramétricas de r.
MATEMÁTICAS II. 2008. RESERVA 3. EJERCICIO 4.0PCIÓN A."
MATES_II,Geometría,2008,Reserva 3,Ejercicio 4 Opcion B,"x-y=z=-1
halla las
x-2z=-5
Dados los puntos A=(2,1,—1) y B=(-2,3,1) y la recta r definida por |
coordenadas de un punto de la recta r que equidiste de los puntos A y B.
MATEMÁTICAS II. 2008. RESERVA 3. EJERCICIO 4. OPCION B."
MATES_II,Geometría,2008,Reserva 4,Ejercicio 4 Opción A,"Se considera la recta r definida pormx=y=z+2(mx%0), y la recta s definida por
a) Halla el valor de m para el quer y s son perpendiculares.
b) Deduce razonadamente si existe algún valor de m para el quer y s son paralelas.
MATEMÁTICAS Il. 2008. RESERVA 4. EJERCICIO 4. OPCIÓN A"
MATES_II,Geometría,2008,Reserva 4,Ejercicio 4 Opción B,"Considera los puntos A=(2,0,1),B =(-1,1,2), C =(2,2,1) y D=(3,1,0).
a) Calcula la ecuación del plano Tr que contiene a los puntos B.C y D.
b) Halla el punto simétrico de A respecto del plano T .
MATEMÁTICAS Il. 2008. RESERVA 4. EJERCICIO 4. OPCIÓN B."
MATES_II,Geometría,2008,Septiembre,Ejercicio 4 Opción A,"x=z=-1
2y+z=3
Sea la recta s dada por |
a) Halla la ecuación del plano rr, que es paralelo a la recta s y que contiene a la recta r, dada
por x-1=-y+2=z-3
b) Estudia la posición relativa de la recta s y el plano 1, ,de ecuación x+ y=3, y deduce la
distancia entre ambos.
MATEMÁTICAS II. 2008. SEPTIEMBRE. EJERCICIO 4. OPCIÓN A."
MATES_II,Geometría,2008,Septiembre,Ejercicio 4 Opción B,"Dados los puntos A=(1,1,0) , B=(1,1,2) y C =(1,—1,1).
a) Comprueba que no están alineados y calcula el área del triángulo que determinan.
b) Halla la ecuación del plano que contiene el punto A y es perpendicular a la recta
determinada por B y C.
MATEMÁTICAS Il. 2008. SEPTIEMBRE. EJERCICIO 4. OPCIÓN B."
MATES_II,Geometría,2009,Junio,Ejercicio 4 Opción A,"x=1 x=
Se considera la recta r definida por r=< y=1 y la recta s definida por s=4 y=pu-1. Halla la
z=24-2 z=-1
ecuación de la recta perpendicular común a r ys.
MATEMÁTICAS Il. 2009. JUNIO. EJERCICIO 4. OPCIÓN A."
MATES_II,Geometría,2009,Junio,Ejercicio 4 Opción B,"x+
Considera la recta r definida por | y y la recta s que pasa por los puntos A(2,1,0) y
y
+z=0
B(1,0,-1).
a) Estudia la posición relativa de ambas rectas.
b) Determina un punto C de la recta r tal que los segmentos CA y CB sean perpendiculares.
MATEMÁTICAS Il. 2009. JUNIO. EJERCICIO 4. OPCIÓN B."
MATES_II,Geometría,2009,Reserva 1,Ejercicio 4 Opcion A,"2x+y+z=7
x+y=2
Considera el punto A(1,—2,1) y la recta r definida por las ecuaciones y )
a) Halla la ecuación del plano perpendicular a r que pasa por A.
b) Calcula la distancia del punto A a la recta r.
MATEMÁTICAS II. 2009. RESERVA 1. EJERCICIO 4. OPCION A."
MATES_II,Geometría,2009,Reserva 1,Ejercicio 4 Opción B,"; x=4+34
Considera la recta r definida por 2 y> >) y la recta s definida por y=3-—A
X—-Z=
z=5+4h
Halla la ecuación del plano que contiene a r y es paralelo a s.
MATEMÁTICAS I1. 2009. RESERVA 1. EJERCICIO 4. OPCIÓN B."
MATES_II,Geometría,2009,Reserva 2,Ejercicio 4 Opción A,"x-2y-1=0
Considera el punto P(1,0,-2), la recta r definida por
y+z-2=0
) y el plano rr de ecuación
2x+ y+3z-1=0.
a) Halla la ecuación del plano que pasa por P, es paralelo a r y es perpendicular ar.
b) Halla la ecuación de la recta que pasa por P, corta a r y es paralela a Tr.
MATEMÁTICAS Il. 2009. RESERVA 2. EJERCICIO 4. OPCIÓN A."
MATES_II,Geometría,2009,Reserva 2,Ejercicio 4 Opción B,"Considera el plano T de ecuación 3x-2y-2z=7 y la recta r definida por Xx
a) Determina la ecuación del plano paralelo a Tí que contiene a r.
b) Halla la ecuación del plano ortogonal a Tí que contiene a r.
MATEMÁTICAS Il. 2009. RESERVA 2. EJERCICIO 4. OPCIÓN B."
MATES_II,Geometría,2009,Reserva 3,Ejercicio 4Opción A,"Halla la ecuación de la recta que pasa por el punto A(1,1,—1), paralela al plano de ecuación
x—y+z=1 y corta al eje Z.
MATEMÁTICAS Il. 2009. RESERVA 3. EJERCICIO 4.OPCIÓN A."
MATES_II,Geometría,2009,Reserva 3,Ejercicio 4Opción B,"o. 3x+2y=0
Sea la recta r definida por
3x+z=0
a) Determina la ecuación del plano perpendicular a r que pasa por el punto P(1,1,1).
b) Halla los puntos de r cuya distancia al origen es de 4 unidades.
MATEMÁTICAS Il. 2009. RESERVA 3. EJERCICIO 4.OPCIÓN B."
MATES_II,Geometría,2009,Reserva 4,Ejercicio 4 Opción A,"0% x-y=-2
Sean la recta r definida por
X-Z=-
) y la recta s definida por 2
a) Estudia la posición relativa de r y s.
b) Halla la ecuación del plano que contiene a s y es paralelo a r.
MATEMÁTICAS Il. 2009. RESERVA 4. EJERCICIO 4. OPCIÓN A."
MATES_II,Geometría,2009,Reserva 4,Ejercicio 4 Opción B,"Sea el punto P(2,3,—1) y la recta r definida por
x-2y-4z=1
x+ a)
a) Halla la ecuación del plano que pasa por P y contiene a r.
b) Halla el punto de r que está más cerca de P.
MATEMÁTICAS Il. 2009. RESERVA 4. EJERCICIO 4. OPCIÓN B."
MATES_II,Geometría,2009,Septiembre,Ejercicio 4 Opción A,"Considera el punto P (1,0,0), la recta r definida por x-3 =7= e y la recta s definida por
(x, y,z) =(1,1,0)+4(=1,2,0).
a) Estudia la posición relativa de r y s.
b) Halla la ecuación del plano que pasando por P es paralelo a r y s.
MATEMÁTICAS Il. 2009. SEPTIEMBRE. EJERCICIO 4. OPCIÓN A."
MATES_II,Geometría,2009,Septiembre,Ejercicio 4 Opción B,": o x—-y+3=0
Considera la recta r definida por
) y la recta s definida por
x+ y-z-1= x-2z+3=0
2y+1= o!
a) Determina la ecuación del plano que contiene a r y es paralelo a s.
b) ¿Existe algún plano que contenga a r y sea perpendicular a s?. Razona la respuesta.
MATEMÁTICAS Il. 2009. SEPTIEMBRE. EJERCICIO 4. OPCIÓN B."
MATES_II,Geometría,2010,Junio,Ejercicio 4 Opción A,"Considera las rectas r y s de ecuaciones:
x=1l=y=l-=z y l
x-2y=-1
y+z= 1
a) Determina su punto de corte.
b) Halla el ángulo que forma r y s.
c) Determina la ecuación del plano que contiene a r y s.
MATEMÁTICAS II. 2010. JUNIO. EJERCICIO 4. OPCIÓN A."
MATES_II,Geometría,2010,Junio,Ejercicio 4 Opción B,"Los puntos P(2,0,0) y Q(=1,12,4) son dos vértices de un triángulo. El tercer vértice S
4x4+3z=33
y=0
pertenece a la recta r de covación |
a) Calcula las coordenadas del punto S sabiendo que r es perpendicular a la recta que pasa por P
y S.
b) Comprueba si el triángulo es rectángulo.
MATEMÁTICAS II. 2010. JUNIO. EJERCICIO 4. OPCIÓN B."
MATES_II,Geometría,2010,Reserva 1,Ejercicio 4 Opción A,"Calcula el área del triángulo cuyos vértices son los puntos de intersección del plano
6x+3y+2z=6 con los ejes de coordenadas.
MATEMÁTICAS Il. 2010. RESERVA 1. EJERCICIO 4. OPCIÓN A."
MATES_II,Geometría,2010,Reserva 1,Ejercicio 4 Opción B,"Sean los puntos A(1,1,1), B(-1,2,0),C(2,1,2) y D(t,—2,2)
a) Determina el valor de t para que A, B,C y D estén en un mismo plano.
b) Halla la ecuación de un plano perpendicular al segmento determinado por A y B, que contenga
al punto C.
MATEMÁTICAS I1. 2010. RESERVA 1. EJERCICIO 4. OPCIÓN B"
MATES_II,Geometría,2010,Reserva 2,Ejercicio 4 Opción A,"z—-1
3
a) Determina la ecuación del plano formado por los puntos que equidistan de A y de B.
b) Halla la ecuación del plano paralelo a r y que contiene a los puntos A y B.
MATEMÁTICAS Il. 2010. RESERVA 2. EJERCICIO 4. OPCIÓN A."
MATES_II,Geometría,2010,Reserva 2,Ejercicio 4 Opción B,"Considera los puntos A(1,1,1), B(0,-2,2),C(-1,0,2) y D(2,—1,2)
a) Calcula el volumen del tetraedro de vértices A, B, C y D.
b) Determina la ecuación de la recta que pasa por D y es perpendicular al plano que contiene a los
puntos A, B y C.
MATEMÁTICAS Il. 2010. RESERVA 2. EJERCICIO 4. OPCIÓN B"
MATES_II,Geometría,2010,Reserva 3,Ejercicio 4 Opcion A,"Considera los puntos A(1,2,1) y B(-1,0,3).
a) Calcula las coordenadas de los puntos que dividen al segmento AB en tres partes iguales.
b) Halla la ecuación del plano perpendicular al segmento AB y que pasa por A.
MATEMÁTICAS II. 2010. RESERVA 3. EJERCICIO 4. OPCION A."
MATES_II,Geometría,2010,Reserva 3,Ejercicio 4 Opción B,"Considera el plano rx definido por 2x-— y+nz=0 y la recta r dada por Xx
mx0.
a) Calcula m y n para que la recta r sea perpendicular al plano T .
b) Calcula m y n para que la recta r esté contenida en el plano T .
MATEMÁTICAS Il. 2010. RESERVA 3. EJERCICIO 4. OPCIÓN B"
MATES_II,Geometría,2010,Reserva 4,Ejercicio 4 Opción A,"Halla el punto simétrico de P(1,1,1) respecto de la recta r de ecuación X
MATEMÁTICAS Il. 2010. RESERVA 4. EJERCICIO 4. OPCIÓN A."
MATES_II,Geometría,2010,Reserva 4,Ejercicio 4 Opción B,"Sean los puntos A(2,42,A) , B(-2,2,0) y C(0,A,2—1).
a) ¿Existe algún valor de AER para el que los puntos A, B y C estén alineados?. Justifica la
respuesta.
b) Para A =1 halla la ecuación del plano que contiene al triángulo de vértices A, B y C. Calcula
la distancia del origen de coordenadas a dicho plano.
MATEMÁTICAS Il. 2010. RESERVA 4. EJERCICIO 4. OPCIÓN B"
MATES_II,Geometría,2010,Septiembre,Ejercicio 4 Opción A,"x-2y+11=0
Halla la ecuación del plano que es paralelo a r de ecuaciones y y contiene a la recta
2y+z-19=0
x=1-54
s definida por 4 y=-2+31A
z=2+2%
MATEMÁTICAS II. 2010. SEPTIEMBRE. EJERCICIO 4. OPCIÓN A."
MATES_II,Geometría,2010,Septiembre,Ejercicio 4 Opción B,"Considera los planos 1 ,, TT, y TT, dados respectivamente por las ecuaciones
x+y=1 , ay+z=0 y x+(l+a)y+az=a+l
a) ¿Cuánto ha de valer a para que no tengan ningún punto en común?.
b) Para a=0, determina la posición relativa de los planos.
MATEMÁTICAS Il. 2010. SEPTIEMBRE. EJERCICIO 4. OPCIÓN B"
MATES_II,Geometría,2011,Junio,Ejercicio 4 Opción A,"Determina el punto simétrico del punto A(-3,1,6), respecto de la recta r de ecuaciones:
1= y+3_z+l
2 2
MATEMÁTICAS 11. 2011. JUNIO. EJERCICIO 4. OPCIÓN A."
MATES_II,Geometría,2011,Junio,Ejercicio 4 Opción B,"+y=1
Considera los puntos A=(1,0,—1) y B=(2,1,0) y la recta r dada por l y >
X+z=
a) Determina la ecuación del plano que es paralelo a r y pasa por A y B.
b) Determina si la recta que pasa por los puntos P =(1,2,1) y Q =(3,4,1) está contenida en
dicho plano.
MATEMÁTICAS II. 2011. JUNIO. EJERCICIO 4. OPCIÓN B"
MATES_II,Geometría,2011,Reserva 1,Ejercicio 4 Opción A,"Considera los puntos A(1,0,2) y B(1,2,—1).
a) Halla un punto C de la recta de ecuación = = 5 =Z que verifica que el triángulo de vértices
A, B y C tiene un ángulo recto en B.
b) Calcula el área del triángulo de vértices A, B y D, donde D es el punto de corte del plano de
ecuación 2x— y+3z=6 con el eje OX.
MATEMÁTICAS Il. 2011. RESERVA 1. EJERCICIO 4. OPCIÓN A."
MATES_II,Geometría,2011,Reserva 1,Ejercicio 4 Opción B,"Considera los planos 1,, TT, y TT, dados respectivamente por las ecuaciones:
3x—y+z-4=0 , x-2y+z-1=0 y x+z2-4=0
Halla la ecuación de la recta que pasa por el punto P(3,1,—1),es paralela a rr, y corta a la recta
intersección de los planos T, y T,.
MATEMÁTICAS II. 2011. RESERVA 1. EJERCICIO 4. OPCIÓN B"
MATES_II,Geometría,2011,Reserva 2,Ejercicio 4 Opción A,"z=0
-y-2=0
Dados los puntos A(1,0,0), B(0,0,1) y P(1,-1,1), y la recta r definida por x> Y )
a) Halla los puntos de la recta r cuya distancia al punto P es de 3 unidades.
b) Calcula el área del triángulo ABP.
MATEMÁTICAS Il. 2011. RESERVA 2. EJERCICIO 4. OPCIÓN A."
MATES_II,Geometría,2011,Reserva 2,Ejercicio 4 Opción B,"x+z=1
Dados el punto P(1,1,—1), y la recta r de ecuaciones
y+z=0
a) Halla la ecuación del plano que contiene a r y pasa por P.
b) Halla la ecuación de la recta contenida en el plano de ecuación y+z=0, que es perpendicular a
r y pasa por P.
MATEMÁTICAS Il. 2011. RESERVA 2. EJERCICIO 4. OPCIÓN B."
MATES_II,Geometría,2011,Reserva 3,Ejercicio 4 Opción A,"x=1
Sea el punto P(2,3,—1), y la recta r dada por las ecuaciones y=-—22A
z=2
a) Halla la ecuación del plano perpendicular a r y que pasa por P.
b) Calcula la distancia del punto P a la recta r y determina el punto simétrico de P respecto de r.
MATEMÁTICAS Il. 2011. RESERVA 3. EJERCICIO 4. OPCIÓN A."
MATES_II,Geometría,2011,Reserva 3,Ejercicio 4 Opción B,"Considera los planos rr, y rr, dados, respectivamente, por las ecuaciones
(x, y,2)=(-2,0,7)+M1,-2,0)+p(0,1,-1) y  2x+y-Zz+5=0
Determina los puntos de la recta r definida por x= y+1= = que equidistan de T, y T,.
MATEMÁTICAS Il. 2011. RESERVA 3. EJERCICIO 4. OPCIÓN B."
MATES_II,Geometría,2011,Reserva 4,Ejercicio 4 Opción A,"o x-1  y+1 o x=1
Dada la recta r definida por 3 = ——=-Z+3, yla recta s definida por
2 2y-z=-2
a) Halla la ecuación del plano que pasa por el origen y contiene a r.
b) Halla la ecuación del plano que contiene a s y es paralelo a r.
MATEMÁTICAS Il. 2011. RESERVA 4. EJERCICIO 4. OPCIÓN A."
MATES_II,Geometría,2011,Reserva 4,Ejercicio 4 Opcion B,"x=2
Dada la recta r definida por X 2 =Z y la recta s definida por 4 y=-5.
z=2
a) Halla la ecuación de la recta que corta perpendicularmente a ambas.
b) Calcula la distancia entre r y s.
MATEMÁTICAS II. 2011. RESERVA 4. EJERCICIO 4. OPCION B."
MATES_II,Geometría,2011,Septiembre,Ejercicio 4 Opción A,"Considera los puntos A(—1,k,3),B(k+1,0,2),C(1,2,0) y D(2,0,1).
> > >
a) ¿Existe algún valor de k para el que los vectores AB,BC yCD sean linealmente
dependientes?.
b) Calcula los valores de k para los que los puntos A, B, C y D forman un tetraedro de volumen
1
MATEMÁTICAS 11. 2011. SEPTIEMBRE. EJERCICIO 4. OPCIÓN A."
MATES_II,Geometría,2011,Septiembre,Ejercicio 4 Opción B,"3x=y=5
Dados el plano r de ecuación x+2y-=Z=0 y la recta r de ecuaciones |
x+ y-4z=-13
a) Halla el punto de intersección del plano Tr y la recta r.
b) Halla el punto simétrico del punto Q =(1,-2,3) respecto del plano T. .
MATEMÁTICAS Il. 2011. SEPTIEMBRE. EJERCICIO 4. OPCIÓN B"
MATES_II,Geometría,2012,Junio,Ejercicio 4 Opción A,"De un paralelogramo ABCD conocemos tres vértices consecutivos: A(2,-1,0), B(=2,1,0) y
C(0,1,2).
a) Calcula la ecuación de la recta que pasa por el centro del paralelogramo y es perpendicular al
plano que lo contiene.
b) Halla el área de dicho paralelogramo.
c) Calcula el vértice D.
MATEMÁTICAS Il. 2012. JUNIO. EJERCICIO 4. OPCIÓN A"
MATES_II,Geometría,2012,Junio,Ejercicio 4O0Pcion B,"X+y-Z=6
x+z=3
Sean r y s las rectas dadas por: r =|
a) Determina el punto de intersección de ambas rectas.
b) Calcula la ecuación general del plano que las contiene.
MATEMÁTICAS II. 2012. JUNIO. EJERCICIO 4.O0PCION B."
MATES_II,Geometría,2012,Reserva 1,Ejercicio 4 Opción A,"El punto M(1,—1,0) es el centro de un paralelogramo y A(2,1,—1) y B(0,—2,3) son dos vértices
consecutivos del mismo.
a) Halla la ecuación general del plano que contiene al paralelogramo.
b) Determina uno de los otros dos vértices y calcula el área de dicho paralelogramo.
MATEMÁTICAS Il. 2012. RESERVA 1. EJERCICIO 4. OPCIÓN A"
MATES_II,Geometría,2012,Reserva 1,Ejercicio 4 Opción B,"2x-3y=4
Calcula de manera razonada la distancia del eje OX a la recta r de ecuaciones l xy
2x-3y-=z=0
MATEMÁTICAS 11. 2012. RESERVA 1. EJERCICIO 4. OPCIÓN B."
MATES_II,Geometría,2012,Reserva 2,Ejercicio 4 Opción A,"3 - -3
Dadas las rectas r = x+ y3 y s= z
=6 4 4 3
a) Determina la posición relativa de las recta r y s.
b) Calcula la distancia entre r y s.
MATEMÁTICAS Il. 2012. RESERVA 2. EJERCICIO 4. OPCIÓN A."
MATES_II,Geometría,2012,Reserva 2,Ejercicio 4 Opción B,"Los puntos A(1,1,5) y B(1,1,2) son vértices consecutivos de un rectángulo ABCD. El vértice C,
. > =6 z+l . de.
consecutivo a B, está en la recta x = 42 a Determina los vértices C y D.
MATEMÁTICAS Il. 2012. RESERVA 2. EJERCICIO 4. OPCIÓN B."
MATES_II,Geometría,2012,Reserva 3,Ejercicio 4 Opción A,"Se consideran los vectores u = (k,1,1), v= (2,1,-2) y Ww= (1,1,k), donde k es un número real.
a) Determina los valores de k para los que u, v y w son linealmente dependientes.
b) Determina los valores de k para los que u+v y VW son ortogonales.
c) Para k =—1, determina aquellos vectores que son ortogonales a v y w y tienen módulo 1.
MATEMÁTICAS Il. 2012. RESERVA 3. EJERCICIO 4. OPCIÓN A."
MATES_II,Geometría,2012,Reserva 3,Ejercicio 4 Opción B,"1 2-
Encuentra los puntos de la recta r = = = HF =Z-3 cuya distancia al plano T=x-2y+2z=1
vale cuatro unidades.
MATEMÁTICAS II. 2012. RESERVA 3. EJERCICIO 4. OPCIÓN B."
MATES_II,Geometría,2012,Reserva 4,Ejercicio 4 Opción A,"x43_y+5_z4+4
Determina un punto P de la recta r = > 3
que equidista del origen de coordenadas
y del punto A(3,2,1).
MATEMÁTICAS II. 2012. RESERVA 4. EJERCICIO 4. OPCIÓN A."
MATES_II,Geometría,2012,Reserva 4,Ejercicio 4 Opción B,"2x- y-4=0
y+2z7-8=0'
a) Calcula la ecuación del plano que pasa por P y es perpendicular a r.
b) Calcula el punto simétrico de P respecto de la recta r.
MATEMÁTICAS Il. 2012. RESERVA 4. EJERCICIO 4. OPCIÓN B."
MATES_II,Geometría,2012,Septiembre,Ejercicio 4 Opción A,"Sean los puntos A(0,0,1),B(1,0,—1),C(0,1,-2) y D(1,2,0).
a) Halla la ecuación del plano rT determinado por los puntos A, B y C.
b) Demuestra que los cuatro puntos no son coplanarios.
c) Calcula la distancia del punto D al plano Tr .
MATEMÁTICAS Il. 2012. SEPTIEMBRE. EJERCICIO 4. OPCIÓN A."
MATES_II,Geometría,2012,Septiembre,Ejercicio 4 Opción B,"x=z=0
Halla el punto simétrico de P (2,1,—5) respecto de la recta r definida por l
x+y+2=0'
MATEMÁTICAS Il. 2012. SEPTIEMBRE. EJERCICIO 4. OPCIÓN B."
MATES_II,Geometría,2013,Junio,Ejercicio 4Opción A,"-=2x+y=-2
-ax+z= 0
recta dada por: s -l
a) Calcula los valores de a para los que r y s son paralelas.
b) Calcula, para a=1, la distancia entre r y s.
MATEMÁTICAS Il. 2013. JUNIO. EJERCICIO 4.OPCIÓN A."
MATES_II,Geometría,2013,Junio,Ejercicio 4Opción B,"Considera los puntos P(2,3,1) y Q(0,1,1).
a) Halla la ecuación del plano rr respecto del cual P y Q son simétricos.
b) Calcula la distancia deP a Tr.
MATEMÁTICAS II. 2013. JUNIO. EJERCICIO 4.OPCIÓN B."
MATES_II,Geometría,2013,Reserva 1,Ejercicio 4 Opción A,"Calcula la distancia entre las rectas: r=x=y=z y s=x-1=y-2=Z-3.
MATEMÁTICAS HI. 2013. RESERVA 1. EJERCICIO 4. OPCIÓN A."
MATES_II,Geometría,2013,Reserva 1,Ejercicio 4 Opción B,"x=1+2%
Considera las rectas: r=x=y=Z y= 3%.
z=-1+1
Halla la ecuación de la recta que corta a r y a s y es paralela a t.
MATEMÁTICAS Il. 2013. RESERVA 1. EJERCICIO 4. OPCIÓN B."
MATES_II,Geometría,2013,Reserva 2,Ejercicio 4 Opción A,"Del paralelogramo ABCD se conocen los vértices A(—1,0,3), B(2,-1,1) y C(3,2,-3).
a) Halla la ecuación del plano que contiene al paralelogramo.
b) Halla la ecuación de la recta que contiene a la diagonal AC del paralelogramo.
c) Calcula las coordenadas del vértice D.
MATEMÁTICAS II. 2013. RESERVA 2. EJERCICIO 4. OPCIÓN A"
MATES_II,Geometría,2013,Reserva 2,Ejercicio 4 Opción B,"a) Calcula las coordenadas de los puntos que dividen al segmento AB en tres partes iguales.
b) Halla la ecuación del plano que pasa por el punto A y es perpendicular al segmento AB.
MATEMÁTICAS Il. 2013. RESERVA 2. EJERCICIO 4. OPCIÓN B"
MATES_II,Geometría,2013,Reserva 3,Ejercicio 4 Opción A,"Considera los puntos A(1,2,1), B(=1,0,2) y C(3,2,0) y el plano tr determinado por ellos.
a) Halla la ecuación de la recta r que está contenida en Tr y tal que A y B son simétricos
respecto der.
b) Calcula la distancia de Aa r.
MATEMÁTICAS HI. 2013. RESERVA 3. EJERCICIO 4. OPCIÓN A"
MATES_II,Geometría,2013,Reserva 3,Ejercicio 4 Opcion B,"x=2-3
Considera las rectas r y s dadas por r=4y=3+5A y su
x+y-1=0
z-53=0
z=2
a) Determina la posición relativa de r y s.
b) Calcula la distancia entre r y s.
MATEMÁTICAS II. 2013. RESERVA 3. EJERCICIO 4. OPCION B"
MATES_II,Geometría,2013,Reserva 4,Ejercicio 4 Opción A,"-1
Determina el punto de la recta == ==2+1 que equidista de los planos
x=-4+1-3u
TT, =X-y+324+2=0 y 1,=3y=1+2
z=H
MATEMÁTICAS II. 2013. RESERVA 4. EJERCICIO 4. OPCIÓN A"
MATES_II,Geometría,2013,Reserva 4,Ejercicio 4 Opción B,"a) Comprueba que los cuatro puntos son coplanarios y que ABCD es un rectángulo.
b) Calcula el área de dicho rectángulo.
MATEMÁTICAS Il. 2013. RESERVA 4. EJERCICIO 4. OPCIÓN B"
MATES_II,Geometría,2013,Septiembre,Ejercicio 4 Opción A,"Considera el plano tr de ecuación 2x+ y+3z-6=0.
a) Calcula el área del triángulo cuyos vértices son los puntos de corte del plano Tr con los ejes
coordenados.
b) Calcula el volumen del tetraedro determinado por el plano r y los planos coordenados.
MATEMÁTICAS Il. 2013. SEPTIEMBRE. EJERCICIO 4. OPCIÓN A."
MATES_II,Geometría,2013,Septiembre,Ejercicio 4 Opción B,"Considera los puntos A(1,0,2), B(-1,3,1), C(2,1,2) y D(1,0,4).
a) Halla la ecuación del plano que contiene a A,B y C
b) Halla el punto simétrico de D respecto del plano x— y—-5z+9=0.
MATEMÁTICAS Il. 2013. SEPTIEMBRE. EJERCICIO 4. OPCIÓN B."
MATES_II,Geometría,2014,Junio,Ejercicio 4Opción A,"Considera la recta r que pasa por los puntos A(1,0,—1) y B(-1,1,0).
a) Halla la ecuación de la recta s paralela a r que pasa por C(-2,3,2).
b) Calcula la distancia de ras.
MATEMÁTICAS II. 2014. JUNIO. EJERCICIO 4.OPCIÓN A."
MATES_II,Geometría,2014,Junio,Ejercicio 4 Opción B,"x+2y-z=3
Sea r la recta definida por [
2x-y+z=1
a) Determina la ecuación general del plano que contiene a r y pasa por el origen de coordenadas.
b) Halla las ecuaciones paramétricas del plano que corta perpendicularmente a r en el punto
(1,1,0).
MATEMÁTICAS Il. 2014. JUNIO. EJERCICIO 4. OPCIÓN B."
MATES_II,Geometría,2014,Reserva 1,Ejercicio 4 Opción A,"Sean los vectores u =(1,-1,3), v=(1,0,-1) y w=(A,1,0).
> >
a) Calcula los valores de A que hacen que u y w sean ortogonales.
b) Calcula los valores de A que hacen que u ,v y w sean linealmente independientes.
> >> >
c) Para A=1 escribe el vector r =(3,0,2) como combinación lineal de u ,v y w
MATEMÁTICAS II. 2014. RESERVA 1. EJERCICIO 4. OPCIÓN A."
MATES_II,Geometría,2014,Reserva 1,Ejercicio 4 Opción B,"x+ -1 x-y-3=0
Sea r la recta dada por > + 3 y sea s la recta dada por .
3y-z+6=0
a) Determina la posición relativa de r y s.
b) Halla la ecuación general del plano que contiene a r y es paralelo a s.
MATEMÁTICAS Il. 2014. RESERVA 1. EJERCICIO 4. OPCIÓN B."
MATES_II,Geometría,2014,Reserva 2,Ejercicio 4 Opción A,"Sean los vectores u=(1,-1,0), v=(0,1,2) y w=(1+a,2a,2-3a). Halla los valores de a en
cada uno de los siguientes casos:
>>>
a) u ,v y w están en el mismo plano.
>
b) w es perpendicular a u y v.
>> > 1
c) El volumen del tetraedro que tiene por aristas a los vectores U ,V y W es A
MATEMÁTICAS Il. 2014. RESERVA 2. EJERCICIO 4. OPCIÓN A."
MATES_II,Geometría,2014,Reserva 2,Ejercicio 4 Opción B,"Considera el punto P(2,-2,0) y la recta r dada por
y+ z-1=0
DA
a) Determina la ecuación del plano que contiene a P y es perpendicular a r.
b) Calcula la distancia de Par.
MATEMÁTICAS Il. 2014. RESERVA 2. EJERCICIO 4. OPCIÓN B."
MATES_II,Geometría,2014,Reserva 3,Ejercicio 4 Opción A,"Sean A(-3,4,0) , B(3,6,3) y C(-1,2,1) los vértices de un triángulo.
a) Halla la ecuación del plano TT que contiene al triángulo.
b) Halla la ecuación de la recta perpendicular a m que pasa por el origen de coordenadas.
c) Calcula el área del triángulo ABC.
MATEMÁTICAS Il. 2014. RESERVA 3. EJERCICIO 4. OPCIÓN A."
MATES_II,Geometría,2014,Reserva 3,Ejercicio 4 Opcion B,"z—1
3
a) Calcula la ecuación del plano que pasa por A y es perpendicular a r.
b) Halla el punto simétrico de A respecto de r.
MATEMÁTICAS Il. 2014. RESERVA 3. EJERCICIO 4. OPCION B."
MATES_II,Geometría,2014,Reserva 4,Ejercicio 4 Opción A,"x=1+2
Sea r la recta definida por ¿y=1+1 y sla recta dada por A
z=2
a) Halla la ecuación de la recta que corta perpendicularmentearyas.
b) Calcula la distancia entre r y s.
MATEMÁTICAS Il. 2014. RESERVA 4. EJERCICIO 4. OPCIÓN A."
MATES_II,Geometría,2014,Reserva 4,Ejercicio 4 Opción B,": “2 OS
Considera el plano íT de ecuación 2x+ y—-Z+2=0 y la recta r de ecuación
a) Halla la posición relativa de TT y r.
b) Halla la ecuación general del plano que contiene a r y es perpendicular a TT.
c) Halla las ecuaciones paramétricas del plano paralelo a Tr que contiene a r.
MATEMÁTICAS Il. 2014. RESERVA 4. EJERCICIO 4. OPCIÓN B."
MATES_II,Geometría,2014,Septiembre,Ejercicio 4 Opción A,"x=1+2t
Considera los puntos A(1,1,2) y B(1,-1,-2) y la recta r dada por y y=t
z=1
a) Halla la ecuación general del plano que contiene a r y es paralelo a la recta que pasa por A y
por B.
b) Halla el punto de la recta r que está a la misma distancia de A y de B.
MATEMÁTICAS Il. 2014. SEPTIEMBRE. EJERCICIO 4. OPCIÓN A."
MATES_II,Geometría,2014,Septiembre,Ejercicio 4 Opción B,"Sea r la recta que pasa por los puntos A(1,0,—1) y B(2,-—1,3).
a) Calcula la distancia del origen de coordenadas a la recta r.
b) Halla la ecuación de la recta que corta perpendicularmente a r y pasa por el origen de
coordenadas.
MATEMÁTICAS II. 2014. SEPTIEMBRE. EJERCICIO 4. OPCIÓN B."
MATES_II,Geometría,2015,Junio,Ejercicio 4 Opción A,"Sean los puntos A(0,1,1), B(2,1,3), C(=1,2,0) y D(2,1,m)
a) Calcula m para que A, B,C y D estén en un mismo plano.
b) Determina la ecuación del plano respecto del cual los puntos A y B son simétricos.
c) Calcula el área del triángulo A,B y C.
MATEMÁTICAS II. 2015. JUNIO. EJERCICIO 4. OPCIÓN A."
MATES_II,Geometría,2015,Junio,Ejercicio 4 Opción B,"a) Calcula el punto P”, simétrico del punto P(2,—1,5) respecto del plano T .
x-2_ y+l_z-5
b) Calcula la recta r”, simétrica de la recta r = 3% :
MATEMÁTICAS HI. 2015. JUNIO. EJERCICIO 4. OPCIÓN B"
MATES_II,Geometría,2015,Reserva 1,Ejercicio 4 Opción A,"2x-y-5=0
Considera el punto P(-3,1,6) y la recta r dada por |
y-z+2=0
a) Determina la ecuación del plano que pasa por P y es perpendicular a r.
b) Calcula las coordenadas del punto simétrico de P respecto de la recta r.
MATEMÁTICAS Il. 2015. RESERVA 1. EJERCICIO 4. OPCIÓN A."
MATES_II,Geometría,2015,Reserva 1,Ejercicio 4 Opción B,"2x+y=0
z=0
la recta r dada por |
a) Calcula las coordenadas de los posibles puntos C de r para que el triángulo ABC tenga un
ángulo recto en el vértice A.
b) Calcula las coordenadas de los posibles puntos D de r para que el triángulo ABD tenga un área
igual a Ya
MATEMÁTICAS Il. 2015. RESERVA 1. EJERCICIO 4. OPCIÓN B."
MATES_II,Geometría,2015,Reserva 2,Ejercicio 4 Opción A,"Sean los planos T=x+3y+2z-5=0 y m'=-2x+ y+3z24+3=0.
a) Determina el ángulo que forman T y T'.
b) Calcula el volumen del tetraedro limitado por rr y los planos coordenados.
MATEMÁTICAS Il. 2015. RESERVA 2. EJERCICIO 4. OPCIÓN A."
MATES_II,Geometría,2015,Reserva 2,Ejercicio 4 Opción B,"x-5_
Sean el punto P(1,6,-2) y la recta r = 3
a) Halla la ecuación general del plano r que contiene al punto P y a la recta r.
b) Calcula la distancia entre el punto P y la recta r
MATEMÁTICAS Il. 2015. RESERVA 2. EJERCICIO 4. OPCIÓN B."
MATES_II,Geometría,2015,Reserva 3,Ejercicio 4 Opción A,"Halla unas ecuaciones paramétricas para la recta r, que contiene al punto P(3,-5,4) y corta
. -4 -8
perpendicularmente a la recta s = = =Y42%
23
MATEMÁTICAS Il. 2015. RESERVA 3. EJERCICIO 4. OPCIÓN A."
MATES_II,Geometría,2015,Reserva 3,Ejercicio 4 Opción B,"Sea r la recta de ecuación r = DS = mn =Z
a) Halla el punto de r que equidista del origen de coordenadas y del punto P(4,-2,2)
b) Determina el punto de la recta r más próximo al origen de coordenadas.
MATEMÁTICAS Il. 2015. RESERVA 3. EJERCICIO 4. OPCIÓN B."
MATES_II,Geometría,2015,Reserva 4,Ejercicio 4 Opción A,"x+y+1=0
Considera los puntos B(1,2,-3), C(9,—1,2), D(5,0,—1) y la recta r =l
y=z =0
a) Calcula el área del triángulo cuyos vértices son B, C y D.
b) Halla un punto A en la recta r de forma que el triángulo ABC sea rectángulo en A.
MATEMÁTICAS Il. 2015. RESERVA 4. EJERCICIO 4. OPCIÓN A."
MATES_II,Geometría,2015,Reserva 4,Ejercicio 4 Opción B,"+y=0
z-1=0
x
Considera el punto P(1,0,—1) y la recta r dada por |
a) Halla la distancia de P a r.
b) Determina la ecuación general del plano que pasa por P y contiene a r.
MATEMÁTICAS Il. 2015. RESERVA 4. EJERCICIO 4. OPCIÓN B."
MATES_II,Geometría,2015,Septiembre,Ejercicio 4 Opción A,"x=1
x=
Sea r la recta definida por 4 y=1 y s la recta dada por |
z
z=1-2
a) Halla la ecuación de la recta que corta perpendicularmente a las rectas dadas.
b) Calcula la distancia entre r y s.
MATEMÁTICAS Il. 2015. SEPTIEMBRE. EJERCICIO 4. OPCIÓN A."
MATES_II,Geometría,2015,Septiembre,Ejercicio 4Opción B,". ., +
Considera el plano r de ecuación mx+5y+2z=0 y la recta r dada por X
a) Calcula m y n en el caso en el que la recta r es perpendicular al plano Tr .
b) Calcula m y n en el caso en el que la recta r está contenida en el plano T .
MATEMÁTICAS HI. 2015. SEPTIEMBRE. EJERCICIO 4.OPCIÓN B."
MATES_II,Geometría,2016,Junio,Ejercicio 4 Opción A,": y+2z=0
Considera el punto P(1,0,5) y la recta r dada por .
x=1
a) Determina la ecuación del plano que pasa por P y es perpendicular a r.
b) Calcula la distancia de P a la recta r y el punto simétrico de P respecto a r.
MATEMÁTICAS Il. 2016. JUNIO. EJERCICIO 4. OPCIÓN A."
MATES_II,Geometría,2016,Junio,Ejercicio 4 Opción B,"Considera las rectas r y s dadas por
Pz
s=
=-1
a) Comprueba que ambas rectas son coplanarias y halla la ecuación del plano que las contiene.
b) Sabiendo que dos de los lados de un cuadrado están en las rectas r y s, calcula su área.
MATEMÁTICAS HI. 2016. JUNIO. EJERCICIO 4. OPCIÓN B."
MATES_II,Geometría,2016,Reserva 1,Ejercicio 4 Opción A,"Considera un paralelogramo de vértices consecutivos A, B, C y D siendo
A(1,0,-1), BGB,2,1) y C77,1,5)
a) Determina las coordenadas del punto D.
b) Calcula el área del paralelogramo.
c) Halla la ecuación general del plano que contiene al paralelogramo.
MATEMÁTICAS Il. 2016. RESERVA 1. EJERCICIO 4. OPCIÓN A."
MATES_II,Geometría,2016,Reserva 1,Ejercicio 4 Opción B,"Se considera el punto P(1,0,—1) y el plano Tí de ecuación 2x— y+z+1=0.
a) Halla el simétrico del punto P respecto al plano Tr .
b) Determina la ecuación del plano que contiene al punto P, es perpendicular al plano TT y es
x-2y=1
z=3
MATEMÁTICAS I1. 2016. RESERVA 1. EJERCICIO 4. OPCIÓN B"
MATES_II,Geometría,2016,Reserva 2,Ejercicio 4 Opción A,"x=2+2
x+
Sea r la recta dada por [ 1 y sea s la recta definida por 4 y=2
z=2+2%
a) Comprueba que las rectas r y s se cruzan y halla la ecuación de la recta que corta
perpendicularmentearyas.
b) Calcula la distancia entre r y s.
MATEMÁTICAS Il. 2016. RESERVA 2. EJERCICIO 4. OPCIÓN A."
MATES_II,Geometría,2016,Reserva 2,Ejercicio 4 Opción B,"Sabiendo que la recta r que contiene a los puntos C y D pasa por el origen de coordenadas se
pide:
a) Halla unas ecuaciones paramétricas de r.
b) Calcula el área del triángulo ABC.
c) Determina las coordenadas del punto D.
MATEMÁTICAS Il. 2016. RESERVA 2. EJERCICIO 4. OPCIÓN B."
MATES_II,Geometría,2016,Reserva 3,Ejercicio 4 Opción A,"Considera el plano r de ecuación x+2y+z=1.
a) Halla el punto de rx más próximo al punto (3,1,2).
b) Determina la ecuación de un plano paralelo a x= que forme con los ejes de coordenadas un
triángulo de área y/6 .
MATEMÁTICAS Il. 2016. RESERVA 3. EJERCICIO 4. OPCIÓN A."
MATES_II,Geometría,2016,Reserva 3,Ejercicio 4 Opción B,"Sea r la recta que pasa por los puntos A(1,1,0) y B(3,—1,1) y s la recta dada por
x+2y=-1
y+z=-1
a) Halla la ecuación general del plano que pasa por el origen de coordenadas y es paralelo a las
rectas dadas.
b) Halla unas ecuaciones paramétricas del plano que pasa por B y es perpendicular a s.
MATEMÁTICAS Il. 2016. RESERVA 3. EJERCICIO 4. OPCIÓN B."
MATES_II,Geometría,2016,Reserva 4,Ejercicio 4 Opción A,"Determina el punto de la recta r = 2 =y+1 =3 que equidista de los planos
x=-3+2
T=X+y+2+3=0 y=-2+u
z=-6-p
MATEMÁTICAS Il. 2016. RESERVA 4. EJERCICIO 4. OPCIÓN A."
MATES_II,Geometría,2016,Reserva 4,Ejercicio 4 Opción B,"x-1_ y+1_z+2
Considera el plano r de ecuación 6x—my+2z=1 y la recta r dada por >“
a) Calcula m en el caso en que la recta r es perpendicular al plano rx .
b) ¿Existe algún valor de m para el que la recta r esté contenida en el plano T ?.
MATEMÁTICAS Il. 2016. RESERVA 4. EJERCICIO 4. OPCIÓN B."
MATES_II,Geometría,2016,Septiembre,Ejercicio 4 Opción A,"x=1+2%
Considera el punto A(1,—1,1) y la recta r dada por 4y=1-A
z=1
a) Calcula las coordenadas del punto simétrico de A respecto a r.
b) Determina la ecuación del plano que contiene a r y pasa por A.
MATEMÁTICAS Il. 2016. SEPTIEMBRE. EJERCICIO 4. OPCIÓN A."
MATES_II,Geometría,2016,Septiembre,Ejercicio 4 Opción B,"Calcula la distancia entre las rectas dadas por las siguientes ecuaciones:
x=1+pu
r=x=y=Z
z=-p
MATEMÁTICAS Il. 2016. SEPTIEMBRE. EJERCICIO 4. OPCIÓN B."
MATES_II,Geometría,2017,Junio,Ejercicio 4 Opción A,"x=1+3t
Considera el punto P(1,—1,0) y la recta r dada por 4 y=-2
z=1t
a) Determina la ecuación del plano que pasa por P y contiene a r.
b) Halla las coordenadas del punto simétrico de P respecto de r.
MATEMÁTICAS 11. 2017. JUNIO. EJERCICIO 4. OPCIÓN A."
MATES_II,Geometría,2017,Junio,Ejercicio 4 Opción B,"Considera los vectores u =(1,0,1), v=(0,2,1) y w=(m,l,n).
>> > > >
a) Halla m y n sabiendo que u ,v y w son linealmente dependientes y que w esortogonala u .
b) Para n=1, halla los valores de m para que el tetraedro determinado por u ,v y w tenga
volumen 10 unidades cúbicas
MATEMÁTICAS II. 2017. JUNIO. EJERCICIO 4. OPCIÓN B."
MATES_II,Geometría,2017,Reserva 1,Ejercicio 4 Opción A,"Considera los vectores u=(2,3,4) , v=(=1,-1,-1) y w=(-1,4,-5) siendo A un número
real.
a) Halla los valores de A para los que el paralelepípedo determinado por u,v y w tiene
volumen 6 unidades cúbicas.
b) Determina el valor de A para el que uu, v y w son linealmente dependientes.
MATEMÁTICAS HI. 2017. RESERVA 1. EJERCICIO 4. OPCIÓN A."
MATES_II,Geometría,2017,Reserva 1,Ejercicio 4 Opción B,"Sea r la recta que pasa por A(4,3,6) y B(-2,0,0) y sea s la recta dada por 4 y=12
z=1-2%
a) Determina la posición relativa de r y s.
b) Calcula, si existen, los puntos C de s tales que los vectores CA y CB son ortogonales.
MATEMÁTICAS 11. 2017. RESERVA 1. EJERCICIO 4. OPCIÓN B."
MATES_II,Geometría,2017,Reserva 2,Ejercicio 4 Opcion A,"x—-y+1=0
Considera las rectas dadas por r -|
x—z+1=0
a) Determina la ecuación de la recta que corta perpendicularmentearyas.
b) Halla la distancia entre las rectas r y s.
MATEMÁTICAS II. 2017. RESERVA 2. EJERCICIO 4. OPCION A."
MATES_II,Geometría,2017,Reserva 2,Ejercicio 4 Opción B,"a) Determina la ecuación del plano respecto del cual B es el simétrico de A.
b) Siendo C(5,1,5), calcula el área del triángulo de vértices A;B y C.
MATEMÁTICAS II. 2017. RESERVA 2. EJERCICIO 4. OPCIÓN B."
MATES_II,Geometría,2017,Reserva 3,Ejercicio 4 Opción A,"a) Determina la ecuación del plano respecto del cual los puntos A y B son simétricos.
b) Calcula la distancia de P(—1,0,1) a la recta que pasa por los puntos A y B.
MATEMÁTICAS HI. 2017. RESERVA 3. EJERCICIO 4. OPCIÓN A."
MATES_II,Geometría,2017,Reserva 3,Ejercicio 4 Opcion B,"a) Calcula el volumen del tetraedro de vértices A,B ,C y D.
b) Determina la ecuación de la recta que pasa por D y es perpendicular al plano determinado
por los puntos A, B y C.
MATEMÁTICAS II. 2017. RESERVA 3. EJERCICIO 4. OPCION B."
MATES_II,Geometría,2017,Reserva 4,Ejercicio 4 Opción A,"Sea TÍ el plano determinado por los puntos A(1,0,0); B(0,1,0) y C(0,0,A), siendo A un
y=z=3
número real, y sea r la recta dada por r -l
=x+2y=3
a) Halla la ecuación del plano que pasa por A y contiene a r.
b) Estudia la posición relativa de r y = según los valores de A.
MATEMÁTICAS HI. 2017. RESERVA 4. EJERCICIO 4. OPCIÓN A."
MATES_II,Geometría,2017,Reserva 4,Ejercicio 4 Opcion B,"Considera el punto P(—1,0,1), el vector u=(1,2,1) y el plano xr de ecuación y=0.
a) Halla la ecuación de la recta que pasa por P, está contenida en xr y cuyo vector director es
perpendicular a u.
b) Determina la ecuación del plano que pasa por P,es perpendicular a x= y del que u es un
vector director.
MATEMÁTICAS II. 2017. RESERVA 4. EJERCICIO 4. OPCION B."
MATES_II,Geometría,2017,Septiembre,Ejercicio 4 Opción A,"a) Calcula el área del paralelogramo.
b) Halla la ecuación general del plano que contiene a dicho paralelogramo.
c) Calcula las coordenadas del vértice D.
MATEMÁTICAS 11. 2017. SEPTIEMBRE. EJERCICIO 4. OPCIÓN A."
MATES_II,Geometría,2017,Septiembre,Ejercicio 4 Opción B,"x-2y=-5
z=2
Considera el punto P(0,1,1) y la recta r dada por |
a) Determina la ecuación del plano que pasa por P y contiene a r.
b) Halla las coordenadas del punto simétrico de P respecto de r.
MATEMÁTICAS HI. 2017. SEPTIEMBRE. EJERCICIO 4. OPCIÓN B."
MATES_II,Geometría,2018,Junio,Ejercicio 4 Opción A,"Considera los puntos P(1,0,—1), Q(G,1,1) y la recta r dada por x-5=y= as .
a) Determina el punto simétrico de P respecto de r.
b) Calcula el punto de r que equidista de P y Q.
MATEMÁTICAS Il. 2018. JUNIO. EJERCICIO 4. OPCIÓN A."
MATES_II,Geometría,2018,Junio,Ejercicio 4 Opción B,"Considera el punto P(2,—1,3) y el plano xr de ecuación 3x+2y+z=5.
a) Calcula el punto simétrico de P respecto de Tr.
b) Calcula la distancia deP a Tr.
MATEMÁTICAS II. 2018. JUNIO. EJERCICIO 4. OPCIÓN B."
MATES_II,Geometría,2018,Reserva 1,Ejercicio 4 Opción A,"Se considera el plano x= de ecuación x+2y+z=6.
a) Determina la recta perpendicular a x que pasa por el origen de coordenadas.
b) Halla el punto simétrico del origen de coordenadas con respecto de Tr.
c) Calcula el volumen del tetraedro determinado por el origen de coordenadas y los puntos de
corte de rm con los ejes de coordenadas.
MATEMÁTICAS Il. 2018. RESERVA 1. EJERCICIO 4. OPCIÓN A."
MATES_II,Geometría,2018,Reserva 1,Ejercicio 4 Opción B,"Considera las rectas r y s dadas por
x=4+t
r=x-2=y-2=z
z=mt
a) Determina m para que r y s sean paralelas.
b) Halla, si existe, un valor de m para el que ambas rectas sean la misma.
c) Para m=1, calcula la ecuación del plano que contiene a r ya s
MATEMÁTICAS Il. 2018. RESERVA 1. EJERCICIO 4. OPCIÓN B."
MATES_II,Geometría,2018,Reserva 2,Ejercicio 4 Opción A,"Considera las rectas r y s dadas por: r = Ñ +y y s=
x+2y
a) Estudia y determina la posición relativa de r y s.
b) Calcula la recta perpendicular comúnaryas.
MATEMÁTICAS Il. 2018. RESERVA 2. EJERCICIO 4. OPCIÓN A."
MATES_II,Geometría,2018,Reserva 2,Ejercicio 4 Opción B,"Considera los puntos A(2,-1,-2) y B(=1,-1,2), y la recta r dada por x-1= =e = 2
a) Determina los puntos del segmento AB que lo dividen en 3 segmentos de la misma longitud.
b) Determina un punto C de r de forma que el triángulo ABC sea rectángulo en C.
MATEMÁTICAS Il. 2018. RESERVA 2. EJERCICIO 4. OPCIÓN B."
MATES_II,Geometría,2018,Reserva 3,Ejercicio 4 Opción A,"Se sabe que los puntos A(—1,2,6) y B(1,4,—2) son simétricos respecto de un plano T .
a) Calcula la distancia de Aa Tr.
b) Determina la ecuación general del plano T .
MATEMÁTICAS Il. 2018. RESERVA 3. EJERCICIO 4. OPCIÓN A."
MATES_II,Geometría,2018,Reserva 3,Ejercicio 4 Opción B,"x=2t
Considera las rectas r y s dadas por r=%<y=1
z=0
a) Determina la ecuación de la recta que corta perpendicularmentearyas.
b) Calcula la distancia entre las rectas dadas.
MATEMÁTICAS II. 2018. RESERVA 3. EJERCICIO 4. OPCIÓN B."
MATES_II,Geometría,2018,Reserva 4,Ejercicio 4 Opción A,"Sea r la recta que pasa por los puntos A(3,6,7) y B(7,8,3) y sea s la recta dada por
E -4y-z=-10
3x-4y+z=-2
a) Determina la posición relativa de r y s.
b) Calcula la distancia entre r y s.
MATEMÁTICAS Il. 2018. RESERVA 4. EJERCICIO 4. OPCIÓN A."
MATES_II,Geometría,2018,Reserva 4,Ejercicio 4 Opción B,"a) Determina la ecuación del plano que pasa por el punto A(0,1,0) y es perpendicular a la recta
y+2_
r dada por x+1= z—-1
b) Calcula el área del triángulo cuyos vértices son los puntos de corte del plano de ecuación
2x +3 y+4z=12 con los ejes coordenados.
MATEMÁTICAS Il. 2018. RESERVA 4. EJERCICIO 4. OPCIÓN B."
MATES_II,Geometría,2018,Septiembre,Ejercicio 4 Opción A,"Considera las rectas r =
210.3
a) Estudia y determina la posición relativa de r y s.
b) Calcula la distancia entre r y s.
MATEMÁTICAS Il. 2018. SEPTIEMBRE. EJERCICIO 4. OPCIÓN A."
MATES_II,Geometría,2018,Septiembre,Ejercicio 4 Opción B,". -1
Considera las rectas r = > =
a) Halla los valores de m y n para los que r y s se corten perpendicularmente.
b)Para m=3 y n=1,calcula la ecuación general del plano que contiene ar yas.
MATEMÁTICAS Il. 2018. SEPTIEMBRE. EJERCICIO 4. OPCIÓN B."
MATES_II,Geometría,2019,Junio,Ejercicio 4 Opción A,"Considera la recta r = 2 == 2 y los planos 7, =x=0 y r,=y=0
a) Halla los puntos de la recta r que equidistan de los planos T, y T.,.
b) Determina la posición relativa de la recta r y la recta de intersección de los planos Tr, y T,.
MATEMÁTICAS Il. 2019. JUNIO. EJERCICIO 4. OPCIÓN A"
MATES_II,Geometría,2019,Junio,Ejercicio 4 Opción B,"Considera el triángulo cuyos vértices son los puntos A(1,1,0) ; B(1,0,2) ; C(0,2,1).
a) Halla el área de dicho triángulo.
b) Calcula el coseno del ángulo en el vértice A.
MATEMÁTICAS Il. 2019. JUNIO. EJERCICIO 4. OPCIÓN B."
MATES_II,Geometría,2019,Reserva 1,Ejercicio 4 Opción A,"Considera el punto A(2,1,0) y los planos T,=X+y+Z=0 y T,=xX-y+Z=0.
a) Calcula la recta que pasa por A y es paralela a Tr, ya T,.
x—1
b) Calcula los puntos de la recta s = 2 == que equidistan de T, y T,.
MATEMÁTICAS Il. 2019. RESERVA 1. EJERCICIO 4. OPCIÓN A."
MATES_II,Geometría,2019,Reserva 1,Ejercicio 4 Opción B,"Considera los puntos A=(0,3,—1) y B=(0,1,a) y el plano íT de ecuación x— y+z=0.
a) Determina a sabiendo que la recta que pasa por A y por B es paralela al plano T .
b) Halla el punto de corte del plano r con la recta que pasa por A y es perpendicular a dicho
plano.
c) Para a =2, halla el plano que contiene a los puntos A y B y es perpendicular al plano T .
MATEMÁTICAS I1. 2019. RESERVA 1. EJERCICIO 4. OPCIÓN B"
MATES_II,Geometría,2019,Reserva 2,Ejercicio 4 Opción A,"Sea r la recta que pasa por el punto P(2,-2,—1) con vector director v=(k,3+k,-2k) y sea T
el plano de ecuación —-x+2y+2z-1=0.
a) Calcula el valor de k para que r sea paralela a rr .
b) Calcula el valor de k para que r sea perpendicular a í.
c) Para k =-—1, calcula los puntos de r que distan 3 unidades de rr .
MATEMÁTICAS HI. 2019. RESERVA 2. EJERCICIO 4. OPCIÓN A"
MATES_II,Geometría,2019,Reserva 2,Ejercicio 4 Opción B,"Considera el punto P(-5,3,1) y la recta r =>
a) Calcula la ecuación general del plano que pasa por P y contiene a r.
b) Calcula la ecuación de la recta que pasa por P y corta perpendicularmente a r.
MATEMÁTICAS Il. 2019. RESERVA 2. EJERCICIO 4. OPCIÓN B"
MATES_II,Geometría,2019,Reserva 3,Ejercicio 4 Opción A,"2=0
Considera la recta r = x+y+ y el plano 71=2x+y=-mz=1.
=y+z+5=0
a) Calcula m sabiendo que r y x son paralelos.
b) Para m=-1, calcula la distancia entre r y Tr.
MATEMÁTICAS Il. 2019. RESERVA 3. EJERCICIO 4. OPCIÓN A"
MATES_II,Geometría,2019,Reserva 3,Ejercicio 4 Opción B,"x—-y=0 .
y de manera que junto con los puntos
Halla cada uno de los puntos de la recta r =|
y=z=0
5
A(1,1,0),B(1,0,1) y C(0,1,1) formen un tetraedro de volumen $
MATEMÁTICAS Il. 2019. RESERVA 3. EJERCICIO 4. OPCIÓN B"
MATES_II,Geometría,2019,Reserva 4,Ejercicio 4 Opción A,"Considera la recta r => > - y el plano T=2x+ y-Z+3=0.
a) Halla la ecuación general del plano perpendicular a x que contiene a r.
b) Calcula la distancia entre r y Tr.
MATEMÁTICAS Il. 2019. RESERVA 4. EJERCICIO 4. OPCIÓN A"
MATES_II,Geometría,2019,Reserva 4,Ejercicio 4 Opción B,"x+2 y-2 z-3
10.02.03 0
a) Halla un punto C de r de forma que el triángulo ABC sea rectángulo en A.
Se consideran los puntos A(0,—1,3) , B(2,3,—1) y la recta r =
b) Calcula los puntos de r que equidistan de los puntos A y B.
MATEMÁTICAS Il. 2019. RESERVA 4. EJERCICIO 4. OPCIÓN B"
MATES_II,Geometría,2019,Septiembre,Ejercicio 4 Opción A,"Se consideran los vectores U= (1,2,3), v= (1,-2,-1) y Ww= (2,a,B), donde a y $ son números
reales.
a) Determina los valores de a. y B para los que w es ortogonal a los vectores u y v.
b) Determina los valores de a y $ para los que w y y tienen la misma dirección.
c) Para a =8, determina el valor de B para el que w es combinación lineal de u y Y.
MATEMÁTICAS Il. 2019. SEPTIEMBRE. EJERCICIO 4. OPCIÓN A."
MATES_II,Geometría,2019,Septiembre,Ejercicio 4Opción B,"x-2_y-k_z x+l_ y-1
s= —
Considera las rectas r =
Laa ? 7
a) Halla k sabiendo que ambas se cortan en un punto.
b) Para k=1,halla la ecuación general del plano que contiene a r y es paralelo a s.
MATEMÁTICAS HI. 2019. SEPTIEMBRE. EJERCICIO 4.OPCIÓN B."
MATES_II,Geometría,2020,Junio,Ejercicio 4,"Siendo a *0,considera las rectas
E A
a
a) (125 puntos) Estudia la posición relativa de ambas rectas según los valores de a.
b) (125 puntos) Para a =2, determina las ecuaciones de la recta que pasa por el punto de corte
der y s y es perpendicular a ambas.
MATEMÁTICAS HH. 2020. JUNIO. EJERCICIO 4"
MATES_II,Geometría,2020,Junio,Ejercicio 8,"x+y=0
Se considera el punto A(1,-2,0) y la recta r =|
y-3z+2=0
a) (125 puntos) Calcula la ecuación del plano que pasa por A y es perpendicular a r.
b) (125 puntos) Calcula la ecuación del plano que pasa por A y contiene a r.
MATEMÁTICAS Il. 2020. JUNIO. EJERCICIO 8"
MATES_II,Geometría,2020,Reserva 1,Ejercicio 4,"Considera el tetraedro de vértices A(0,0,0) , B(1,1,0) , C(0,1,3) y D(1,0,3).
a) (1 punto) Calcula el volumen de dicho tetraedro.
b) (15 puntos) Calcula la medida de la altura trazada desde el vértice A de dicho tetraedro.
MATEMÁTICAS II. 2020. RESERVA 1. EJERCICIO 4"
MATES_II,Geometría,2020,Reserva 1,Ejercicio 8,"Se considera los puntos A(-1,3,2), B(2,-1,-1) y C(a-—2,7,b).
a) (125 puntos) Determina a y b para que los puntos A,B y C estén alineados.
b) (125 puntos) En el caso a=b=1, halla la recta que pasa por el origen de coordenadas y es
perpendicular al plano que contiene los puntos A,B y C
MATEMÁTICAS I1. 2020. RESERVA 1. EJERCICIO 8"
MATES_II,Geometría,2020,Reserva 2,Ejercicio 4,"x—-y+2z=5
Considera el punto P(1,0,—1) y la recta r =(
x=z=1'
a) (15 Puntos). Determina el punto simétrico de P respecto de la recta r.
b) (1 Punto).Calcula el punto de la recta r que dista y/6 unidades de P.
MATEMÁTICAS II. 2020. RESERVA 2. EJERCICIO 4"
MATES_II,Geometría,2020,Reserva 2,Ejercicio 8,"Considera los vectores u =(2,1,0), v=(1,0,-1) y w=(a,b,l).
>
a) (15 Puntos). Halla a y b sabiendo que los tres vectores son linealmente dependientes y que w
es ortogonala u .
b) (1 Punto). Para a=1, halla el valor o los valores de b para que el volumen del paralelepípedo
formado por dichos vectores sea de 6 unidades cúbicas
MATEMÁTICAS HI. 2020. RESERVA 2. EJERCICIO 8."
MATES_II,Geometría,2020,Reserva 3,Ejercicio 4,"Considera los puntos A(t,2,-1) , B(0,1,1) , C(=1,0,2) y D(2,3,-t-1).
a) Calcula el valor o los valores de t para que el volumen del tetraedro de vértices A, B, C, D sea
5 unidades cúbicas.
b) Para t=0,calcula la distancia del punto A a la recta determinada por los puntos B y C.
MATEMÁTICAS I1. 2020. RESERVA 3. EJERCICIO 4"
MATES_II,Geometría,2020,Reserva 3,Ejercicio 8,"Considera el punto A(0,1,—2) y los planos r, =2x—y—z+5=0 y tm,=x+5y-6z-4=0.
a) (15 Puntos). Halla el punto simétrico de A respecto de T.,.
b) (1 Punto). Calcula la recta que pasa por A y es paralela a 7, ya T,.
MATEMÁTICAS Il. 2020. RESERVA 3. EJERCICIO 8"
MATES_II,Geometría,2020,Reserva 4,Ejercicio 4,"x=-1-4
Considera A(1,0,1), B(=1,0,2) y O(0,0,0), y la recta r =3y=%2
z=2
a) (15 Puntos). Calcula la distancia del punto A a la recta r.
b) (1 Punto). Determina el área del triángulo de vértices A, B y O.
MATEMÁTICAS II. 2020. RESERVA 4. EJERCICIO 4"
MATES_II,Geometría,2020,Reserva 4,Ejercicio 8,"Considera el plano T=2x-— y+Zz-3=0,la recta r =4y=1-—21 y el punto P(1,1,2)
z=-2-4
a) (125 Puntos). Determina la ecuación general del plano perpendicular a , paralelo a r y que
pasa por el punto P.
b) (1?25 Puntos). Calcula el punto simétrico de P respecto de la recta r.
MATEMÁTICAS II. 2020. RESERVA 4. EJERCICIO 8"
MATES_II,Geometría,2020,Septiembre,Ejercicio 4,"SELECTIVIDAD
4x-3y+4z=1
3x-2y+z=0
Considera el plano T=x-— y+az=0 y la recta r -l
a) (15 puntos) Halla a sabiendo que Tr es paralelo a r.
b) (1 punto) Determina el plano perpendicular a r que pasa por el punto P(1,2,3).
MATEMÁTICAS Il. 2020. SEPTIEMBRE. EJERCICIO 4"
MATES_II,Geometría,2020,Septiembre,Ejercicio 8,"Considera el plano T=x-—y+Z=2 y la la recta r =
a) (1 punto) Calcula la distancia entre r y TT.
b) (15 puntos) Halla la ecuación general del plano perpendicular a í que contiene a r.
MATEMÁTICAS II. 2020. SEPTIEMBRE. EJERCICIO 8"
MATES_II,Geometría,2021,Junio,Ejercicio 7,"2x-3y+z-2=0
-3x4+2y+2z+1=0
Considera las rectas r -|
a) Calcula el plano perpendicular a la recta s que pasa por el punto P=(1,0,—5).
b) Calcula el seno del ángulo que forma la recta r con el plano r=-2x+ y+2z=0.
MATEMÁTICAS HI. 2021. JUNIO. EJERCICIO 7"
MATES_II,Geometría,2021,Junio,Ejercicio 8,"x43 y+4  z-
2.2. 3
cortan en un punto. Calcula el valor de a y el punto de corte.
MATEMÁTICAS HI. 2021. JUNIO. EJERCICIO 8"
MATES_II,Geometría,2021,Reserva 1,Ejercicio 8,"x=-A
Considera los puntos B(-1,0,-1) , C(0,1,-3) y la recta r dada por r=<y=1+214.
z=-1+4
a) Calcula un punto que esté en r y equidiste de B y C.
b) Siendo D(1,—1,—2), calcula el área del triángulo con vértices en los puntos B.C y D.
MATEMÁTICAS Il. 2021. RESERVA 1. EJERCICIO 8"
MATES_II,Geometría,2021,Reserva 2,Ejercicio 7,"a) Halla el simétrico del punto P respecto al plano Tr .
b) Halla la distancia del punto P al plano r .
MATEMÁTICAS Il. 2021. RESERVA 2. EJERCICIO 7"
MATES_II,Geometría,2021,Reserva 2,Ejercicio 8,". -2
Considera las rectas r =2=“= y-=1= S -|
x+2y=3
2y+z=2
a) Estudia la posición relativa de r y s.
b) Calcula, si es posible, el plano que contiene a r y s.
MATEMÁTICAS Il. 2021. RESERVA 2. EJERCICIO 8"
MATES_II,Geometría,2021,Reserva 3,Ejercicio 7,"x—-y+z=2
Considera las rectas r yoS =l y
3x—y=z=-4
Sabiendo que dos de los lados de un cuadrado están en las rectas r y s, calcula su área.
MATEMÁTICAS Il. 2021. RESERVA 3. EJERCICIO 7"
MATES_II,Geometría,2021,Reserva 3,Ejercicio 8,"X-y+2z=3
x+z=2
Considera las rectas r = y Ss =|
a) Estudia la posición relativa de r y s según los valores de m.
b) Para m=1, calcula el coseno del ángulo que forman las rectas r y s
MATEMÁTICAS Il. 2021. RESERVA 3. EJERCICIO 8"
MATES_II,Geometría,2021,Reserva 4,Ejercicio 7,"Considera las rectas r=3y=-1+2%4 y s =|
z=3+1
a) Halla el plano que contiene a r y es paralelo a s.
2x-y-2=0
y+2z-4=0
b) Deduce razonadamente que ningún plano perpendicular a s contiene a r.
MATEMÁTICAS I1. 2021. RESERVA 4. EJERCICIO 7"
MATES_II,Geometría,2021,Reserva 4,Ejercicio 8,"a) Halla el área del triángulo de vértices A, B y C.
b) Halla el plano que equidista de A y B.
MATEMÁTICAS 11. 2021. RESERVA 4. EJERCICIO 8"
MATES_II,Geometría,2021,Julio,Ejercicio 7,"La recta perpendicular desde el punto A(1,1,0) a un cierto plano TÍ corta a éste en el punto
a) Calcula la ecuación del plano r .
b) Halla la distancia del punto A a su simétrico respecto a Tr.
MATEMÁTICAS II. 2021. JULIO. EJERCICIO 7"
MATES_II,Geometría,2021,Julio,Ejercicio 8,"Considera las rectas
a) Estudia la posición relativa de r y s.
b) Halla la recta que corta perpendicularmentea ryas.
MATEMÁTICAS II. 2021. JULIO. EJERCICIO 8"
MATES_II,Geometría,2022,Junio,Ejercicio 7,"Considera los vectores u =(=1,2,3) y v=(2,0,—1), así como el punto A(-4,4,7)
> > >
a) Calcula a y b para que el vector w=(1,a,b) se ortogonal a u y v.
>
b) Determina los cuatro vértices de un paralelogramo cuyos lados tienen las direcciones de u y
> >
v , y que tiene el vector OA como una de sus diagonales, siendo O el origen de coordenadas.
MATEMÁTICAS HI. 2022. JUNIO. EJERCICIO 7"
MATES_II,Geometría,2022,Junio,Ejercicio 8,"Considera la recta r=x-2= , así como la recta s determinada por el punto
P(1,2,3) y el vector director v=(l+a,-a,3a).
a) Calcula a para que las rectas r y s se corten.
b) Calcula a para que las rectas r y s sean perpendiculares.
MATEMÁTICAS HI. 2022. JUNIO. EJERCICIO 8"
MATES_II,Geometría,2022,Reserva 1,Ejercicio 7,"x=0 x+y=1
Considera ls rectas x= y 5. y
z=0 x-y=1
a) Determina la ecuación del plano que contiene a r y es paralelo a s.
b) ¿Existe algún plano que contiene a r y es perpendicular a s?.
MATEMÁTICAS HI. 2022. RESERVA 1. EJERCICIO 7."
MATES_II,Geometría,2022,Reserva 1,Ejercicio 8,"2x+z=1
y=1
Considera los planos Tr, =x+y+2=0 y ny mx—2-120,056como a recta 7
a) Calcula los puntos de la recta r que equidistan de los planos T, y T,.
b) Halla el ángulo que forman los planos T, y T,.
MATEMÁTICAS Il. 2022. RESERVA 1. EJERCICIO 8"
MATES_II,Geometría,2022,Reserva 2,Ejercicio 7,"x=2
Considera el plano T=x+ y+Z=0 y la recta r=3y=1-A
z=0
a) Determina la ecuación del plano perpendicular a T que contiene a r.
b) Calcula la distancia entre r y TT.
MATEMÁTICAS II. 2022. RESERVA 2. EJERCICIO 7"
MATES_II,Geometría,2022,Reserva 2,Ejercicio 8,"z+1
Sean los planos 7, =2x+y+z-3=0 y Tm,=x+2y-Z+5=0,y la recta r = x-1=>=
a) Halla los puntos de r que equidistan de los planos Tr, y T.,.
b) Halla el seno del ángulo que forma el plano T, con la recta r.
MATEMÁTICAS Il. 2022. RESERVA 2. EJERCICIO 8"
MATES_II,Geometría,2022,Reserva 3,Ejercicio 7,"Considera el triángulo cuyos vértices son los puntos A(0,2,3) ; B(m,0,1) ; C(2,1,2).
y 18
a) Halla los valores de m, sabiendo que el área del triángulo es 2 unidades cuadradas.
b) Para m=0, calcula el coseno del ángulo en el vértice A de dicho triángulo.
MATEMÁTICAS I1. 2022. RESERVA 3. EJERCICIO 7"
MATES_II,Geometría,2022,Reserva 3,Ejercicio 8,"x =9a. +38
Considera el punto P(2,0,-4) y el plano 1=+< y=-—1+2a
z=3+4a+fB
a) Calcula el punto simétrico del punto P respecto del plano T .
b) Calcula la distancia del punto P al plano Tr .
MATEMÁTICAS I1. 2022. RESERVA 3. EJERCICIO 8"
MATES_II,Geometría,2022,Reserva 4,Ejercicio 7,"Sea el plano r=2x+ y-2z-2=0.
a) Halla las ecuaciones de los planos paralelos a í que distan 2 unidades de dicho plano.
b) Calcula el volumen del tetraedro cuyos vértices son el origen de coordenadas y los puntos de
corte del plano r con los ejes coordenados.
MATEMÁTICAS I1. 2022. RESERVA 4. EJERCICIO 7"
MATES_II,Geometría,2022,Reserva 4,Ejercicio 8,"X+y-3z= 4
3x-y+z=-2
Considera las rectas r=x=1l-y=Z y so
a) Estudia la posición relativa de r y s.
b) Calcula la ecuación del plano que contiene a s y es paralelo a r.
MATEMÁTICAS Il. 2022. RESERVA 4. EJERCICIO 8"
MATES_II,Geometría,2022,Julio,Ejercicio 7,"x=5+2%
Considera las rectas r =x+1=y-a=-Z y =-3
z=2-2
a) Calcula a para quer y s se corten. Determina el punto de corte.
b) Halla la ecuación del plano que pasa por P(8,—7,2) y contiene a la recta s.
MATEMÁTICAS 11. 2022. JULIO. EJERCICIO 7"
MATES_II,Geometría,2022,Julio,Ejercicio 8,"Sea el plano T=x+y=Z=2 y la recta 1ex=>3=2-1
a) Calcula, si existe, el punto de intersección de r y TT.
b) Dado el punto Q(2,6,3) halla su simétrico respecto del plano T .
MATEMÁTICAS 11. 2022. JULIO. EJERCICIO 8"
MATES_II,Geometría,2023,Junio,Ejercicio 7,"El plano perpendicular al segmento de extremos P(0,3,8) y Q(2,1,6) que pasa por su punto
medio corta a los ejes coordenados en los puntos A, B y C. Halla el área del triángulo cuyos
vértices son los puntos A, B y C.
MATEMÁTICAS HI. 2023. JUNIO. EJERCICIO 7"
MATES_II,Geometría,2023,Junio,Ejercicio 8,"Considera el punto A(-1,1,3) y la recta r determinada por los puntos B(2,1,1) y C(0,1,-1)
a) Halla la distancia del punto Aa la recta r.
b) Calcula el área del triángulo cuyos vértices son A, B y C.
MATEMÁTICAS II. 2023. JUNIO. EJERCICIO 8"
MATES_II,Geometría,2023,Reserva 1,Ejercicio 7,"Considera los puntos A(1,-2,3) y B(2,0,—1).
a) Halla los puntos que dividen al segmento AB en cuatro partes iguales.
b) Determina la ecuación del plano perpendicular al segmento AB y que pasa por el punto medio
de dicho segmento.
MATEMÁTICAS II. 2023. RESERVA 1. EJERCICIO 7"
MATES_II,Geometría,2023,Reserva 1,Ejercicio 8,"Considera el plano r=x+y+Zz=0 y la recta r= x-1=>3= ==. Halla la ecuación de un
plano rT', paralelo a 7, tal que si Q y O” son respectivamente los puntos de corte de la recta r
con los planos Tí y rr' ,entonces la distancia entre Q y O” sea de 2 unidades.
MATEMÁTICAS Il. 2023. RESERVA 1. EJERCICIO 8"
MATES_II,Geometría,2023,Reserva 2,Ejercicio 7,"Considera el plano Tr, determinado por los puntos A(—1,0,0) , B(0,1,1) y C(2,1,0), y la recta
SN
rT=
y=z-2=0 '
Halla los puntos de r cuya distancia a Tí es y/14 unidades.
MATEMÁTICAS I1. 2023. RESERVA 2. EJERCICIO 7"
MATES_II,Geometría,2023,Reserva 2,Ejercicio 8,"R(0,5,1) y S.
a) Halla las coordenadas del punto S.
b) Calcula la ecuación de la recta que pasa por el origen de coordenadas y es perpendicular al
plano que contiene a los puntos P,Q y R.
MATEMÁTICAS Il. 2023. RESERVA 2. EJERCICIO 8"
MATES_II,Geometría,2023,Reserva 3,Ejercicio 7,"Determina el punto simétrico de A(2,-4,-3) con respecto al plano que contiene a los puntos
B(1,1,2), c(0.;.) y D(-3,0,3).
MATEMÁTICAS I1. 2023. RESERVA 3. EJERCICIO 7"
MATES_II,Geometría,2023,Reserva 3,Ejercicio 8,"Dados los puntos O(0,0,0) , A(2,—1,0) B(3,0,x) y C(-x,1,—1),los vectores OA, OB y OC
determinan un paralelepípedo.
a) Calcula los posibles valores de x sabiendo que el volumen del paralelepípedo es 5 unidades
cúbicas.
b) para x=1, halla el área de la cara del paralelepípedo que contiene a los vértices O, A y B.
MATEMÁTICAS I1. 2023. RESERVA 3. EJERCICIO 8"
MATES_II,Geometría,2023,Reserva 4,Ejercicio 7,"x—-y+z=0
que son equidistantes de los planos cartesianos
x+3y-1=0
Determina los puntos de la recta r =
OYZ y OXZ.
MATEMÁTICAS Il. 2023. RESERVA 4. EJERCICIO 7"
MATES_II,Geometría,2023,Reserva 4,Ejercicio 8,"X-y+z= 1
3x-2z=-2
Considera la recta r -l
a) Determina la ecuación del plano paralelo a r que contiene a la recta —-x+1l=y=
b) Calcula la distancia entre la recta r y el plano 2x+5y+3z=41.
MATEMÁTICAS I1. 2023. RESERVA 4. EJERCICIO 8"
MATES_II,Geometría,2023,Julio,Ejercicio 7,"Considera los planos T, =X—y+Z=0 y 7,=X+y=2.
a) Calcula la distancia entre la recta intersección de Tr, y Tr, y el punto P(2,6,-2).
b) Halla el ángulo que forman T, y T,.
MATEMÁTICAS Il. 2023. JULIO. EJERCICIO 7"
MATES_II,Geometría,2023,Julio,Ejercicio 8,"Calcula el volumen del tetraedro que limita el plano determinado por los puntos A(0,2,-2) ,
B(3,2,1) y C(2,3,2) con los planos cartesianos.
MATEMÁTICAS 11. 2023. JULIO. EJERCICIO 8"
MATES_II,Geometría,2024,Junio,Ejercicio 7,"x-2y+z=2
a) Halla el punto simétrico de P(2,2,1) respecto de la recta r Si
y=z=1 :
b) Halla el punto simétrico de Q(1,—1,-3) respecto del plano T=x-2y+z+6=0
MATEMÁTICAS Il. 2024. JUNIO. EJERCICIO 7"
MATES_II,Geometría,2024,Junio,Ejercicio 8,"y=0
Considera las rectas r = y
2x-z=0
a) Estudia la posición relativa de r y s.
b) Calcula la ecuación del plano paralelo a r y s que equidista de ambas rectas.
MATEMÁTICAS II. 2024. JUNIO. EJERCICIO 8"
MATES_II,Geometría,2024,Reserva 1,Ejercicio 7,"Considera los puntos P(1,0,1) y Q(3,-2,1).
a) Calcula el plano perpendicular al segmento PQ que pasa por su punto medio.
y
b) Calcula el plano paralelo a la recta r=1-x= NS =Z+1 que pasa por P y Q.
MATEMÁTICAS Il. 2024. RESERVA 1. EJERCICIO 7"
MATES_II,Geometría,2024,Reserva 1,Ejercicio 8,"Considera los puntos A(1,1,2) ; B(1,0,1) y C(1,-1,2)
a) Determina el área del triángulo de vértices A, B y C.
b) Calcula D para que los puntos A, B, C y D sean los vértices consecutivos de un
paralelogramo.
MATEMÁTICAS II. 2024. RESERVA 1. EJERCICIO 8"
MATES_II,Geometría,2024,Reserva 2,Ejercicio 7,"x-1_
Considera el plano T=x-—y=0 y la recta r =
a) Calcula, si es posible, el plano perpendicular a r que contiene a r.
b) Calcula, si es posible, la recta perpendicular a r, contenida en r y que pasa por el origen.
MATEMÁTICAS Il. 2024. RESERVA 2. EJERCICIO 7"
MATES_II,Geometría,2024,Reserva 2,Ejercicio 8,"a) Determina a para que el triángulo OAB tenga área 3 unidades cuadradas.
b) Calcula a para que O, A y B sean coplanarios con el punto C (1,1,0)
MATEMÁTICAS Il. 2024. RESERVA 2. EJERCICIO 8"
MATES_II,Geometría,2024,Reserva 3,Ejercicio 7,". z+1
Considera las rectas r=x=y+a==——
x-2y=3a
s=
2
x+z=2
a) Calcula a para que las rectas se corten.
b)Para a =—1, halla la recta que corta perpendicularmente a r y s
MATEMÁTICAS Il. 2024. RESERVA 3. EJERCICIO 7"
MATES_II,Geometría,2024,Reserva 3,Ejercicio 8,"Considera los vectores u = (1,a,2) y v=(-2,1,a) .
, T .
a) Calcula a para que ambos vectores formen un ángulo de 3 radianes.
b) Calcula a para que el vector (u x y) —v sea ortogonal a u
MATEMÁTICAS Il. 2024. RESERVA 3. EJERCICIO 8"
MATES_II,Geometría,2024,Reserva 4,Ejercicio 7,"=3-—z y el punto P(0,2,-4).
a) Calcula el punto de r a menor distancia de P.
b) Halla los puntos de r cuya distancia a P sea igual a ,/50
MATEMÁTICAS Il. 2024. RESERVA 4. EJERCICIO 7"
MATES_II,Geometría,2024,Reserva 4,Ejercicio 8,"Sea TÍ, el plano determinado por los puntos A(1,0,0), B(1,1,-3) y C(0,1,1), y sea
T,=x-y+2z-1=0. Determina la ecuación de la recta paralela a ambos planos que pasa por
el origen.
MATEMÁTICAS II. 2024. RESERVA 4. EJERCICIO 8"
MATES_II,Geometría,2024,Julio,Ejercicio 7,"Considera el plano T=x-2y+z-2=0 y la recta r de ecuación r =4 y=4 AeR
z=1
a) Estudia la posición relativa de Tr yr.
b) Calcula la ecuación de la recta contenida en rm que pasa por el punto P(2,-1,-2) y es
perpendicular a r.
MATEMÁTICAS II. 2024. JULIO. EJERCICIO 7"
MATES_II,Geometría,2024,Julio,Ejercicio 8,"Considera los puntos A(4,0,0) y B(0,2,0). Calcula los puntos del plano XOZ que forman un
triángulo equilátero con A y B.
MATEMÁTICAS II. 2024. JULIO. EJERCICIO 8"
MATES_II,Geometría,2024,Modelo,Ejercicio 2,"Considera el plano xr, determinado por los puntos A(=1,0,0), B(0,1,1) y C(2,1,0), y la recta
CE
r=
y=z-2=0
Halla los puntos de r cuya distancia a m es y/14 unidades.
MATEMÁTICAS Il. 2024. MODELO. EJERCICIO 2"
MATES_II,Geometría,2024,Modelo,Ejercicio 3,"R(0,5,1) yS.
a) Halla las coordenadas del punto S.
b) Calcula la ecuación de la recta que pasa por el origen de coordenadas y es perpendicular al
plano que contiene a los puntos P,Q y R.
MATEMÁTICAS II. 2024. MODELO. EJERCICIO 3"
MATES_II,Geometría,2025,Junio,Ejercicio 4,"Sean los puntos O(0,0,0) , A(0,2,-2) , B(1,2,m) y C(2,3,2).
a) Halla los valores de m para que el tetraedro determinado por los puntos O, A, B y C tenga un
volumen de 3 unidades cúbicas.
b) Para m=0, calcula la distancia del punto O al plano que pasa por A,B y C
MATEMÁTICAS HI. 2025. JUNIO. EJERCICIO 4"
MATES_II,Geometría,2025,Junio,Ejercicio 5,"y-2
2
a) Halla el plano Tr que pasa por el punto P y contiene a la recta r.
b) Halla la recta que pasa por el punto P y corta perpendicularmente a la recta r
MATEMÁTICAS II. 2025. JUNIO. EJERCICIO 5"
MATES_II,Geometría,2025,Reserva 1,Ejercicio 4,"Sean los puntos A(3,—1,1), B(11,3,-3) y C(-2,-2,1).
a) Calcula el área del triángulo de vértices A, B y C.
b) Halla los puntos D pertenecientes al eje OZ para que el tetraedro de vértices A, B,C y D tenga
un volumen de 20 unidades cúbicas.
MATEMÁTICAS II. 2025. RESERVA 1. EJERCICIO 4"
MATES_II,Geometría,2025,Reserva 2,Ejercicio 6,"a) Calcula el punto simétrico del punto A con respecto al plano Tr.
b) Halla el plano que contiene a los puntos A y B y es perpendicular al plano r
MATEMÁTICAS 11. 2025. RESERVA 2. EJERCICIO 6"
MATES_II,Geometría,2025,Reserva 3,Ejercicio 6,"x+y+z=0
y el punto P(2,1,0).
y=z=0
Considera la recta r =
a) Halla la distancia del punto P a la recta r.
b) Calcula la ecuación del plano que contiene a la recta r y al punto P.
MATEMÁTICAS II. 2025. RESERVA 3. EJERCICIO 6"
MATES_II,Geometría,2025,Reserva 4,Ejercicio 1,"Considera las rectas r=2 = y22_ 2k y S= x42_y43 al
1-1 -1 2 1
a) Determina k sabiendo que ambas se cortan en un punto.
b) Para k=0, halla la ecuación general del plano que contiene a r y es paralelo a s.
MATEMÁTICAS II. 2025. RESERVA 4. EJERCICIO 1"
MATES_II,Geometría,2025,Julio,Ejercicio 4,"=y+z=3
Considera la recta 1 xy y el plano rT=mx- y-2z=5.
x+2y-z=4
a) Halla m para quer y re sean paralelos.
b) Para m=-8,calcula la distancia de la recta r al plano r .
MATEMÁTICAS HI. 2025. JULIO. EJERCICIO 4"
MATES_II,Geometría,2025,Julio,Ejercicio 5,"y s=3y=2+%
z=-3-2
x+1_ y+2_z-2
230 1
Sean las rectas r =
a) Estudia la posición relativa de las rectas r y s.
b) Halla la ecuación de un plano que contiene a r y a una recta perpendicular a las rectas r y s
MATEMÁTICAS II. 2025. JULIO. EJERCICIO 5"
MATES_II,Geometría,2026,Junio,Ejercicio 2,"Considera los puntos A(1,2,0), B(2,m,1), C(3,4,2) y D(1,-1,m).
a) Halla los valores de m para los cuales los puntos anteriores son coplanarios
b) Para m=1, calcula el área del triángulo de vértices A, B, C y el volumen del tetraedro de
vértices A, B,C,D.
MATEMÁTICAS II. 2026. JUNIO. EJERCICIO 2"
