id,tipo_ejercicio,confianza,error,asignatura,tema
fisica_campo_gravitatorio_2016_septiembre_ejercicio_3_opcion_a,satélites,alta,,Física,Campo gravitatorio
fisica_campo_gravitatorio_2026_junio_ejercicio_a,verdadero / falso,alta,,Física,Campo gravitatorio
fisica_campo_gravitatorio_2026_junio_ejercicio_b,plano_inclinado,alta,,Física,Campo gravitatorio
fisica_campo_gravitatorio_2025_julio_ejercicio_a,verdadero / falso,alta,,Física,Campo gravitatorio
fisica_campo_gravitatorio_2025_julio_ejercicio_b1,distribución_masas,alta,,Física,Campo gravitatorio
fisica_campo_gravitatorio_2025_julio_ejercicio_b2,satélites,alta,,Física,Campo gravitatorio
fisica_campo_gravitatorio_2025_junio_ejercicio_a,verdadero / falso,alta,,Física,Campo gravitatorio
fisica_campo_gravitatorio_2025_junio_ejercicio_b1,plano_inclinado,alta,,Física,Campo gravitatorio
fisica_campo_gravitatorio_2025_junio_ejercicio_b2,satélites,alta,,Física,Campo gravitatorio
fisica_campo_gravitatorio_2025_reserva_1_ejercicio_a,distribución_masas,alta,,Física,Campo gravitatorio
fisica_campo_gravitatorio_2025_reserva_1_ejercicio_b1,plano_inclinado,alta,,Física,Campo gravitatorio
fisica_campo_gravitatorio_2025_reserva_1_ejercicio_b2,satélites,alta,,Física,Campo gravitatorio
fisica_campo_gravitatorio_2025_reserva_2_ejercicio_a,satélites,baja,,Física,Campo gravitatorio
fisica_campo_gravitatorio_2025_reserva_2_ejercicio_b1,distribución_masas,alta,,Física,Campo gravitatorio
fisica_campo_gravitatorio_2025_reserva_2_ejercicio_b2,satélites,alta,,Física,Campo gravitatorio
fisica_campo_gravitatorio_2025_reserva_3_ejercicio_a,verdadero / falso,alta,,Física,Campo gravitatorio
fisica_campo_gravitatorio_2025_reserva_3_ejercicio_b1,distribución_masas,alta,,Física,Campo gravitatorio
fisica_campo_gravitatorio_2025_reserva_3_ejercicio_b2,plano_inclinado,alta,,Física,Campo gravitatorio
fisica_campo_gravitatorio_2024_julio_ejercicio_a1,distribución_masas,alta,,Física,Campo gravitatorio
fisica_campo_gravitatorio_2024_julio_ejercicio_a2,plano_inclinado,alta,,Física,Campo gravitatorio
fisica_campo_gravitatorio_2024_junio_ejercicio_a1,plano_inclinado,alta,,Física,Campo gravitatorio
fisica_campo_gravitatorio_2024_junio_ejercicio_a2,satélites,alta,,Física,Campo gravitatorio
fisica_campo_gravitatorio_2024_reserva_1_ejercicio_a1,satélites,alta,,Física,Campo gravitatorio
fisica_campo_gravitatorio_2024_reserva_1_ejercicio_a2,plano_inclinado,alta,,Física,Campo gravitatorio
fisica_campo_gravitatorio_2024_reserva_2_ejercicio_a1,plano_inclinado,alta,,Física,Campo gravitatorio
fisica_campo_gravitatorio_2024_reserva_2_ejercicio_a2,satélites,alta,,Física,Campo gravitatorio
fisica_campo_gravitatorio_2024_reserva_3_ejercicio_a1,distribución_masas,alta,,Física,Campo gravitatorio
fisica_campo_gravitatorio_2024_reserva_3_ejercicio_a2,satélites,alta,,Física,Campo gravitatorio
fisica_campo_gravitatorio_2024_reserva_4_ejercicio_a1,distribución_masas,alta,,Física,Campo gravitatorio
fisica_campo_gravitatorio_2024_reserva_4_ejercicio_a2,satélites,alta,,Física,Campo gravitatorio
fisica_campo_gravitatorio_2023_julio_ejercicio_a1,satélites,alta,,Física,Campo gravitatorio
fisica_campo_gravitatorio_2023_julio_ejercicio_a2,distribución_masas,alta,,Física,Campo gravitatorio
fisica_campo_gravitatorio_2023_junio_ejercicio_a1,satélites,alta,,Física,Campo gravitatorio
fisica_campo_gravitatorio_2023_junio_ejercicio_a2,distribución_masas,alta,,Física,Campo gravitatorio
fisica_campo_gravitatorio_2023_reserva_1_ejercicio_a1,satélites,alta,,Física,Campo gravitatorio
fisica_campo_gravitatorio_2023_reserva_1_ejercicio_a2,satélites,alta,,Física,Campo gravitatorio
fisica_campo_gravitatorio_2023_reserva_2_ejercicio_a1,plano_inclinado,alta,,Física,Campo gravitatorio
fisica_campo_gravitatorio_2023_reserva_2_ejercicio_a2,satélites,alta,,Física,Campo gravitatorio
fisica_campo_gravitatorio_2023_reserva_3_ejercicio_a1,distribución_masas,alta,,Física,Campo gravitatorio
fisica_campo_gravitatorio_2023_reserva_3_ejercicio_a2,plano_inclinado,alta,,Física,Campo gravitatorio
fisica_campo_gravitatorio_2023_reserva_4_ejercicio_a1,satélites,alta,,Física,Campo gravitatorio
fisica_campo_gravitatorio_2023_reserva_4_ejercicio_a2,plano_inclinado,alta,,Física,Campo gravitatorio
fisica_campo_gravitatorio_2022_julio_ejercicio_a1,,,Extra data: line 2 column 1 (char 79),Física,Campo gravitatorio
fisica_campo_gravitatorio_2022_julio_ejercicio_a2,distribución_masas,alta,,Física,Campo gravitatorio
fisica_campo_gravitatorio_2022_junio_ejercicio_a1,plano_inclinado,alta,,Física,Campo gravitatorio
fisica_campo_gravitatorio_2022_junio_ejercicio_a2,distribución_masas,alta,,Física,Campo gravitatorio
fisica_campo_gravitatorio_2022_reserva_1_ejercicio_a1,plano_inclinado,alta,,Física,Campo gravitatorio
fisica_campo_gravitatorio_2022_reserva_1_ejercicio_a2,satélites,alta,,Física,Campo gravitatorio
fisica_campo_gravitatorio_2022_reserva_2_ejercicio_a1,distribución_masas,alta,,Física,Campo gravitatorio
fisica_campo_gravitatorio_2022_reserva_2_ejercicio_a2,satélites,alta,,Física,Campo gravitatorio
fisica_campo_gravitatorio_2022_reserva_3_ejercicio_a1,distribución_masas,alta,,Física,Campo gravitatorio
fisica_campo_gravitatorio_2022_reserva_3_ejercicio_a2,satélites,alta,,Física,Campo gravitatorio
fisica_campo_gravitatorio_2022_reserva_4_ejercicio_a1,satélites,alta,,Física,Campo gravitatorio
fisica_campo_gravitatorio_2022_reserva_4_ejercicio_a2,plano_inclinado,alta,,Física,Campo gravitatorio
fisica_campo_gravitatorio_2021_julio_ejercicio_a1,satélites,media,,Física,Campo gravitatorio
fisica_campo_gravitatorio_2021_julio_ejercicio_a2,verdadero / falso,alta,,Física,Campo gravitatorio
fisica_campo_gravitatorio_2021_junio_ejercicio_a1,plano_inclinado,alta,,Física,Campo gravitatorio
fisica_campo_gravitatorio_2021_junio_ejercicio_a2,distribución_masas,alta,,Física,Campo gravitatorio
fisica_campo_gravitatorio_2021_reserva_1_ejercicio_a1,distribución_masas,alta,,Física,Campo gravitatorio
fisica_campo_gravitatorio_2021_reserva_1_ejercicio_a2,satélites,media,,Física,Campo gravitatorio
fisica_campo_gravitatorio_2021_reserva_2_ejercicio_a1,plano_inclinado,alta,,Física,Campo gravitatorio
fisica_campo_gravitatorio_2021_reserva_2_ejercicio_a2,distribución_masas,alta,,Física,Campo gravitatorio
fisica_campo_gravitatorio_2021_reserva_3_ejercicio_a1,distribución_masas,alta,,Física,Campo gravitatorio
fisica_campo_gravitatorio_2021_reserva_3_ejercicio_a2,satélites,alta,,Física,Campo gravitatorio
fisica_campo_gravitatorio_2021_reserva_4_ejercicio_a1,satélites,alta,,Física,Campo gravitatorio
fisica_campo_gravitatorio_2021_reserva_4_ejercicio_a2,plano_inclinado,alta,,Física,Campo gravitatorio
fisica_campo_gravitatorio_2020_junio_ejercicio_1,distribución_masas,alta,,Física,Campo gravitatorio
fisica_campo_gravitatorio_2020_junio_ejercicio_5,plano_inclinado,alta,,Física,Campo gravitatorio
fisica_campo_gravitatorio_2020_reserva_1_ejercicio_5,plano_inclinado,alta,,Física,Campo gravitatorio
fisica_campo_gravitatorio_2020_reserva_2_ejercicio_1,plano_inclinado,alta,,Física,Campo gravitatorio
fisica_campo_gravitatorio_2020_reserva_2_ejercicio_5,satélites,alta,,Física,Campo gravitatorio
fisica_campo_gravitatorio_2020_reserva_3_ejercicio_1,distribución_masas,alta,,Física,Campo gravitatorio
fisica_campo_gravitatorio_2020_reserva_3_ejercicio_5,verdadero / falso,alta,,Física,Campo gravitatorio
fisica_campo_gravitatorio_2020_reserva_4_ejercicio_1,distribución_masas,alta,,Física,Campo gravitatorio
fisica_campo_gravitatorio_2020_reserva_4_ejercicio_5,satélites,alta,,Física,Campo gravitatorio
fisica_campo_gravitatorio_2020_reserva1_ejercicio_1,distribución_masas,alta,,Física,Campo gravitatorio
fisica_campo_gravitatorio_2020_septiembre_ejercicio_1,plano_inclinado,alta,,Física,Campo gravitatorio
fisica_campo_gravitatorio_2020_septiembre_ejercicio_5,satélites,alta,,Física,Campo gravitatorio
fisica_campo_gravitatorio_2019_junio_ejercicio_1_opcion_a,distribución_masas,alta,,Física,Campo gravitatorio
fisica_campo_gravitatorio_2019_junio_ejercicio_1_opcion_b,plano_inclinado,alta,,Física,Campo gravitatorio
fisica_campo_gravitatorio_2019_reserva_1_ejercicio_1_opcion_a,distribución_masas,alta,,Física,Campo gravitatorio
fisica_campo_gravitatorio_2019_reserva_1_ejercicio_1_opcion_b,plano_inclinado,alta,,Física,Campo gravitatorio
fisica_campo_gravitatorio_2019_reserva_2_ejercicio_1_opcion_a,plano_inclinado,alta,,Física,Campo gravitatorio
fisica_campo_gravitatorio_2019_reserva_2_ejercicio_1_opcion_b,satélites,alta,,Física,Campo gravitatorio
fisica_campo_gravitatorio_2019_reserva_3_ejercicio_1_opcion_a,plano_inclinado,alta,,Física,Campo gravitatorio
fisica_campo_gravitatorio_2019_reserva_3_ejercicio_1_opcion_b,satélites,alta,,Física,Campo gravitatorio
fisica_campo_gravitatorio_2019_reserva_4_ejercicio_1_opcion_a,distribución_masas,alta,,Física,Campo gravitatorio
fisica_campo_gravitatorio_2019_reserva_4_ejercicio_1_opcion_b,satélites,alta,,Física,Campo gravitatorio
fisica_campo_gravitatorio_2019_septiembre_ejercicio_1_opcion_a,plano_inclinado,alta,,Física,Campo gravitatorio
fisica_campo_gravitatorio_2019_septiembre_ejercicio_1_opcion_b,satélites,alta,,Física,Campo gravitatorio
fisica_campo_gravitatorio_2018_junio_ejercicio_1_opcion_a,satélites,alta,,Física,Campo gravitatorio
fisica_campo_gravitatorio_2018_junio_ejercicio_1_opcion_b,satélites,alta,,Física,Campo gravitatorio
fisica_campo_gravitatorio_2018_reserva_1_ejercicio_1_opcion_a,distribución_masas,alta,,Física,Campo gravitatorio
fisica_campo_gravitatorio_2018_reserva_1_ejercicio_1_opcion_b,satélites,alta,,Física,Campo gravitatorio
fisica_campo_gravitatorio_2018_reserva_2_ejercicio_1_opcion_a,plano_inclinado,alta,,Física,Campo gravitatorio
fisica_campo_gravitatorio_2018_reserva_2_ejercicio_1_opcion_b,satélites,alta,,Física,Campo gravitatorio
fisica_campo_gravitatorio_2018_reserva_3_ejercicio_1_opcion_a,satélites,media,,Física,Campo gravitatorio
fisica_campo_gravitatorio_2018_reserva_3_ejercicio_1_opcion_b,plano_inclinado,alta,,Física,Campo gravitatorio
fisica_campo_gravitatorio_2018_reserva_4_ejercicio_1_opcion_a,plano_inclinado,alta,,Física,Campo gravitatorio
fisica_campo_gravitatorio_2018_reserva_4_ejercicio_1_opcion_b,plano_inclinado,alta,,Física,Campo gravitatorio
fisica_campo_gravitatorio_2018_septiembre_ejercicio_1_opcion_a,verdadero / falso,alta,,Física,Campo gravitatorio
fisica_campo_gravitatorio_2018_septiembre_ejercicio_1_opcion_b,distribución_masas,alta,,Física,Campo gravitatorio
fisica_campo_gravitatorio_2017_junio_ejercicio_1_opcion_a,distribución_masas,alta,,Física,Campo gravitatorio
fisica_campo_gravitatorio_2017_junio_ejercicio_1_opcion_b,satélites,media,,Física,Campo gravitatorio
fisica_campo_gravitatorio_2017_reserva_1_ejercicio_1_opcion_a,distribución_masas,alta,,Física,Campo gravitatorio
fisica_campo_gravitatorio_2017_reserva_1_ejercicio_1_opcion_b,satélites,alta,,Física,Campo gravitatorio
fisica_campo_gravitatorio_2017_reserva_2_ejercicio_1_opcion_a,plano_inclinado,alta,,Física,Campo gravitatorio
fisica_campo_gravitatorio_2017_reserva_2_ejercicio_1_opcion_b,satélites,alta,,Física,Campo gravitatorio
fisica_campo_gravitatorio_2017_reserva_3_ejercicio_1_opcion_a,distribución_masas,alta,,Física,Campo gravitatorio
fisica_campo_gravitatorio_2017_reserva_3_ejercicio_1_opcion_b,verdadero / falso,alta,,Física,Campo gravitatorio
fisica_campo_gravitatorio_2017_reserva_4_ejercicio_1_opcion_a,distribución_masas,alta,,Física,Campo gravitatorio
fisica_campo_gravitatorio_2017_reserva_4_ejercicio_1_opcion_b,satélites,alta,,Física,Campo gravitatorio
fisica_campo_gravitatorio_2017_septiembre_ejercicio_1_opcion_a,plano_inclinado,alta,,Física,Campo gravitatorio
fisica_campo_gravitatorio_2017_septiembre_ejercicio_1_opcion_b,satélites,alta,,Física,Campo gravitatorio
fisica_campo_gravitatorio_2016_junio_ejercicio_1_opcion_b,satélites,alta,,Física,Campo gravitatorio
fisica_campo_gravitatorio_2016_junio_ejercicio_3_opcion_a,distribución_masas,alta,,Física,Campo gravitatorio
fisica_campo_gravitatorio_2016_reserva_2_ejercicio_1_opcion_a,satélites,alta,,Física,Campo gravitatorio
fisica_campo_gravitatorio_2016_reserva_2_ejercicio_3_opcion_b,satélites,alta,,Física,Campo gravitatorio
fisica_campo_gravitatorio_2016_reserva_3_ejercicio_1_opcion_b,distribución_masas,alta,,Física,Campo gravitatorio
fisica_campo_gravitatorio_2016_reserva_3_ejercicio_3_opcion_a,satélites,alta,,Física,Campo gravitatorio
fisica_campo_gravitatorio_2016_reserva_4_ejercicio_1_opcion_a,distribución_masas,media,,Física,Campo gravitatorio
fisica_campo_gravitatorio_2016_reserva_4_ejercicio_3_opcion_b,plano_inclinado,alta,,Física,Campo gravitatorio
fisica_campo_gravitatorio_2016_septiembre_ejercicio_1_opcion_b,verdadero / falso,baja,,Física,Campo gravitatorio
fisica_campo_gravitatorio_2016_septiembre_ejercicio_3_opcion_a,satélites,alta,,Física,Campo gravitatorio
