asignatura,tema,tipo_ejercicio,confianza,id,error
Física,Campo gravitatorio,plano_inclinado,alta,fisica_campo_gravitatorio_2022_junio_a1,
Física,Campo gravitatorio,plano_inclinado,alta,fisica_campo_gravitatorio_2024_julio_a2,
Física,Campo gravitatorio,satélites,alta,fisica_campo_gravitatorio_2024_reserva_2_a2,
Física,Campo gravitatorio,distribución_masas,alta,fisica_campo_gravitatorio_2023_junio_a2,
Física,Campo gravitatorio,satélites,alta,fisica_campo_gravitatorio_2016_reserva_2_1_a,
Física,Campo gravitatorio,plano_inclinado,alta,fisica_campo_gravitatorio_2024_reserva_1_a2,
Física,Campo gravitatorio,satélites,alta,fisica_campo_gravitatorio_2021_julio_a1,
Física,Campo gravitatorio,distribución_masas,alta,fisica_campo_gravitatorio_2020_reserva_4_1,
Física,Campo gravitatorio,satélites,media,fisica_campo_gravitatorio_2017_junio_1_b,
Física,Campo gravitatorio,satélites,alta,fisica_campo_gravitatorio_2021_reserva_3_a2,
Mates CCSS,,ecuación matricial,alta,mates_ccss_matrices_y_determinantes_2001_junio_ejercicio_1_opcion_b,
Mates CCSS,,valores tenga inversa,alta,mates_ccss_matrices_y_determinantes_2001_reserva_1_ejercicio_1_opcion_a,
Mates CCSS y Mates II,,ecuación matricial,alta,mates_ccss_matrices_y_determinantes_2001_reserva_2_ejercicio_1_opcion_a,
Mates CCSS,,ecuación matricial,alta,mates_ccss_matrices_y_determinantes_2001_reserva_3_ejercicio_1_opcion_a,
Mates CCSS,,ecuación matricial,alta,mates_ccss_matrices_y_determinantes_2002_reserva_1_ejercicio_1_opcion_a,
Mates CCSS,,ecuación matricial,alta,mates_ccss_matrices_y_determinantes_2002_reserva_2_ejercicio_1_opcion_a,
Mates CCSS,,valores tenga inversa,alta,mates_ccss_matrices_y_determinantes_2002_reserva_3_ejercicio_1_opcion_b,
Mates CCSS y Mates II,,ecuación matricial,alta,mates_ccss_matrices_y_determinantes_2002_reserva_4_ejercicio_1_opcion_a,
Mates CCSS,,valores tenga inversa,alta,mates_ccss_matrices_y_determinantes_2002_septiembre_ejercicio_1_opcion_a,
Mates CCSS,,ecuación matricial,alta,mates_ccss_matrices_y_determinantes_2003_junio_ejercicio_1_opcion_b,
Mates CCSS,,valores tenga inversa,alta,mates_ccss_matrices_y_determinantes_2003_reserva_1_ejercicio_1_opcion_b,
Mates CCSS,,ecuación matricial,alta,mates_ccss_matrices_y_determinantes_2003_reserva_2_ejercicio_1_opcion_b,
,,,,mates_ccss_matrices_y_determinantes_2003_reserva_3_ejercicio_1_opcion_a,Extra data: line 2 column 1 (char 86)
Mates CCSS,,ecuación matricial,media,mates_ccss_matrices_y_determinantes_2003_reserva_4_ejercicio_1_opcion_b,
Mates CCSS,,verificar|inversa,media,mates_ccss_matrices_y_determinantes_2003_septiembre_ejercicio_1_opcion_a,
Mates CCSS,,ecuación matricial,alta,mates_ccss_matrices_y_determinantes_2004_junio_ejercicio_1_opcion_b,
Mates CCSS,,ecuación matricial,alta,mates_ccss_matrices_y_determinantes_2004_reserva_1_ejercicio_1_opcion_a,
Mates CCSS,,potencias,alta,mates_ccss_matrices_y_determinantes_2004_reserva_2_ejercicio_1_opcion_a,
Mates CCSS,,ecuación matricial,media,mates_ccss_matrices_y_determinantes_2004_septiembre_ejercicio_1_opcion_b,
Mates CCSS,,ecuación matricial,alta,mates_ccss_matrices_y_determinantes_2005_junio_ejercicio_1_opcion_a,
,,,,mates_ccss_matrices_y_determinantes_2005_reserva_3_ejercicio_1_opcion_a,Extra data: line 2 column 1 (char 87)
Mates CCSS,,inversa,alta,mates_ccss_matrices_y_determinantes_2005_reserva_4_ejercicio_1_opcion_b,
Mates CCSS,,verificar,media,mates_ccss_matrices_y_determinantes_2005_septiembre_ejercicio_1_opcion_a,
Mates CCSS,,ecuación matricial,alta,mates_ccss_matrices_y_determinantes_2006_junio_ejercicio_1_opcion_a,
Mates CCSS,,ecuación matricial,alta,mates_ccss_matrices_y_determinantes_2006_reserva_1_ejercicio_1_opcion_b,
Mates CCSS,,ecuación matricial,alta,mates_ccss_matrices_y_determinantes_2006_reserva_2_ejercicio_1_opcion_a,
Mates CCSS,,ecuación matricial,alta,mates_ccss_matrices_y_determinantes_2006_reserva_3_ejercicio_1_opcion_b,
Mates CCSS y Mates II,,ecuación matricial,alta,mates_ccss_matrices_y_determinantes_2006_reserva_4_ejercicio_1_opcion_a,
Mates II,,ecuación matricial,alta,mates_ccss_matrices_y_determinantes_2007_junio_ejercicio_1_opcion_a,
Mates CCSS,,ecuación matricial,alta,mates_ccss_matrices_y_determinantes_2007_reserva_1_ejercicio_1_opcion_a,
Mates CCSS y Mates II,,potencias,alta,mates_ccss_matrices_y_determinantes_2007_reserva_2_ejercicio_1_opcion_a,
Mates CCSS,,ecuación matricial,alta,mates_ccss_matrices_y_determinantes_2007_reserva_3_ejercicio_1_opcion_a,
Mates CCSS,,ecuación matricial,alta,mates_ccss_matrices_y_determinantes_2007_reserva_4_ejercicio_1_opcion_a,
Mates CCSS,,ecuación matricial,alta,mates_ccss_matrices_y_determinantes_2007_septiembre_ejercicio_1_opcion_b,
Mates CCSS,,ecuación matricial,alta,mates_ccss_matrices_y_determinantes_2008_junio_ejercicio_1_opcion_a,
Mates CCSS,,potencias,alta,mates_ccss_matrices_y_determinantes_2008_reserva_1_ejercicio_1_opcion_a,
Mates CCSS,,ecuación matricial,alta,mates_ccss_matrices_y_determinantes_2008_reserva_2_ejercicio_1_opcion_b,
Mates CCSS,,ecuación matricial,alta,mates_ccss_matrices_y_determinantes_2008_reserva_3_ejercicio_1_opcion_b,
Mates CCSS,,ecuación matricial,alta,mates_ccss_matrices_y_determinantes_2008_reserva_4_ejercicio_1_opcion_b,
Mates CCSS,,ecuación matricial|inversa,media,mates_ccss_matrices_y_determinantes_2008_septiembre_ejercicio_1_opcion_a,
Mates CCSS,,ecuación matricial,alta,mates_ccss_matrices_y_determinantes_2009_junio_ejercicio_1_opcion_a,
Mates CCSS y Mates II,,ecuación matricial,alta,mates_ccss_matrices_y_determinantes_2009_reserva_4_ejercicio_1_opcion_a,
Mates II,,ecuación matricial,alta,mates_ccss_matrices_y_determinantes_2009_septiembre_ejercicio_1_opcion_b,
Mates CCSS,,ecuación matricial,alta,mates_ccss_matrices_y_determinantes_2010_junio_ejercicio_1_opcion_b,
Mates CCSS,,ecuación matricial,alta,mates_ccss_matrices_y_determinantes_2010_reserva_1_ejercicio_1_opcion_b,
Mates CCSS,,ecuación matricial,media,mates_ccss_matrices_y_determinantes_2010_reserva_2_ejercicio_1_opcion_a,
Mates CCSS y Mates II,,ecuación matricial,alta,mates_ccss_matrices_y_determinantes_2010_septiembre_ejercicio_1_opcion_b,
Mates CCSS,,ecuación matricial,alta,mates_ccss_matrices_y_determinantes_2011_junio_ejercicio_1_opcion_a,
Mates CCSS,,sin clasificar,media,mates_ccss_matrices_y_determinantes_2011_reserva_1_ejercicio_1_opcion_b,
Mates CCSS,,ecuación matricial,alta,mates_ccss_matrices_y_determinantes_2011_reserva_2_ejercicio_1_opcion_a,
Mates II,,potencias,alta,mates_ccss_matrices_y_determinantes_2011_reserva_3_ejercicio_1_opcion_a,
Mates CCSS,,ecuación matricial,media,mates_ccss_matrices_y_determinantes_2011_reserva_4_ejercicio_1_opcion_a,
Mates CCSS,,ecuación matricial,alta,mates_ccss_matrices_y_determinantes_2011_septiembre_ejercicio_1_opcion_b,
Mates CCSS y Mates II,,ecuación matricial,alta,mates_ccss_matrices_y_determinantes_2012_junio_ejercicio_1_opcion_b,
Mates CCSS,,ecuación matricial,alta,mates_ccss_matrices_y_determinantes_2012_reserva_1_ejercicio_1_opcion_a,
Mates CCSS,,sin clasificar,baja,mates_ccss_matrices_y_determinantes_2012_reserva_2_ejercicio_1_opcion_b,
Mates CCSS,,ecuación matricial,alta,mates_ccss_matrices_y_determinantes_2012_reserva_3_ejercicio_1_opcion_a,
Mates CCSS,,sin clasificar,media,mates_ccss_matrices_y_determinantes_2012_reserva_4_ejercicio_1_opcion_a,
Mates CCSS,,sin clasificar,baja,mates_ccss_matrices_y_determinantes_2012_septiembre_ejercicio_1_opcion_b,
,,,,mates_ccss_matrices_y_determinantes_2013_junio_ejercicio_1_opcion_a,Extra data: line 2 column 1 (char 91)
Mates CCSS,,potencias|ecuación matricial,alta,mates_ccss_matrices_y_determinantes_2013_reserva_1_ejercicio_1_opcion_b,
Mates CCSS,,ecuación matricial,alta,mates_ccss_matrices_y_determinantes_2013_reserva_2_ejercicio_1_opcion_b,
Mates CCSS,,ecuación matricial,alta,mates_ccss_matrices_y_determinantes_2013_reserva_3_ejercicio_1_opcion_a,
Mates CCSS y Mates II,,potencias|ecuación matricial,media,mates_ccss_matrices_y_determinantes_2013_reserva_4_ejercicio_1_opcion_a,
Mates CCSS,,ecuación matricial,alta,mates_ccss_matrices_y_determinantes_2013_septiembre_ejercicio_1_opcion_b,
Mates CCSS,,potencias,alta,mates_ccss_matrices_y_determinantes_2014_junio_ejercicio_1_opcion_a,
Mates CCSS,,ecuación matricial,media,mates_ccss_matrices_y_determinantes_2014_reserva_1_ejercicio_1_opcion_a,
Mates CCSS,,verificar,media,mates_ccss_matrices_y_determinantes_2014_reserva_2_ejercicio_1_opcion_a,
Mates CCSS,,ecuación matricial,alta,mates_ccss_matrices_y_determinantes_2014_reserva_3_ejercicio_1_opcion_b,
Mates CCSS,,ecuación matricial,alta,mates_ccss_matrices_y_determinantes_2014_reserva_4_ejercicio_1_opcion_a,
Mates CCSS,,ecuación matricial,alta,mates_ccss_matrices_y_determinantes_2014_reserva_4_ejercicio_1b_opcion_b,
Mates CCSS,,ecuación matricial,alta,mates_ccss_matrices_y_determinantes_2014_septiembre_ejercicio_1_opcion_a,
Mates CCSS,,ecuación matricial,alta,mates_ccss_matrices_y_determinantes_2015_junio_ejercicio_1_opcion_b,
Mates CCSS,,ecuación matricial,alta,mates_ccss_matrices_y_determinantes_2015_reserva_1_ejercicio_1_opcion_a,
Mates CCSS,,ecuación matricial,alta,mates_ccss_matrices_y_determinantes_2015_reserva_2_ejercicio_1_opcion_a,
Mates CCSS,,ecuación matricial|potencias,alta,mates_ccss_matrices_y_determinantes_2015_reserva_3_ejercicio_1_opcion_a,
Mates CCSS y Mates II,,ecuación matricial,alta,mates_ccss_matrices_y_determinantes_2015_reserva_4_ejercicio_1_opcion_a,
Mates CCSS,,potencias|ecuación matricial,alta,mates_ccss_matrices_y_determinantes_2015_septiembre_ejercicio_1_opcion_a,
Mates CCSS,,verificar,baja,mates_ccss_matrices_y_determinantes_2016_junio_ejercicio_1_opcion_a,
Mates CCSS y Mates II,,potencias|ecuación matricial,alta,mates_ccss_matrices_y_determinantes_2016_reserva_1_ejercicio_1_opcion_a,
Mates CCSS y Mates II,,ecuación matricial,alta,mates_ccss_matrices_y_determinantes_2016_reserva_2_ejercicio_1_opcion_a,
Mates II,,ecuación matricial,alta,mates_ccss_matrices_y_determinantes_2016_reserva_3_ejercicio_1_opcion_b,
Mates CCSS,,ecuación matricial,alta,mates_ccss_matrices_y_determinantes_2016_reserva_4_ejercicio_1_opcion_a,
Mates CCSS,,ecuación matricial,alta,mates_ccss_matrices_y_determinantes_2016_reserva_4_ejercicio_1_opcion_b,
Mates CCSS y Mates II,,ecuación matricial,alta,mates_ccss_matrices_y_determinantes_2016_septiembre_ejercicio_1_opcion_a,
Mates CCSS,,potencias,alta,mates_ccss_matrices_y_determinantes_2017_junio_ejercicio_1_opcion_a,
Mates CCSS,,ecuación matricial,alta,mates_ccss_matrices_y_determinantes_2017_reserva_1_ejercicio_1_opcion_b,
Mates CCSS,,ecuación matricial,alta,mates_ccss_matrices_y_determinantes_2017_reserva_2_ejercicio_1_opcion_a,
Mates CCSS,,ecuación matricial,alta,mates_ccss_matrices_y_determinantes_2017_reserva_3_ejercicio_1_opcion_a,
Mates CCSS,,ecuación matricial,alta,mates_ccss_matrices_y_determinantes_2017_septiembre_ejercicio_1_opcion_a,
Mates CCSS,,ecuación matricial,alta,mates_ccss_matrices_y_determinantes_2018_junio_ejercicio_1_opcion_b,
Mates CCSS,,ecuación matricial,alta,mates_ccss_matrices_y_determinantes_2018_reserva_1_ejercicio_1_opcion_b,
Mates CCSS,,ecuación matricial,alta,mates_ccss_matrices_y_determinantes_2018_reserva_2_ejercicio_1_opcion_b,
Mates CCSS,,ecuación matricial,alta,mates_ccss_matrices_y_determinantes_2018_reserva_3_ejercicio_1_opcion_b,
Mates CCSS,,ecuación matricial,alta,mates_ccss_matrices_y_determinantes_2018_reserva_4_ejercicio_1_opcion_a,
Mates CCSS,,potencias|ecuación matricial,alta,mates_ccss_matrices_y_determinantes_2018_septiembre_ejercicio_1_opcion_b,
Mates II,,ecuación matricial,alta,mates_ccss_matrices_y_determinantes_2019_junio_ejercicio_1_opcion_b,
Mates CCSS,,ecuación matricial,alta,mates_ccss_matrices_y_determinantes_2019_reserva_1_ejercicio_1_opcion_b,
Mates CCSS,,ecuación matricial|valores tenga inversa,alta,mates_ccss_matrices_y_determinantes_2019_reserva_2_ejercicio_1_opcion_b,
Mates CCSS,,ecuación matricial|inversa,media,mates_ccss_matrices_y_determinantes_2019_reserva_3_ejercicio_1_opcion_b,
Mates CCSS,,ecuación matricial,alta,mates_ccss_matrices_y_determinantes_2019_reserva_4_ejercicio_1_opcion_b,
Mates CCSS,,ecuación matricial,alta,mates_ccss_matrices_y_determinantes_2019_septiembre_ejercicio_1_opcion_a,
Mates CCSS,,inversa,alta,mates_ccss_matrices_y_determinantes_2019_ponencia_1,
Mates CCSS,,valores tenga inversa,alta,mates_ccss_matrices_y_determinantes_2019_ponencia_2,
Mates CCSS,,ecuación matricial,alta,mates_ccss_matrices_y_determinantes_2019_ponencia_3,
Mates CCSS,,valores tenga inversa,alta,mates_ccss_matrices_y_determinantes_2019_ponencia_4,
Mates CCSS,,ecuación matricial,alta,mates_ccss_matrices_y_determinantes_2019_ponencia_5,
Mates CCSS,,inversa|ecuación matricial,media,mates_ccss_matrices_y_determinantes_2019_ponencia_6,
Mates CCSS,,inversa,media,mates_ccss_matrices_y_determinantes_2019_ponencia_7,
Mates CCSS,,valores tenga inversa,alta,mates_ccss_matrices_y_determinantes_2019_ponencia_8,
Mates CCSS,,ecuación matricial,alta,mates_ccss_matrices_y_determinantes_2020_junio_ejercicio_a1,
Mates CCSS,,valores tenga inversa,alta,mates_ccss_matrices_y_determinantes_2020_reserva_1_ejercicio_a2,
Mates CCSS,,valores tenga inversa,alta,mates_ccss_matrices_y_determinantes_2020_reserva_2_ejercicio_a2,
Mates CCSS,,inversa,alta,mates_ccss_matrices_y_determinantes_2020_reserva_3_ejercicio_a2,
Mates CCSS,,valores tenga inversa,alta,mates_ccss_matrices_y_determinantes_2020_reserva_4_ejercicio_a1,
,,,,mates_ccss_matrices_y_determinantes_2020_septiembre_ejercicio_a1,Extra data: line 2 column 1 (char 87)
Mates II,,valores tenga inversa,alta,mates_ccss_matrices_y_determinantes_2021_julio_ejercicio_a1,
Mates CCSS,,valores tenga inversa,alta,mates_ccss_matrices_y_determinantes_2021_junio_ejercicio_a2,
Mates II,,potencias,alta,mates_ccss_matrices_y_determinantes_2021_reserva_1_ejercicio_a2,
Mates CCSS y Mates II,,valores tenga inversa|ecuación matricial|verificar|potencias,alta,mates_ccss_matrices_y_determinantes_2021_reserva_2_ejercicio_a2,
Mates CCSS,,ecuación matricial,alta,mates_ccss_matrices_y_determinantes_2021_reserva_3_ejercicio_a2,
Mates II,,potencias,alta,mates_ccss_matrices_y_determinantes_2021_reserva_4_ejercicio_a1,
Mates CCSS,,ecuación matricial,alta,mates_ccss_matrices_y_determinantes_2022_julio_ejercicio_a1,
Mates II,,inversa,media,mates_ccss_matrices_y_determinantes_2022_junio_ejercicio_a2,
Mates CCSS,,valores tenga inversa,alta,mates_ccss_matrices_y_determinantes_2022_reserva_1_ejercicio_a1,
Mates CCSS,,valores tenga inversa,alta,mates_ccss_matrices_y_determinantes_2022_reserva_2_ejercicio_a2,
Mates CCSS,,ecuación matricial,alta,mates_ccss_matrices_y_determinantes_2022_reserva_3_ejercicio_a1,
Mates CCSS,,ecuación matricial,alta,mates_ccss_matrices_y_determinantes_2022_reserva_4_ejercicio_a2,
Mates II,,ecuación matricial,alta,mates_ccss_matrices_y_determinantes_2023_julio_ejercicio_a1,
Mates CCSS,,valores tenga inversa,media,mates_ccss_matrices_y_determinantes_2023_junio_ejercicio_a2,
Mates CCSS,,ecuación matricial,alta,mates_ccss_matrices_y_determinantes_2023_reserva_1_ejercicio_a1,
Mates CCSS,,sin clasificar,baja,mates_ccss_matrices_y_determinantes_2023_reserva_2_ejercicio_a1,
Mates CCSS,,valores tenga inversa,alta,mates_ccss_matrices_y_determinantes_2023_reserva_3_ejercicio_a2,
Mates CCSS,,ecuación matricial,alta,mates_ccss_matrices_y_determinantes_2023_reserva_4_ejercicio_a2,
Mates II,,ecuación matricial,alta,mates_ccss_matrices_y_determinantes_2024_julio_ejercicio_a1,
Mates CCSS,,valores tenga inversa,alta,mates_ccss_matrices_y_determinantes_2024_junio_ejercicio_a1,
Mates II,,ecuación matricial,alta,mates_ccss_matrices_y_determinantes_2024_reserva_1_ejercicio_a1,
Mates CCSS,,ecuación matricial,alta,mates_ccss_matrices_y_determinantes_2024_reserva_2_ejercicio_a1,
Mates CCSS,,ecuación matricial,alta,mates_ccss_matrices_y_determinantes_2024_reserva_3_ejercicio_a1,
Mates CCSS,,ecuación matricial,alta,mates_ccss_matrices_y_determinantes_2024_reserva_4_ejercicio_a1,
Mates CCSS,,ecuación matricial,media,mates_ccss_matrices_y_determinantes_2025_julio_ejercicio_a1,
,,,,mates_ccss_matrices_y_determinantes_2025_junio_ejercicio_a1,Extra data: line 2 column 1 (char 86)
Mates II,,ecuación matricial,alta,mates_ccss_matrices_y_determinantes_2025_reserva_1_ejercicio_a1,
Mates II,,rango,alta,mates_ccss_matrices_y_determinantes_2025_reserva_2_ejercicio_a1_b,
Mates CCSS,,verificar,alta,mates_ccss_matrices_y_determinantes_2025_reserva_4_ejercicio_a1_b,
Mates II,,potencias,media,mates_ii_matrices_y_determinantes_2000_junio_ejercicio_4_opcion_a,
Mates CCSS y Mates II,,determinantes,alta,mates_ii_matrices_y_determinantes_2000_reserva_1_ejercicio_3_opcion_a,
Mates CCSS,,valores tenga inversa,alta,mates_ii_matrices_y_determinantes_2000_reserva_2_ejercicio_4_opcion_b,
Mates CCSS y Mates II,,ecuación matricial,alta,mates_ii_matrices_y_determinantes_2000_reserva_3_ejercicio_3_opcion_b,
Mates CCSS,,ecuación matricial,alta,mates_ii_matrices_y_determinantes_2000_septiembre_ejercicio_4_opcion_a,
Mates II,,valores tenga inversa,alta,mates_ii_matrices_y_determinantes_2001_junio_ejercicio_3_opcion_a,
Mates II,,potencias,alta,mates_ii_matrices_y_determinantes_2001_junio_ejercicio_4_opcion_b,
Mates CCSS,,inversa,alta,mates_ii_matrices_y_determinantes_2001_reserva_1_ejercicio_3_opcion_a,
Mates II,,determinantes,alta,mates_ii_matrices_y_determinantes_2001_reserva_2_ejercicio_3_opcion_a,
Mates CCSS,,ecuación matricial,alta,mates_ii_matrices_y_determinantes_2001_reserva_3_ejercicio_3_opcion_a,
Mates CCSS,,determinantes|inversa,media,mates_ii_matrices_y_determinantes_2001_reserva_3_ejercicio_3_opcion_b,
Mates CCSS y Mates II,,valores tenga inversa,alta,mates_ii_matrices_y_determinantes_2001_reserva_4_ejercicio_4_opcion_b,
Mates CCSS,,verificar,media,mates_ii_matrices_y_determinantes_2001_septiembre_eje_rcicio_3_opcion_a,
Mates CCSS,,sin clasificar,media,mates_ii_matrices_y_determinantes_2002_junio_ejercicio_3_opcion_a,
Mates CCSS,,ecuación matricial,alta,mates_ii_matrices_y_determinantes_2002_junio_ejercicio_3_opcion_b,
Mates II,,potencias,media,mates_ii_matrices_y_determinantes_2002_reserva_1_ejercicio_3_opcion_b,
Mates CCSS,,valores tenga inversa,alta,mates_ii_matrices_y_determinantes_2002_reserva_2_ejercicio_4_opcion_b,
Mates CCSS,,determinantes,media,mates_ii_matrices_y_determinantes_2002_reserva_3_ejercicio_3_opcion_b,
Mates CCSS,,ecuación matricial,alta,mates_ii_matrices_y_determinantes_2002_reserva_4_ejercicio_3_opcion_b,
Mates CCSS,,determinantes,alta,mates_ii_matrices_y_determinantes_2003_junio_ejercicio_3_opcion_b,
Mates CCSS,,ecuación matricial,alta,mates_ii_matrices_y_determinantes_2003_reserva_2_ejercicio_3_opcion_a,
Mates CCSS,,valores tenga inversa,alta,mates_ii_matrices_y_determinantes_2003_reserva_2_ejercicio_3_opcion_b,
Mates CCSS,,determinantes,alta,mates_ii_matrices_y_determinantes_2003_reserva_3_ejercicio_3_opcion_b,
Mates CCSS,,valores tenga inversa,alta,mates_ii_matrices_y_determinantes_2003_reserva_4_ejercicio_3_opcion_b,
Mates CCSS,,ecuación matricial,alta,mates_ii_matrices_y_determinantes_2003_septiembre_eje_rcicio_3_opcion_a,
Mates CCSS,,inversa,media,mates_ii_matrices_y_determinantes_2004_junio_ejercicio_3_opcion_b,
Mates CCSS y Mates II,,determinantes,alta,mates_ii_matrices_y_determinantes_2004_reserva_2_ejercicio_3_opcion_a,
Mates CCSS,,determinantes,alta,mates_ii_matrices_y_determinantes_2004_reserva_3_ejercicio_3_opcion_b,
Mates CCSS y Mates II,,determinantes,alta,mates_ii_matrices_y_determinantes_2004_reserva_4_ejercicio_3_opcion_b,
Mates CCSS,,ecuación matricial,alta,mates_ii_matrices_y_determinantes_2005_junio_ejercicio_3_opcion_a,
Mates CCSS,,ecuación matricial,alta,mates_ii_matrices_y_determinantes_2005_reserva_1_ejercicio_3_opcion_b,
Mates CCSS,,ecuación matricial,alta,mates_ii_matrices_y_determinantes_2005_reserva_2_ejercicio_3_opcion_b,
Mates CCSS,,valores tenga inversa,alta,mates_ii_matrices_y_determinantes_2005_reserva_4_ejercicio_3_opcion_a,
Mates CCSS,,determinantes,alta,mates_ii_matrices_y_determinantes_2005_septiembre_eje_rcicio_3_opcion_b,
Mates CCSS,,potencias,media,mates_ii_matrices_y_determinantes_2006_junio_ejercicio_3_opcion_a,
Mates II,,determinantes,alta,mates_ii_matrices_y_determinantes_2006_reserva_2_ejercicio_3_opcion_b,
Mates CCSS,,inversa|verificar,media,mates_ii_matrices_y_determinantes_2006_reserva_4_ejer_cicio_3_opcion_a,
Mates CCSS,,ecuación matricial,alta,mates_ii_matrices_y_determinantes_2006_septiembre_ejercicio_3_opcion_b,
Mates CCSS,,potencias,media,mates_ii_matrices_y_determinantes_2007_junio_ejercicio_3_opcion_a,
Mates CCSS,,valores tenga inversa,alta,mates_ii_matrices_y_determinantes_2007_reserva_1_ejer_cicio_3_opcion_a,
Mates CCSS y Mates II,,verificar,alta,mates_ii_matrices_y_determinantes_2007_reserva_3_ejercicio_3_opcion_a,
Mates CCSS,,valores tenga inversa,alta,mates_ii_matrices_y_determinantes_2007_reserva_4_ejercicio_3_opcion_a,
Mates CCSS,,ecuación matricial,media,mates_ii_matrices_y_determinantes_2007_septiembre_ejercicio_3_opcion_a,
Mates CCSS,,ecuación matricial,alta,mates_ii_matrices_y_determinantes_2008_reserva_1_ejercicio_3_opcion_b,
Mates II,,potencias,media,mates_ii_matrices_y_determinantes_2008_reserva_3_ejercicio_3_opcion_a,
Mates CCSS y Mates II,,ecuación matricial,alta,mates_ii_matrices_y_determinantes_2008_reserva_3_ejercicio_3_opcion_b,
Mates CCSS,,rango,alta,mates_ii_matrices_y_determinantes_2008_reserva_4_ejercicio_3_opcion_b,
Mates CCSS,,determinantes,alta,mates_ii_matrices_y_determinantes_2009_junio_ejercicio_3_opcion_a,
Mates CCSS,,ecuación matricial,alta,mates_ii_matrices_y_determinantes_2009_reserva_1_ejercicio_3_opcion_b,
Mates CCSS,,ecuación matricial,alta,mates_ii_matrices_y_determinantes_2009_reserva_2_ejer_cicio_3_opcion_a,
Mates CCSS,,valores tenga inversa,alta,mates_ii_matrices_y_determinantes_2009_reserva_4_ejercicio_3_opcion_a,
Mates CCSS,,ecuación matricial,alta,mates_ii_matrices_y_determinantes_2009_septiembre_ejercicio_3_opcion_b,
Mates CCSS,,valores tenga inversa|ecuación matricial,alta,mates_ii_matrices_y_determinantes_2010_junio_ejercicio_3_opcion_a,
Mates CCSS,,verificar,alta,mates_ii_matrices_y_determinantes_2010_reserva_1_ejercicio_3_opcion_a,
Mates II,,ecuación matricial,alta,mates_ii_matrices_y_determinantes_2010_reserva_3_ejercicio_3_opcion_a,
Mates CCSS y Mates II,,rango,alta,mates_ii_matrices_y_determinantes_2010_reserva_3_ejercicio_3_opcion_b,
Mates II,,determinantes,alta,mates_ii_matrices_y_determinantes_2010_reserva_4_ejer_cicio_3_opcion_b,
Mates CCSS,,ecuación matricial,alta,mates_ii_matrices_y_determinantes_2010_septiembre_ejercicio_3_opcion_b,
Mates CCSS,,valores tenga inversa,alta,mates_ii_matrices_y_determinantes_2011_junio_ejercicio_3_opcion_b,
Mates II,,determinantes,alta,mates_ii_matrices_y_determinantes_2011_reserva_1_ejercicio_3_opcion_a,
Mates II,,potencias,alta,mates_ii_matrices_y_determinantes_2011_reserva_1_ejercicio_3_opcion_b,
Mates CCSS y Mates II,,ecuación matricial,media,mates_ii_matrices_y_determinantes_2011_reserva_2_ejercicio_3_opcion_a,
Mates CCSS,,ecuación matricial,alta,mates_ii_matrices_y_determinantes_2011_reserva_3_ejercicio_3_opcion_a,
Mates CCSS,,valores tenga inversa|ecuación matricial,alta,mates_ii_matrices_y_determinantes_2011_reserva_3_ejercicio_3_opcion_b,
Mates CCSS,,ecuación matricial,alta,mates_ii_matrices_y_determinantes_2011_reserva_4_ejercicio_3_opcion_b,
Mates CCSS,,rango,media,mates_ii_matrices_y_determinantes_2011_septiembre_ejercicio_3_opcion_a,
Mates CCSS,,valores tenga inversa,media,mates_ii_matrices_y_determinantes_2011_septiembre_ejercicio_3_opcion_b,
Mates II,,valores tenga inversa,alta,mates_ii_matrices_y_determinantes_2012_junio_ejercicio_3_opcion_a,
Mates CCSS,,ecuación matricial,alta,mates_ii_matrices_y_determinantes_2012_reserva_1_ejercicio_3_opcion_a,
Mates CCSS,,ecuación matricial,alta,mates_ii_matrices_y_determinantes_2012_reserva_2_ejercicio_3_opcion_b,
Mates CCSS,,ecuación matricial,alta,mates_ii_matrices_y_determinantes_2012_reserva_3_ejercicio_3_opcion_b,
Mates II,,rango,alta,mates_ii_matrices_y_determinantes_2013_junio_ejercicio_3_opcion_a,
Mates II,,potencias,alta,mates_ii_matrices_y_determinantes_2013_junio_ejercicio_3_opcion_b,
Mates CCSS y Mates II,,ecuación matricial|inversa|potencias,media,mates_ii_matrices_y_determinantes_2013_reserva_1_ejer_cicio_3_opcion_a,
Mates CCSS,,determinantes,alta,mates_ii_matrices_y_determinantes_2013_reserva_1_ejercicio_3_opcion_b,
Mates CCSS,,ecuación matricial,alta,mates_ii_matrices_y_determinantes_2013_reserva_2_ejercicio_3_opcion_b,
Mates CCSS,,ecuación matricial,alta,mates_ii_matrices_y_determinantes_2013_reserva_3_ejercicio_3_opcion_b,
Mates II,,determinantes,alta,mates_ii_matrices_y_determinantes_2013_reserva_4_ejercicio_3_opcion_b,
Mates CCSS,,inversa|determinantes|ecuación matricial,alta,mates_ii_matrices_y_determinantes_2013_septiembre_ejercicio_3_opcion_a,
Mates CCSS y Mates II,,ecuación matricial,alta,mates_ii_matrices_y_determinantes_2014_junio_ejercicio_3_opcion_b,
Mates CCSS,,determinantes,alta,mates_ii_matrices_y_determinantes_2014_reserva_1_ejer_cicio_3_opcion_a,
Mates II,,ecuación matricial,alta,mates_ii_matrices_y_determinantes_2014_reserva_1_ejercicio_3_opcion_b,
Mates II,,verificar|ecuación matricial,media,mates_ii_matrices_y_determinantes_2014_reserva_2_ejercicio_3_opcion_b,
Mates II,,ecuación matricial,alta,mates_ii_matrices_y_determinantes_2014_reserva_3_ejercicio_3_opcion_b,
Mates CCSS,,determinantes,alta,mates_ii_matrices_y_determinantes_2014_reserva_4_ejercicio_3_opcion_a,
Mates CCSS,,determinantes,alta,mates_ii_matrices_y_determinantes_2014_septiembre_ejercicio_3_opcion_b,
Mates CCSS,,rango,alta,mates_ii_matrices_y_determinantes_2015_junio_ejercicio_3_opcion_b,
Mates CCSS,,ecuación matricial,alta,mates_ii_matrices_y_determinantes_2015_reserva_1_ejercicio_3_opcion_a,
Mates CCSS,,rango|potencias,alta,mates_ii_matrices_y_determinantes_2015_reserva_2_ejercicio_3_opcion_a,
Mates CCSS,,ecuación matricial,alta,mates_ii_matrices_y_determinantes_2015_reserva_3_ejercicio_3_opcion_b,
Mates CCSS,,ecuación matricial,alta,mates_ii_matrices_y_determinantes_2015_reserva_4_ejercicio_3_opcion_b,
Mates CCSS,,ecuación matricial,alta,mates_ii_matrices_y_determinantes_2015_septiembre_ejercicio_3_opcion_a,
Mates CCSS,,ecuación matricial|potencias,alta,mates_ii_matrices_y_determinantes_2016_junio_ejercicio_3_opcion_a,
Mates CCSS,,ecuación matricial,alta,mates_ii_matrices_y_determinantes_2016_reserva_1_ejer_cicio_3_opcion_a,
,,,,mates_ii_matrices_y_determinantes_2016_reserva_4_ejercicio_3_opcion_a,Extra data: line 2 column 1 (char 98)
Mates CCSS,,valores tenga inversa,media,mates_ii_matrices_y_determinantes_2016_reserva_4_ejercicio_3_opcion_b,
Mates CCSS,,rango,media,mates_ii_matrices_y_determinantes_2016_septiembre_ejercicio_3_opcion_b,
Mates II,,inversa,alta,mates_ii_matrices_y_determinantes_2017_reserva_1_ejercicio_3_opcion_a,
Mates CCSS,,ecuación matricial,alta,mates_ii_matrices_y_determinantes_2017_reserva_1_ejercicio_3_opcion_b,
Mates CCSS,,verificar,alta,mates_ii_matrices_y_determinantes_2017_reserva_3_ejercicio_3_opcion_a,
Mates CCSS,,valores tenga inversa,alta,mates_ii_matrices_y_determinantes_2017_reserva_4_ejercicio_3_opcion_b,
Mates CCSS,,rango,alta,mates_ii_matrices_y_determinantes_2017_septiembre_ejercicio_3_opcion_b,
Mates CCSS,,determinantes,alta,mates_ii_matrices_y_determinantes_2017_reserva_3_ejercicio_3_opcion_b,
Mates II,,ecuación matricial,alta,mates_ii_matrices_y_determinantes_2018_reserva_1_ejercicio_3_opcion_b,
Mates CCSS,,potencias,alta,mates_ii_matrices_y_determinantes_2018_reserva_2_ejercicio_3_opcion_a,
Mates CCSS,,determinantes,alta,mates_ii_matrices_y_determinantes_2018_reserva_4_ejercicio_3_opcion_a,
Mates II,,valores tenga inversa,alta,mates_ii_matrices_y_determinantes_2018_reserva_4_ejercicio_3_opcion_b,
Mates CCSS y Mates II,,potencias|inversa,media,mates_ii_matrices_y_determinantes_2018_septiembre_ejercicio_3_opcion_a,
Mates CCSS y Mates II,,ecuación matricial,alta,mates_ii_matrices_y_determinantes_2019_junio_ejercicio_3_opcion_a,
Mates CCSS y Mates II,,valores tenga inversa|ecuación matricial,alta,mates_ii_matrices_y_determinantes_2019_reserva_1_ejercicio_3_opcion_a,
Mates CCSS,,determinantes,alta,mates_ii_matrices_y_determinantes_2019_reserva_2_ejer_cicio_3_opcion_a,
Mates CCSS y Mates II,,ecuación matricial,alta,mates_ii_matrices_y_determinantes_2019_reserva_3_ejer_cicio_3_opcion_a,
Mates CCSS,,rango,alta,mates_ii_matrices_y_determinantes_2020_junio_ejercicio_3,
Mates CCSS,,rango,alta,mates_ii_matrices_y_determinantes_2020_reserva_1_ejercicio_3,
Mates CCSS,,potencias,alta,mates_ii_matrices_y_determinantes_2020_reserva_2_ejercicio_7,
Mates II,,ecuación matricial,alta,mates_ii_matrices_y_determinantes_2020_reserva_3_ejer_cicio_7,
Mates CCSS,,ecuación matricial,alta,mates_ii_matrices_y_determinantes_2020_reserva_4_ejercicio_7,
Mates CCSS,,ecuación matricial,alta,mates_ii_matrices_y_determinantes_2021_julio_ejercicio_5,
Mates CCSS y Mates II,,determinantes,alta,mates_ii_matrices_y_determinantes_2021_reserva_1_ejercicio_5,
Mates CCSS,,valores tenga inversa,alta,mates_ii_matrices_y_determinantes_2021_reserva_2_eje_rcicio_5,
Mates CCSS,,determinantes,alta,mates_ii_matrices_y_determinantes_2021_reserva_3_ejercicio_6,
Mates CCSS,,valores tenga inversa,alta,mates_ii_matrices_y_determinantes_2021_reserva_4_ejer_cicio_6,
Mates CCSS,,valores tenga inversa,alta,mates_ii_matrices_y_determinantes_2022_julio_ejercicio_5,
Mates CCSS y Mates II,,determinantes,alta,mates_ii_matrices_y_determinantes_2022_julio_ejercicio_6,
Mates CCSS,,valores tenga inversa,alta,mates_ii_matrices_y_determinantes_2022_junio_ejercicio_6,
Mates II,,ecuación matricial,alta,mates_ii_matrices_y_determinantes_2022_reserva_1_eje_rcicio_5,
Mates CCSS,,ecuación matricial,media,mates_ii_matrices_y_determinantes_2022_reserva_2_ejercicio_6,
Mates CCSS,,rango,alta,mates_ii_matrices_y_determinantes_2022_reserva_3_ejer_cicio_6,
Mates CCSS,,valores tenga inversa,alta,mates_ii_matrices_y_determinantes_2023_julio_ejercicio_5,
Mates II,,valores tenga inversa,alta,mates_ii_matrices_y_determinantes_2023_junio_ejercicio_6,
Mates CCSS,,valores tenga inversa,alta,mates_ii_matrices_y_determinantes_2023_reserva_1_ejercicio_6,
Mates CCSS,,potencias,alta,mates_ii_matrices_y_determinantes_2023_reserva_2_ejercicio_5,
Mates CCSS,,valores tenga inversa|ecuación matricial,alta,mates_ii_matrices_y_determinantes_2023_reserva_3_ejercicio_5,
Mates CCSS,,ecuación matricial,alta,mates_ii_matrices_y_determinantes_2023_reserva_4_ejercicio_5,
Mates CCSS y Mates II,,ecuación matricial,alta,mates_ii_matrices_y_determinantes_2024_julio_ejercicio_5,
Mates II,,ecuación matricial,alta,mates_ii_matrices_y_determinantes_2024_junio_ejercicio_5,
Mates II,,potencias,alta,mates_ii_matrices_y_determinantes_2024_modelo_ejercicio_4,
Mates CCSS,,valores tenga inversa|ecuación matricial,alta,mates_ii_matrices_y_determinantes_2024_reserva_1_ejercicio_5,
Mates CCSS y Mates II,,verificar|ecuación matricial,alta,mates_ii_matrices_y_determinantes_2024_reserva_2_ejercicio_6,
Mates CCSS,,determinantes,alta,mates_ii_matrices_y_determinantes_2024_reserva_3_ejercicio_5,
Mates II,,ecuación matricial,alta,mates_ii_matrices_y_determinantes_2024_reserva_4_ejercicio_5,
Mates CCSS,,valores tenga inversa,alta,mates_ii_matrices_y_determinantes_2025_reserva_1_ejercicio_6,
Mates II,,potencias,alta,mates_ii_matrices_y_determinantes_2025_reserva_2_ejercicio_4,
Mates CCSS,,determinantes,media,mates_ii_matrices_y_determinantes_2025_reserva_2_ejercicio_5,
Mates II,,potencias,alta,mates_ii_matrices_y_determinantes_2025_reserva_3_ejercicio_4,
Mates II,,ecuación matricial,alta,mates_ii_matrices_y_determinantes_2025_reserva_3_ejercicio_5,
Mates CCSS,,determinantes,media,mates_ii_matrices_y_determinantes_2025_reserva_4_ejercicio_4,
Mates CCSS,,potencias|ecuación matricial,media,mates_ii_matrices_y_determinantes_2025_reserva_4_ejercicio_5,
Mates CCSS,,inversa,media,mates_ii_matrices_y_determinantes_2026_junio_ejercicio_3_2,
