anio,convocatoria,ejercicio,enunciado_resumen,tema_optimizacion,categoria,max_min,cilindro
2007,Junio,Ejercicio 1 - Opción A,"Dos números reales positivos cuya suma es 10 y el producto de sus cuadrados es máximo","Producto de los cuadrados de dos números con suma fija","Números",Máximo,No
2007,Reserva 1,Ejercicio 1 - Opción B,"Dos chapas cuadradas de materiales a 2 y 3 €/cm²; la suma de perímetros es 1 m. Lados para coste mínimo","Coste total de dos chapas cuadradas con suma de perímetros fija","Coste de materiales (figuras planas)",Mínimo,No
2007,Reserva 2,Ejercicio 1 - Opción A,"Rectángulos en el primer cuadrante con dos lados sobre los ejes y un vértice en la recta x/2 + y = 1. El de mayor área","Área de un rectángulo inscrito entre una recta y los ejes coordenados","Rectángulo inscrito entre gráficas/funciones",Máximo,No
2007,Reserva 4,Ejercicio 1 - Opción B,"Depósito en forma de prisma de base cuadrada sin tapadera de 500 m³. Dimensiones para superficie mínima","Superficie de un depósito prismático de base cuadrada sin tapa con volumen fijo","Prisma/caja",Mínimo,No
2008,Junio,Ejercicio 1 - Opción B,"Rectángulos de perímetro 8 cm. Dimensiones del de diagonal menor","Diagonal de un rectángulo con perímetro fijo","Rectángulo (diagonal)",Mínimo,No
2008,Septiembre,Ejercicio 1 - Opción B,"Rectas que pasan por (1,2). La que forma con los semiejes positivos un triángulo de área mínima; hallar el área","Área del triángulo formado por una recta y los ejes coordenados","Triángulo formado por una recta y los ejes",Mínimo,No
2009,Reserva 1,Ejercicio 1 - Opción B,"Segmento de 20 cm dividido en dos trozos: un cuadrado y un rectángulo de base doble que la altura. Suma de áreas mínima","Suma de áreas de un cuadrado y un rectángulo (base = 2·altura) con longitud total fija","División de alambre/segmento (suma de áreas)",Mínimo,No
2009,Reserva 4,Ejercicio 1 - Opción B,"Triángulos cuya base y altura suman 20 cm. Base del de área máxima","Área de un triángulo con base + altura fija","Triángulo (área)",Máximo,No
2009,Septiembre,Ejercicio 1 - Opción B,"Rectángulos de área 16 cm². Dimensiones del de diagonal menor","Diagonal de un rectángulo con área fija","Rectángulo (diagonal)",Mínimo,No
2010,Reserva 1,Ejercicio 1 - Opción A,"Triángulo rectángulo de hipotenusa 90 cm que al girar sobre un cateto engendra un cono. Catetos para volumen máximo","Volumen de un cono generado por un triángulo rectángulo de hipotenusa fija","Cono (sólido de revolución)",Máximo,No
2010,Reserva 2,Ejercicio 1 - Opción A,"Triángulos rectángulos de hipotenusa 5 m. Catetos del de área máxima","Área de un triángulo rectángulo con hipotenusa fija","Triángulo (área)",Máximo,No
2010,Septiembre,Ejercicio 1 - Opción A,"Hoja con 18 cm² de texto, márgenes superior e inferior de 2 cm y laterales de 1 cm. Dimensiones para gasto de papel mínimo","Área de una hoja con zona impresa fija y márgenes","Márgenes de papel",Mínimo,No
2011,Junio,Ejercicio 1 - Opción A,"Depósito cilíndrico cerrado de área total 54 m². Radio y altura para volumen máximo","Volumen de un cilindro cerrado con área total fija","Cilindro (depósito/lata)",Máximo,Sí
2011,Junio,Ejercicio 1 - Opción B,"Punto P de la gráfica de f(x) = √(x−1) a menor distancia de A(2,0); calcular esa distancia","Distancia de un punto a una curva","Distancia mínima punto-curva",Mínimo,No
2011,Reserva 1,Ejercicio 1 - Opción A,"Alambre de 100 m dividido en dos trozos: un cuadrado y un rectángulo de base doble que la altura. Suma de áreas mínima","Suma de áreas de un cuadrado y un rectángulo (base = 2·altura) con longitud total fija","División de alambre/segmento (suma de áreas)",Mínimo,No
2011,Reserva 2,Ejercicio 1 - Opción A,"Ventanas normandas (rectángulo coronado por semicírculo) de perímetro 10 m. Dimensiones del marco de área máxima","Área de una ventana normanda con perímetro fijo","Ventana/puerta normanda",Máximo,No
2011,Reserva 3,Ejercicio 1 - Opción B,"Rectángulo en el primer cuadrante con un vértice en el origen y el opuesto en la parábola y = −x² + 3. Área máxima","Área de un rectángulo inscrito entre una parábola y los ejes coordenados","Rectángulo inscrito entre gráficas/funciones",Máximo,No
2011,Reserva 4,Ejercicio 1 - Opción A,"Cercado rectangular junto a la carretera: 100 €/m el lado de la carretera y 10 €/m el resto. Prado de área máxima con 3000 €","Área de un cercado rectangular con presupuesto fijo y precios distintos por lado","Cercados y vallas",Máximo,No
2011,Reserva 4,Ejercicio 1 - Opción B,"Ingresos según la edad: −x² + 70x entre 18 y 50 años y 400x/(x−30) a partir de 50. Ingreso máximo y edad","Ingresos de una empresa en función de la edad (función a trozos)","Contexto económico/aplicado",Máximo,No
2011,Septiembre,Ejercicio 1 - Opción A,"Triángulo isósceles de perímetro 8. Base y altura del de área máxima","Área de un triángulo isósceles con perímetro fijo","Triángulo (área)",Máximo,No
2012,Reserva 3,Ejercicio 1 - Opción A,"Alambre de 2 m dividido en dos trozos: un rectángulo de base doble que la altura y un cuadrado. Suma de áreas mínima","Suma de áreas de un rectángulo (base = 2·altura) y un cuadrado con longitud total fija","División de alambre/segmento (suma de áreas)",Mínimo,No
2012,Reserva 4,Ejercicio 1 - Opción B,"Triángulos rectángulos de hipotenusa 10. Dimensiones del de área máxima","Área de un triángulo rectángulo con hipotenusa fija","Triángulo (área)",Máximo,No
2013,Reserva 2,Ejercicio 1 - Opción A,"Rectángulo inscrito en un semicírculo de radio √5 cm con un lado sobre el diámetro. Dimensiones del de mayor perímetro","Perímetro de un rectángulo inscrito en un semicírculo","Rectángulo inscrito en semicírculo",Máximo,No
2013,Reserva 4,Ejercicio 1 - Opción A,"Rectángulo de área máxima inscrito en un triángulo isósceles de 6 m de base y 4 m de altura","Área de un rectángulo inscrito en un triángulo isósceles","Rectángulo inscrito en triángulo",Máximo,No
2013,Septiembre,Ejercicio 1 - Opción A,"Alambre de 10 m dividido en dos trozos: un triángulo equilátero y un cuadrado. Suma de áreas mínima","Suma de áreas de un triángulo equilátero y un cuadrado con longitud total fija","División de alambre/segmento (suma de áreas)",Mínimo,No
2014,Junio,Ejercicio 1 - Opción B,"Depósito cilíndrico recto sin tapadera de 125 m³. Radio y altura para superficie mínima","Superficie de un cilindro abierto (sin tapa) con volumen fijo","Cilindro (depósito/lata)",Mínimo,Sí
2014,Reserva 2,Ejercicio 1 - Opción A,"f(x) = 1/(2x) + ln x para x > 0. a) Punto de la gráfica donde la pendiente de la recta tangente es máxima. b) Recta normal en x = 1","Pendiente de la recta tangente (máximo de f')","Recta tangente de pendiente máxima",Máximo,No
2014,Reserva 4,Ejercicio 1 - Opción A,"Triángulos rectángulos de área 8 cm². Dimensiones del de hipotenusa menor","Hipotenusa de un triángulo rectángulo con área fija","Triángulo (hipotenusa)",Mínimo,No
2014,Septiembre,Ejercicio 1 - Opción B,"Número real positivo que sumado con su inverso da suma mínima","Suma de un número y su inverso","Números",Mínimo,No
2015,Junio,Ejercicio 1 - Opción A,"Depósito abierto de base cuadrada y paredes verticales de 13,5 m³. Dimensiones para gasto mínimo de chapa","Superficie de un depósito prismático de base cuadrada sin tapa con volumen fijo","Prisma/caja",Mínimo,No
2015,Reserva 1,Ejercicio 1 - Opción A,"Campo rectangular junto a un camino: valla del camino a 80 €/m y resto a 10 €/m. Área máxima con 28.800 €","Área de un cercado rectangular con presupuesto fijo y precios distintos por lado","Cercados y vallas",Máximo,No
2015,Reserva 3,Ejercicio 1 - Opción B,"Caja de base cuadrada cuya altura más el perímetro de la base suman 60 cm. Volumen máximo","Volumen de una caja de base cuadrada con altura + perímetro de base fijo","Prisma/caja",Máximo,No
2015,Septiembre,Ejercicio 1 - Opción B,"Terreno rectangular de 180.000 m² junto a un río (ese lado sin valla). Dimensiones con valla mínima","Longitud de valla de un terreno rectangular con área fija y un lado sin vallar","Cercados y vallas",Mínimo,No
2016,Reserva 1,Ejercicio 1 - Opción B,"Cartón cuadrado de 50 cm; se cortan cuadrados de lado x en las esquinas para hacer una caja sin tapa. Volumen máximo","Volumen de una caja abierta obtenida recortando las esquinas de un cartón","Prisma/caja",Máximo,No
2016,Reserva 3,Ejercicio 1 - Opción B,"Solar rectangular de 12.800 m² dividido en tres parcelas iguales; vallar bordes y separaciones. Valla mínima","Longitud de valla de un solar dividido en tres parcelas con área fija","Cercados y vallas",Mínimo,No
2016,Reserva 4,Ejercicio 1 - Opción A,"Bote de conservas cilíndrico con tapa de 1 litro. Dimensiones para usar la menor cantidad de hojalata","Superficie de un cilindro cerrado con volumen fijo","Cilindro (depósito/lata)",Mínimo,Sí
2017,Junio,Ejercicio 1 - Opción A,"Puerta rectangular coronada por un semicírculo con hueco de 16 m². Base x para perímetro mínimo","Perímetro de una puerta normanda con área fija","Ventana/puerta normanda",Mínimo,No
2017,Reserva 2,Ejercicio 1 - Opción B,"Cuerda de 1 m dividida en dos trozos: un cuadrado y una circunferencia. Suma de áreas mínima","Suma de áreas de un cuadrado y un círculo con longitud total fija","División de alambre/segmento (suma de áreas)",Mínimo,No
2017,Reserva 3,Ejercicio 1 - Opción A,"Depósito cilíndrico con tapas de 20π m³; tapas a 10 €/m² y resto a 8 €/m². Radio y altura para coste mínimo","Coste de un cilindro cerrado con volumen fijo y precios distintos para tapas y lateral","Cilindro (depósito/lata)",Mínimo,Sí
2017,Septiembre,Ejercicio 1 - Opción A,"Tarjeta con zona impresa de 100 cm², márgenes superior 2 cm, inferior 3 cm y laterales 5 cm. Papel mínimo","Área de una tarjeta con zona impresa fija y márgenes","Márgenes de papel",Mínimo,No
2018,Reserva 1,Ejercicio 1 - Opción A,"Rectángulo con base sobre OX, un vértice en y = x y otro en y = 4 − x. Altura y base en función de a; área máxima","Área de un rectángulo inscrito entre dos rectas (y = x, y = 4 − x) y el eje OX","Rectángulo inscrito entre gráficas/funciones",Máximo,No
2018,Reserva 2,Ejercicio 1 - Opción A,"Canaleta de sección trapezoidal con base y costados de 10 cm. Inclinación (x) para sección de área máxima","Área de la sección trapezoidal de una canaleta","Trapecio (área de sección)",Máximo,No
2018,Reserva 3,Ejercicio 1 - Opción A,"Rectángulo de área máxima inscrito en un triángulo isósceles de lado desigual 8 cm y altura 5 cm","Área de un rectángulo inscrito en un triángulo isósceles","Rectángulo inscrito en triángulo",Máximo,No
2018,Reserva 4,Ejercicio 1 - Opción B,"Caja sin tapadera de base cuadrada: laterales a 18 €/m² y base a 24 €/m². Volumen máximo con 50 €","Volumen de una caja abierta de base cuadrada con presupuesto fijo","Prisma/caja",Máximo,No
2019,Reserva 3,Ejercicio 1 - Opción A,"Concentración de un medicamento C(t) = t·e^(−t/2) mg/ml. Máximo absoluto y si supera 1 mg/ml","Concentración de un medicamento en sangre en función del tiempo","Contexto económico/aplicado",Máximo,No
2019,Reserva 3,Ejercicio 1 - Opción B,"f(x) = 1/x + ln x en (1, e). Recta tangente a la gráfica que tiene pendiente máxima","Pendiente de la recta tangente (máximo de f')","Recta tangente de pendiente máxima",Máximo,No
2019,Septiembre,Ejercicio 1 - Opción A,"Rectángulo de área máxima con lados paralelos a los ejes inscrito entre f(x) = 6 − x²/6 y la recta y = 0","Área de un rectángulo inscrito entre una parábola y el eje OX","Rectángulo inscrito entre gráficas/funciones",Máximo,No
2020,Reserva 1,Ejercicio 5,"Zona rectangular de jardín con 96 m de valla y una abertura de 4 m en un lateral para la puerta. Área máxima y su valor","Área de un cercado rectangular con longitud de valla fija y abertura","Cercados y vallas",Máximo,No
2020,Reserva 4,Ejercicio 1,"f(x) = (5 − x)·e^(x−4). Puntos de la gráfica cuya recta tangente tiene pendiente máxima","Pendiente de la recta tangente (máximo de f')","Recta tangente de pendiente máxima",Máximo,No
2022,Junio,Ejercicio 2,"Rectángulo con lados paralelos a los ejes inscrito en la región entre f(x) = 4 − x²/3 y g(x) = x²/6 − 2. Área máxima","Área de un rectángulo inscrito entre dos parábolas","Rectángulo inscrito entre gráficas/funciones",Máximo,No
2022,Reserva 1,Ejercicio 2,"Terreno con recinto central rectangular de 200/π m² y dos semicírculos; tramos rectos a 10 €/m y circulares a 20 €/m. Coste mínimo","Coste del cercado de un recinto rectángulo + semicírculos con área central fija","Cercados y vallas",Mínimo,No
2022,Julio,Ejercicio 2,"Vértices y área del rectángulo de área máxima inscrito entre f(x) = −x² + 12 y el eje de abscisas, con base sobre el eje","Área de un rectángulo inscrito entre una parábola y el eje OX","Rectángulo inscrito entre gráficas/funciones",Máximo,No
2023,Reserva 1,Ejercicio 1,"Rectángulo de área máxima inscrito en una semicircunferencia de 6 cm de radio con un lado sobre el diámetro","Área de un rectángulo inscrito en un semicírculo","Rectángulo inscrito en semicírculo",Máximo,No
2023,Reserva 2,Ejercicio 1,"Dos números ≥ 0 de suma 1 tales que el producto de uno por la raíz cuadrada del otro es máximo","Producto de un número por la raíz del otro con suma fija","Números",Máximo,No
2023,Reserva 3,Ejercicio 1,"Rectángulos de diagonal 10 cm. Dimensiones del de mayor área","Área de un rectángulo con diagonal fija","Rectángulo (área)",Máximo,No
2023,Reserva 4,Ejercicio 2,"Latas de pintura cilíndricas con tapas de 20 litros. Dimensiones para chapa mínima","Superficie de un cilindro cerrado con volumen fijo","Cilindro (depósito/lata)",Mínimo,Sí
2025,Reserva 4,Ejercicio 2,"Náufrago en (2,0) y ferry por la gráfica de f(x) = √(x+1). Punto de la trayectoria más cercano y distancia","Distancia de un punto a una curva","Distancia mínima punto-curva",Mínimo,No
2026,Junio,Ejercicio 1,"Ventana rectangular coronada por un semicírculo con perímetro 8 m. Dimensiones para mayor entrada de luz","Área de una ventana normanda con perímetro fijo","Ventana/puerta normanda",Máximo,No
