id,asignatura,año,convocatoria,ejercicio,tema,info_ejercicio,enunciado,archivo,imagen,tipo_ejercicio,observaciones
mates_ii_funciones_2026_junio_ejercicio_1,Mates II,2026,Junio,Ejercicio 1,funciones,MATEMÁTICAS II. 2026. JUNIO. EJERCICIO 1,"Una ventana tiene forma de rectángulo y está coronada por un semicírculo. Sabiendo que el
perímetro de la ventana mide 8 metros, halla las dimensiones de la ventana que permitan la
mayor entrada de luz.",source_pdf_files/Mates II/funciones/2026 - Funciones.pdf,enunciados_ejercicios/Mates II/funciones/png/png_Mates II_2026 - Funciones/asignatura_desconocida_funciones_2026_junio_ejercicio_1.png,optimización,Ventana/puerta normanda
mates_ii_funciones_2025_reserva_4_ejercicio_2,Mates II,2025,Reserva 4,Ejercicio 2,funciones,MATEMÁTICAS II. 2025. RESERVA 4. EJERCICIO 2,"U n náufrago se encuentra en una isla situada en el punto de coordenadas ( 2 , 0 ) de un plano. Se
sabe que un ferry navega en el mismo plano siempre en la trayectoria dada por la gráfica de la
función f ( x ) = x + 1 . ¿Hacia qué punto de la trayectoria debe nadar el náufrago para recorrer
la menor distancia posible? Calcula dicha distancia.",source_pdf_files/Mates II/funciones/2025 - Funciones.pdf,enunciados_ejercicios/Mates II/funciones/png/png_Mates II_2025 - Funciones/asignatura_desconocida_funciones_2025_reserva_4_ejercicio_2.png,optimización,Distancia mínima punto-curva
mates_ii_funciones_2023_reserva_1_ejercicio_1,Mates II,2023,Reserva 1,Ejercicio 1,funciones,MATEMÁTICAS II. 2023. RESERVA 1. EJERCICIO 1,"Determina las longitudes de los lados de un rectángulo de área máxima que está inscrito en una
semicircunferencia de 6 cm de radio, teniendo uno de sus lados sobre el diámetro de ella.",source_pdf_files/Mates II/funciones/2023 - Funciones.pdf,enunciados_ejercicios/Mates II/funciones/png/png_Mates II_2023 - Funciones/asignatura_desconocida_funciones_2023_reserva_1_ejercicio_1.png,optimización,Rectángulo inscrito en semicírculo
mates_ii_funciones_2023_reserva_2_ejercicio_1,Mates II,2023,Reserva 2,Ejercicio 1,funciones,MATEMÁTICAS II. 2023. RESERVA 2. EJERCICIO 1,"Halla dos números mayores o iguales que 0, cuya suma sea 1, y el producto de uno de ellos por la
raíz cuadrada del otro sea máximo.",source_pdf_files/Mates II/funciones/2023 - Funciones.pdf,enunciados_ejercicios/Mates II/funciones/png/png_Mates II_2023 - Funciones/asignatura_desconocida_funciones_2023_reserva_2_ejercicio_1.png,optimización,Números
mates_ii_funciones_2023_reserva_3_ejercicio_1,Mates II,2023,Reserva 3,Ejercicio 1,funciones,MATEMÁTICAS II. 2023. RESERVA 3. EJERCICIO 1,"De entre todos los rectángulos de diagonal 10 cm (cada una), calcula las dimensiones del que
tiene mayor área.",source_pdf_files/Mates II/funciones/2023 - Funciones.pdf,enunciados_ejercicios/Mates II/funciones/png/png_Mates II_2023 - Funciones/asignatura_desconocida_funciones_2023_reserva_3_ejercicio_1.png,optimización,Rectángulo (área)
mates_ii_funciones_2023_reserva_4_ejercicio_2,Mates II,2023,Reserva 4,Ejercicio 2,funciones,MATEMÁTICAS II. 2023. RESERVA 4. EJERCICIO 2,"En una fábrica de pinturas, las latas que se utilizan para envasar la pintura tienen forma
cilíndrica y una capacidad de 20 litros. Halla las dimensiones del cilindro, con tapas, para que
la chapa empleada en su construcción sea mínima.",source_pdf_files/Mates II/funciones/2023 - Funciones.pdf,enunciados_ejercicios/Mates II/funciones/png/png_Mates II_2023 - Funciones/asignatura_desconocida_funciones_2023_reserva_4_ejercicio_2.png,optimización,Cilindro (depósito/lata)
mates_ii_funciones_2022_julio_ejercicio_2,Mates II,2022,Julio,Ejercicio 2,funciones,MATEMÁTICAS II. 2022. JULIO. EJERCICIO 2,"Calcula los vértices y el área del rectángulo de área máxima inscrito en el recinto limitado por
la gráfica de la función f :  definida por f(x) x2 12 y el eje de abscisas, y que
tiene su base sobre dicho eje.",source_pdf_files/Mates II/funciones/2022 - Funciones.pdf,enunciados_ejercicios/Mates II/funciones/png/png_Mates II_2022 - Funciones/asignatura_desconocida_funciones_2022_julio_ejercicio_2.png,optimización,Rectángulo inscrito entre gráficas/funciones
mates_ii_funciones_2022_junio_ejercicio_2,Mates II,2022,Junio,Ejercicio 2,funciones,MATEMÁTICAS II. 2022. JUNIO. EJERCICIO 2,"De entre todos los rectángulos con lados paralelos a los ejes de coordenadas, determina las
dimensiones de aquel de área máxima que puede inscribirse en la región limitada por las
x2 x2
gráficas de las funciones f,g:  , definidas por f(x)4 y g(x) 2
3 6",source_pdf_files/Mates II/funciones/2022 - Funciones.pdf,enunciados_ejercicios/Mates II/funciones/png/png_Mates II_2022 - Funciones/asignatura_desconocida_funciones_2022_junio_ejercicio_2.png,optimización,Rectángulo inscrito entre gráficas/funciones
mates_ii_funciones_2022_reserva_1_ejercicio_2,Mates II,2022,Reserva 1,Ejercicio 2,funciones,MATEMÁTICAS II. 2022. RESERVA 1. EJERCICIO 2,"Se quiere cercar un trozo de terreno como el de la figura, de modo que el área del recinto
200
central rectangular sea de metros cuadrados. Sabiendo que el coste de la cerca que se

puede poner en los tramos rectos es de 10 euros por metro lineal, y en los tramos circulares de
20 euros por metro lineal, calcula las dimensiones a y b del terreno para las que se minimiza el
coste del cercado.",source_pdf_files/Mates II/funciones/2022 - Funciones.pdf,enunciados_ejercicios/Mates II/funciones/png/png_Mates II_2022 - Funciones/asignatura_desconocida_funciones_2022_reserva_1_ejercicio_2.png,optimización,Cercados y vallas
mates_ii_funciones_2020_reserva_1_ejercicio_5,Mates II,2020,Reserva 1,Ejercicio 5,funciones,MATEMÁTICAS II. 2020. RESERVA 1. EJERCICIO 5,"(2’5 puntos) Una familia desea acotas una zona rectangular en el jardín de su casa para dedicarla
al cultivo ecológico. Para ello dispone de 96 metros de valla, pero necesita una abertura de 4
metros en uno de los laterales para instalar una puerta. Determina las dimensiones de la zona
rectangular de área máxima que puede acotarse de esta manera y el valor del área.",source_pdf_files/Mates II/funciones/2020 - Funciones.pdf,enunciados_ejercicios/Mates II/funciones/png/png_Mates II_2020 - Funciones/asignatura_desconocida_funciones_2020_reserva_1_ejercicio_5.png,optimización,Cercados y vallas
mates_ii_funciones_2020_reserva_4_ejercicio_1,Mates II,2020,Reserva 4,Ejercicio 1,funciones,MATEMÁTICAS II. 2020. RESERVA 4. EJERCICIO 1,"(2’5 Puntos). Sea f :  la función definida por f(x)(5 x)e x4. Determina los
puntos de la gráfica de f cuya recta tangente tiene pendiente máxima.",source_pdf_files/Mates II/funciones/2020 - Funciones.pdf,enunciados_ejercicios/Mates II/funciones/png/png_Mates II_2020 - Funciones/asignatura_desconocida_funciones_2020_reserva_4_ejercicio_1.png,optimización,Recta tangente de pendiente máxima
mates_ii_funciones_2019_reserva_3_ejercicio_1_opcion_a,Mates II,2019,Reserva 3,"Ejercicio 1, opción A",funciones,MATEMÁTICAS II. 2019. RESERVA 3. EJERCICIO 1. OPCIÓN A,"Según un determinado modelo, la concentración en sangre de cierto medicamento viene dada
t

por la función C(t) te 2 mg/ml , siendo t el tiempo en horas transcurridas desde que se le
administra el medicamento al enfermo.
a) Determina, si existe, el valor máximo absoluto de la función y en qué momento se alcanza.
b) Sabiendo que la máxima concentración sin peligro para el paciente es 1 mg/ml, señala si en
algún momento del tratamiento hay riesgo para el paciente.",source_pdf_files/Mates II/funciones/2019 - Funciones.pdf,enunciados_ejercicios/Mates II/funciones/png/png_Mates II_2019 - Funciones/asignatura_desconocida_funciones_2019_reserva_3_ejercicio_1_opcion_a.png,optimización,Contexto económico/aplicado
mates_ii_funciones_2019_reserva_3_ejercicio_1_opcion_b,Mates II,2019,Reserva 3,"Ejercicio 1, opción B",funciones,MATEMÁTICAS II. 2019. RESERVA 3. EJERCICIO 1. OPCIÓN B,"1
Dada f :(1,e) la función definida por f(x) ln(x) (ln denota la función logaritmo
x
neperiano), determina la recta tangente a la gráfica de f que tiene pendiente máxima.",source_pdf_files/Mates II/funciones/2019 - Funciones.pdf,enunciados_ejercicios/Mates II/funciones/png/png_Mates II_2019 - Funciones/asignatura_desconocida_funciones_2019_reserva_3_ejercicio_1_opcion_b.png,optimización,Recta tangente de pendiente máxima
mates_ii_funciones_2019_septiembre_ejercicio_1_opcion_a,Mates II,2019,Septiembre,"Ejercicio 1, opción A",funciones,MATEMÁTICAS II. 2019. SEPTIEMBRE. EJERCICIO 1. OPCIÓN A.,"1
Dada la función f :  definida por f(x)6 x2, calcula las dimensiones del
6
rectángulo de área máxima, de lados paralelos a los ejes, inscrito en el recinto comprendido
entre la gráfica de f y la recta y  0.",source_pdf_files/Mates II/funciones/2019 - Funciones.pdf,enunciados_ejercicios/Mates II/funciones/png/png_Mates II_2019 - Funciones/asignatura_desconocida_funciones_2019_septiembre_ejercicio_1_opcion_a.png,optimización,Rectángulo inscrito entre gráficas/funciones
mates_ii_funciones_2018_reserva_4_ejercicio_1_opcion_b,Mates II,2018,Reserva 4,"Ejercicio 1, opción B",funciones,MATEMÁTICAS II. 2018. RESERVA 4. EJERCICIO 1. OPCIÓN B.,"Se desea construir una caja sin tapadera de base cuadrada. El precio del material es de 18
euros/m2 para los laterales y de 24 euros/m2 para la base. Halla las dimensiones de la caja de
mayor volumen que se puede construir si disponemos de 50 euros.",source_pdf_files/Mates II/funciones/2018 - Funciones.pdf,enunciados_ejercicios/Mates II/funciones/png/png_Mates II_2018 - Funciones/asignatura_desconocida_funciones_2018_reserva_4_ejercicio_1_opcion_b.png,optimización,Prisma/caja
mates_ii_funciones_2017_junio_ejercicio_1_opcion_a,Mates II,2017,Junio,"Ejercicio 1, opción A",funciones,MATEMÁTICAS II. 2017. JUNIO. EJERCICIO 1. OPCIÓN A.,"Se quiere hacer una puerta rectangular coronada por un semicírculo como el de la figura. El
hueco de la puerta tiene que tener 16 metros cuadrados. Si es posible, determina la base x para
que el perímetro sea mínimo.
h
x",source_pdf_files/Mates II/funciones/2017 - Funciones.pdf,enunciados_ejercicios/Mates II/funciones/png/png_Mates II_2017 - Funciones/asignatura_desconocida_funciones_2017_junio_ejercicio_1_opcion_a.png,optimización,Ventana/puerta normanda
mates_ii_funciones_2017_reserva_2_ejercicio_1_opcion_b,Mates II,2017,Reserva 2,"Ejercicio 1, opción B",funciones,MATEMÁTICAS II. 2017. RESERVA 2. EJERCICIO 1. OPCIÓN B.,"Una cuerda de un metro de longitud se divide en dos trozos con los que se construyen un
cuadrado y una circunferencia respectivamente.
Determina, si es posible, las longitudes de los trozos para que la suma de las áreas sea mínima.",source_pdf_files/Mates II/funciones/2017 - Funciones.pdf,enunciados_ejercicios/Mates II/funciones/png/png_Mates II_2017 - Funciones/asignatura_desconocida_funciones_2017_reserva_2_ejercicio_1_opcion_b.png,optimización,División de alambre/segmento (suma de áreas)
mates_ii_funciones_2017_reserva_3_ejercicio_1_opcion_a,Mates II,2017,Reserva 3,"Ejercicio 1, opción A",funciones,MATEMÁTICAS II. 2017. RESERVA 3. EJERCICIO 1. OPCIÓN A.,"Se necesita construir un depósito cilíndrico, con tapas inferior y superior, con capacidad de
20 m 3. El material para las tapas cuesta 10 euros cada m 2 y el material para el resto del
cilindro 8 euros cada m 2. Calcula, si existe, el radio de las tapas y la altura del cilindro que
hace que el coste total sea mínimo.",source_pdf_files/Mates II/funciones/2017 - Funciones.pdf,enunciados_ejercicios/Mates II/funciones/png/png_Mates II_2017 - Funciones/asignatura_desconocida_funciones_2017_reserva_3_ejercicio_1_opcion_a.png,optimización,Cilindro (depósito/lata)
mates_ii_funciones_2017_septiembre_ejercicio_1_opcion_a,Mates II,2017,Septiembre,"Ejercicio 1, opción A",funciones,MATEMÁTICAS II. 2017. SEPTIEMBRE. EJERCICIO 1. OPCIÓN A.,"Una imprenta recibe un encargo para realizar una tarjeta rectangular con las siguientes
características: la superficie rectangular que debe ocupar la zona impresa debe ser de 100 cm2
, el margen superior tiene que ser de 2 cm, el inferior de 3 cm y los laterales de 5 cm cada uno.
Calcula, si es posible, las dimensiones que debe tener la tarjeta de forma que se utilice la menor
cantidad de papel posible.",source_pdf_files/Mates II/funciones/2017 - Funciones.pdf,enunciados_ejercicios/Mates II/funciones/png/png_Mates II_2017 - Funciones/asignatura_desconocida_funciones_2017_septiembre_ejercicio_1_opcion_a.png,optimización,Márgenes de papel
mates_ii_funciones_2016_reserva_1_ejercicio_1_opcion_b,Mates II,2016,Reserva 1,"Ejercicio 1, opción B",funciones,MATEMÁTICAS II. 2016. RESERVA 1. EJERCICIO 1. OPCIÓN B.,"Se dispone de un cartón cuadrado de 50 cm de lado para construir una caja sin tapadera a
partir del cartón. Para ello, se corta un cuadrado de x cm de lado en cada una de las esquinas.
Halla el valor de x para que el volumen de la caja sea máximo y calcula dicho volumen.",source_pdf_files/Mates II/funciones/2016 - Funciones.pdf,enunciados_ejercicios/Mates II/funciones/png/png_Mates II_2016 - Funciones/asignatura_desconocida_funciones_2016_reserva_1_ejercicio_1_opcion_b.png,optimización,Prisma/caja
mates_ii_funciones_2016_reserva_3_ejercicio_1_opcion_b,Mates II,2016,Reserva 3,"Ejercicio 1, opción B",funciones,MATEMÁTICAS II. 2016. RESERVA 3. EJERCICIO 1. OPCIÓN B.,"De un terreno se desea vender un solar rectangular de 12.800 m 2dividido en tres parcelas
iguales como las que aparecen en el dibujo. Si se quieren vallar las lindes de las tres parcelas
(los bordes y las separaciones de las parcelas), determina las dimensiones del solar para que la
longitud de la valla utilizada sea mínima.",source_pdf_files/Mates II/funciones/2016 - Funciones.pdf,enunciados_ejercicios/Mates II/funciones/png/png_Mates II_2016 - Funciones/asignatura_desconocida_funciones_2016_reserva_3_ejercicio_1_opcion_b.png,optimización,Cercados y vallas
mates_ii_funciones_2016_reserva_4_ejercicio_1_opcion_a,Mates II,2016,Reserva 4,"Ejercicio 1, opción A",funciones,MATEMÁTICAS II. 2016. RESERVA 4. EJERCICIO 1. OPCIÓN A.,"Se quiere construir un bote de conservas cilíndrico, con tapa, de un litro de capacidad. Calcula
las dimensiones del bote para que en su construcción se utilice la menor cantidad posible de
hojalata.",source_pdf_files/Mates II/funciones/2016 - Funciones.pdf,enunciados_ejercicios/Mates II/funciones/png/png_Mates II_2016 - Funciones/asignatura_desconocida_funciones_2016_reserva_4_ejercicio_1_opcion_a.png,optimización,Cilindro (depósito/lata)
mates_ii_funciones_2015_junio_ejercicio_1_opcion_a,Mates II,2015,Junio,"Ejercicio 1, opción A",funciones,MATEMÁTICAS II. 2015. JUNIO. EJERCICIO 1. OPCIÓN A.,"Se quiere construir un depósito abierto de base cuadrada y paredes verticales con capacidad
para 13’5 metros cúbicos. Para ello se dispone de una chapa de acero de grosor uniforme.
Calcula las dimensiones del depósito para que el gasto en chapa sea el mínimo posible",source_pdf_files/Mates II/funciones/2015 - Funciones.pdf,enunciados_ejercicios/Mates II/funciones/png/png_Mates II_2015 - Funciones/asignatura_desconocida_funciones_2015_junio_ejercicio_1_opcion_a.png,optimización,Prisma/caja
mates_ii_funciones_2015_reserva_1_ejercicio_1_opcion_a,Mates II,2015,Reserva 1,"Ejercicio 1, opción A",funciones,MATEMÁTICAS II. 2015. RESERVA 1. EJERCICIO 1. OPCIÓN A.,"Se quiere vallar un campo rectangular que está junto a un camino. Si la valla del lado del camino
cuesta 80 euros/metro y la de los otros lados 10 euros/metro, halla las dimensiones del campo de
área máxima que puede vallarse con 28.800 euros.",source_pdf_files/Mates II/funciones/2015 - Funciones.pdf,enunciados_ejercicios/Mates II/funciones/png/png_Mates II_2015 - Funciones/asignatura_desconocida_funciones_2015_reserva_1_ejercicio_1_opcion_a.png,optimización,Cercados y vallas
mates_ii_funciones_2015_reserva_3_ejercicio_1_opcion_b,Mates II,2015,Reserva 3,"Ejercicio 1, opción B",funciones,MATEMÁTICAS II. 2015. RESERVA 3. EJERCICIO 1. OPCIÓN B.,"Queremos fabricar una caja con base cuadrada, de tal manera que la altura de la caja más el
perímetro de la base sumen 60 cm. Determina sus dimensiones para que contenga el mayor
volumen posible.",source_pdf_files/Mates II/funciones/2015 - Funciones.pdf,enunciados_ejercicios/Mates II/funciones/png/png_Mates II_2015 - Funciones/asignatura_desconocida_funciones_2015_reserva_3_ejercicio_1_opcion_b.png,optimización,Prisma/caja
mates_ii_funciones_2015_septiembre_ejercicio_1_opcion_b,Mates II,2015,Septiembre,"Ejercicio 1, opción B",funciones,MATEMÁTICAS II. 2015. SEPTIEMBRE. EJERCICIO 1. OPCIÓN B.,"Un granjero desea vallar un terreno rectangular de pasto adyacente a un río. El terreno debe
tener 180.000 m2 para producir suficiente pasto para su ganado. ¿Qué dimensiones tendrá el
terreno rectangular de modo que utilice la mínima cantidad de valla, si el lado que da al rio no
necesita vallado?.",source_pdf_files/Mates II/funciones/2015 - Funciones.pdf,enunciados_ejercicios/Mates II/funciones/png/png_Mates II_2015 - Funciones/asignatura_desconocida_funciones_2015_septiembre_ejercicio_1_opcion_b.png,optimización,Cercados y vallas
mates_ii_funciones_2014_junio_ejercicio_1_opcion_b,Mates II,2014,Junio,"Ejercicio 1, opción B",funciones,MATEMÁTICAS II. 2014. JUNIO. EJERCICIO 1. OPCIÓN B.,"Se desea construir un depósito en forma de cilindro recto, con base circular y sin tapadera, que
tenga una capacidad de 125 m3. Halla el radio de la base y la altura que debe tener el depósito
para que la superficie sea mínima.",source_pdf_files/Mates II/funciones/2014 - Funciones.pdf,enunciados_ejercicios/Mates II/funciones/png/png_Mates II_2014 - Funciones/asignatura_desconocida_funciones_2014_junio_ejercicio_1_opcion_b.png,optimización,Cilindro (depósito/lata)
mates_ii_funciones_2014_reserva_2_ejercicio_1_opcion_a,Mates II,2014,Reserva 2,"Ejercicio 1, opción A",funciones,MATEMÁTICAS II. 2014. RESERVA 2. EJERCICIO 1. OPCIÓN A.,"1
Sea f la función definida por f(x) lnx para x0
2x
a) Determina el punto de la gráfica de f en el que la pendiente de la recta tangente es máxima
b) Halla la ecuación de la recta normal a la gráfica de f en el punto de abscisa x1.",source_pdf_files/Mates II/funciones/2014 - Funciones.pdf,enunciados_ejercicios/Mates II/funciones/png/png_Mates II_2014 - Funciones/asignatura_desconocida_funciones_2014_reserva_2_ejercicio_1_opcion_a.png,optimización,Recta tangente de pendiente máxima
mates_ii_funciones_2014_reserva_4_ejercicio_1_opcion_a,Mates II,2014,Reserva 4,"Ejercicio 1, opción A",funciones,MATEMÁTICAS II. 2014. RESERVA 4. EJERCICIO 1. OPCIÓN A.,"De entre todos los triángulos rectángulos de área 8 cm 2, determina las dimensiones del que
tiene la hipotenusa de menor longitud.",source_pdf_files/Mates II/funciones/2014 - Funciones.pdf,enunciados_ejercicios/Mates II/funciones/png/png_Mates II_2014 - Funciones/asignatura_desconocida_funciones_2014_reserva_4_ejercicio_1_opcion_a.png,optimización,Triángulo (hipotenusa)
mates_ii_funciones_2014_septiembre_ejercicio_1_opcion_b,Mates II,2014,Septiembre,"Ejercicio 1, opción B",funciones,MATEMÁTICAS II. 2014. SEPTIEMBRE. EJERCICIO 1. OPCIÓN B.,"De entre todos los números reales positivos, determina el que sumado con su inverso da suma
mínima.",source_pdf_files/Mates II/funciones/2014 - Funciones.pdf,enunciados_ejercicios/Mates II/funciones/png/png_Mates II_2014 - Funciones/asignatura_desconocida_funciones_2014_septiembre_ejercicio_1_opcion_b.png,optimización,Números
mates_ii_funciones_2013_reserva_2_ejercicio_1_opcion_a,Mates II,2013,Reserva 2,"Ejercicio 1, opción A",funciones,MATEMÁTICAS II. 2013. RESERVA 2. EJERCICIO 1. OPCIÓN A,"Un rectángulo está inscrito en un semicírculo de 5 cm. de radio, de forma que uno de sus
lados está contenido en el diámetro del semicírculo y el lado opuesto tiene sus vértices sobre la
semicircunferencia. Calcula las dimensiones del rectángulo sabiendo que es el de mayor
perímetro posible.",source_pdf_files/Mates II/funciones/2013 - Funciones.pdf,enunciados_ejercicios/Mates II/funciones/png/png_Mates II_2013 - Funciones/asignatura_desconocida_funciones_2013_reserva_2_ejercicio_1_opcion_a.png,optimización,Rectángulo inscrito en semicírculo
mates_ii_funciones_2013_reserva_4_ejercicio_1_opcion_a,Mates II,2013,Reserva 4,"Ejercicio 1, opción A",funciones,MATEMÁTICAS II. 2013. RESERVA 4. EJERCICIO 1. OPCIÓN A,"Halla las dimensiones del rectángulo de área máxima inscrito en un triángulo isósceles de 6
metros de base (el lado desigual) y 4 metros de alto.",source_pdf_files/Mates II/funciones/2013 - Funciones.pdf,enunciados_ejercicios/Mates II/funciones/png/png_Mates II_2013 - Funciones/asignatura_desconocida_funciones_2013_reserva_4_ejercicio_1_opcion_a.png,optimización,Rectángulo inscrito en triángulo
mates_ii_funciones_2013_septiembre_ejercicio_1_opcion_a,Mates II,2013,Septiembre,"Ejercicio 1, opción A",funciones,M ATEMÁTICAS II. 2013. SEPTIEMBRE. EJERCICIO 1. OPCIÓN A.,"U n alambre de 10 metros de longitud se divide en dos trozos. Con uno de ellos se forma un
t riángulo equilátero y con el otro un cuadrado. Halla la longitud de dichos trozos para que la
s uma de las áreas sea mínima.",source_pdf_files/Mates II/funciones/2013 - Funciones.pdf,enunciados_ejercicios/Mates II/funciones/png/png_Mates II_2013 - Funciones/asignatura_desconocida_funciones_2013_septiembre_ejercicio_1_opcion_a.png,optimización,División de alambre/segmento (suma de áreas)
mates_ii_funciones_2012_reserva_3_ejercicio_1_opcion_a,Mates II,2012,Reserva 3,"Ejercicio 1, opción A",funciones,MATEMÁTICAS II. 2012. RESERVA 3. EJERCICIO 1. OPCIÓN A.,"Un alambre de longitud 2 metros se divide en dos trozos. Con el primero se forma un
rectángulo cuya base es el doble de la altura y con el segundo trozo se forma un cuadrado.
Calcula las longitudes de dichos trozos para que la suma de las áreas del rectángulo y el
cuadrado resultante sea mínima.",source_pdf_files/Mates II/funciones/2012 - Funciones.pdf,enunciados_ejercicios/Mates II/funciones/png/png_Mates II_2012 - Funciones/asignatura_desconocida_funciones_2012_reserva_3_ejercicio_1_opcion_a.png,optimización,División de alambre/segmento (suma de áreas)
mates_ii_funciones_2012_reserva_4_ejercicio_1_opcion_b,Mates II,2012,Reserva 4,"Ejercicio 1, opción B",funciones,MATEMÁTICAS II. 2012. RESERVA 4. EJERCICIO 1. OPCIÓN B.,"De entre todos los triángulos rectángulos de hipotenusa 10 unidades, determina las dimensiones
del de área máxima.",source_pdf_files/Mates II/funciones/2012 - Funciones.pdf,enunciados_ejercicios/Mates II/funciones/png/png_Mates II_2012 - Funciones/asignatura_desconocida_funciones_2012_reserva_4_ejercicio_1_opcion_b.png,optimización,Triángulo (área)
mates_ii_funciones_2011_junio_ejercicio_1_opcion_a,Mates II,2011,Junio,"Ejercicio 1, opción A",funciones,MATEMÁTICAS II. 2011. JUNIO. EJERCICIO 1. OPCIÓN A.,"Se desea construir un depósito cilíndrico cerrado de área total a 54 m2. Determina el radio de
la base y la altura del cilindro para que éste tenga volumen máximo.",source_pdf_files/Mates II/funciones/2011 - Funciones.pdf,enunciados_ejercicios/Mates II/funciones/png/png_Mates II_2011 - Funciones/asignatura_desconocida_funciones_2011_junio_ejercicio_1_opcion_a.png,optimización,Cilindro (depósito/lata)
mates_ii_funciones_2011_junio_ejercicio_1_opcion_b,Mates II,2011,Junio,"Ejercicio 1, opción B",funciones,MATEMÁTICAS II. 2011. JUNIO. EJERCICIO 1. OPCIÓN B,"Sea f :1, la función definida por f(x) x1. Determina el punto P de la gráfica
de f que se encuentra a menor distancia del punto A(2,0).¿Cuál es esa distancia?.",source_pdf_files/Mates II/funciones/2011 - Funciones.pdf,enunciados_ejercicios/Mates II/funciones/png/png_Mates II_2011 - Funciones/asignatura_desconocida_funciones_2011_junio_ejercicio_1_opcion_b.png,optimización,Distancia mínima punto-curva
mates_ii_funciones_2011_reserva_1_ejercicio_1_opcion_a,Mates II,2011,Reserva 1,"Ejercicio 1, opción A",funciones,MATEMÁTICAS II. 2011. RESERVA 1. EJERCICIO 1. OPCIÓN A.,"Un alambre de longitud 100 metros se divide en dos trozos. Con uno de los trozos se construye
un cuadrado y con el otro un rectángulo cuya base es doble que su altura. Calcula las
longitudes de cada uno de los trozos con la condición de que la suma de las áreas de estas dos
figuras sea mínima.",source_pdf_files/Mates II/funciones/2011 - Funciones.pdf,enunciados_ejercicios/Mates II/funciones/png/png_Mates II_2011 - Funciones/asignatura_desconocida_funciones_2011_reserva_1_ejercicio_1_opcion_a.png,optimización,División de alambre/segmento (suma de áreas)
mates_ii_funciones_2011_reserva_2_ejercicio_1_opcion_a,Mates II,2011,Reserva 2,"Ejercicio 1, opción A",funciones,MATEMÁTICAS II. 2011. RESERVA 2. EJERCICIO 1. OPCIÓN A.,"Una ventana normanda consiste en un rectángulo coronado con un semicírculo.
De entre todas las ventanas normandas de perímetro 10 m, halla las dimensiones del marco de
la de área máxima.",source_pdf_files/Mates II/funciones/2011 - Funciones.pdf,enunciados_ejercicios/Mates II/funciones/png/png_Mates II_2011 - Funciones/asignatura_desconocida_funciones_2011_reserva_2_ejercicio_1_opcion_a.png,optimización,Ventana/puerta normanda
mates_ii_funciones_2011_reserva_3_ejercicio_1_opcion_b,Mates II,2011,Reserva 3,"Ejercicio 1, opción B",funciones,MATEMÁTICAS II. 2011. RESERVA 3. EJERCICIO 1. OPCIÓN B.,"En el primer cuadrante representamos un rectángulo de tal manera que tiene un vértice en el
origen de coordenadas y el vértice opuesto en la parábola y  x2 3. Determina las
dimensiones del rectángulo para que su área sea máxima.",source_pdf_files/Mates II/funciones/2011 - Funciones.pdf,enunciados_ejercicios/Mates II/funciones/png/png_Mates II_2011 - Funciones/asignatura_desconocida_funciones_2011_reserva_3_ejercicio_1_opcion_b.png,optimización,Rectángulo inscrito entre gráficas/funciones
mates_ii_funciones_2011_reserva_4_ejercicio_1_opcion_a,Mates II,2011,Reserva 4,"Ejercicio 1, opción A",funciones,MATEMÁTICAS II. 2011. RESERVA 4. EJERCICIO 1. OPCIÓN A.,"Queremos hacer junto a la carretera un cercado rectangular para unos caballos en una zona
llana. Cada metro del lado del cercado que está junto a la carretera nos cuesta 100 euros,
mientras que para el resto del cercado nos cuesta 10 euros el metro. ¿Cuáles son las
dimensiones del prado de área máxima que podemos cercar con 3000 euros?.",source_pdf_files/Mates II/funciones/2011 - Funciones.pdf,enunciados_ejercicios/Mates II/funciones/png/png_Mates II_2011 - Funciones/asignatura_desconocida_funciones_2011_reserva_4_ejercicio_1_opcion_a.png,optimización,Cercados y vallas
mates_ii_funciones_2011_reserva_4_ejercicio_1_opcion_b,Mates II,2011,Reserva 4,"Ejercicio 1, opción B",funciones,MATEMÁTICAS II. 2011. RESERVA 4. EJERCICIO 1. OPCIÓN B.,"En una empresa los ingresos (en euros) dependen de la edad. Si la edad, x, es de 18 a 50 años,
los ingresos vienen dados por la fórmula x2 70x, mientras que para edades iguales o
400x
superiores a 50 años los ingresos están determinados por la expresión .
x30
Calcula cuál es el máximo de los ingresos y a que edad se alcanza.",source_pdf_files/Mates II/funciones/2011 - Funciones.pdf,enunciados_ejercicios/Mates II/funciones/png/png_Mates II_2011 - Funciones/asignatura_desconocida_funciones_2011_reserva_4_ejercicio_1_opcion_b.png,optimización,Contexto económico/aplicado
mates_ii_funciones_2011_septiembre_ejercicio_1_opcion_a,Mates II,2011,Septiembre,"Ejercicio 1, opción A",funciones,MATEMÁTICAS II. 2011. SEPTIEMBRE. EJERCICIO 1. OPCIÓN A,Calcula la base y la altura del triángulo isósceles de perímetro 8 y de área máxima.,source_pdf_files/Mates II/funciones/2011 - Funciones.pdf,enunciados_ejercicios/Mates II/funciones/png/png_Mates II_2011 - Funciones/asignatura_desconocida_funciones_2011_septiembre_ejercicio_1_opcion_a.png,optimización,Triángulo (área)
mates_ii_funciones_2010_reserva_1_ejercicio_1_opcion_a,Mates II,2010,Reserva 1,"Ejercicio 1, opción A",funciones,MATEMÁTICAS II. 2010. RESERVA 1. EJERCICIO 1. OPCIÓN A,"La hipotenusa de un triángulo rectángulo mide 90 cm. Si se hace girar alrededor de uno de sus
catetos, el triángulo engendra un cono. ¿Qué medidas han de tener los catetos del triángulo para
que el volumen del cono engendrado sea máximo?. (Recuerda que el volumen del cono es
1
V  r2h).
3",source_pdf_files/Mates II/funciones/2010 - Funciones.pdf,enunciados_ejercicios/Mates II/funciones/png/png_Mates II_2010 - Funciones/asignatura_desconocida_funciones_2010_reserva_1_ejercicio_1_opcion_a.png,optimización,Cono (sólido de revolución)
mates_ii_funciones_2010_reserva_2_ejercicio_1_opcion_a,Mates II,2010,Reserva 2,"Ejercicio 1, opción A",funciones,MATEMÁTICAS II. 2010. RESERVA 2. EJERCICIO 1. OPCIÓN A,"Entre todos los triángulos rectángulos de 5 metros de hipotenusa, determina los catetos del de
área máxima.",source_pdf_files/Mates II/funciones/2010 - Funciones.pdf,enunciados_ejercicios/Mates II/funciones/png/png_Mates II_2010 - Funciones/asignatura_desconocida_funciones_2010_reserva_2_ejercicio_1_opcion_a.png,optimización,Triángulo (área)
mates_ii_funciones_2010_septiembre_ejercicio_1_opcion_a,Mates II,2010,Septiembre,"Ejercicio 1, opción A",funciones,MATEMÁTICAS II. 2010. SEPTIEMBRE. EJERCICIO 1. OPCIÓN A,"Una hoja de papel tiene que contener 18 cm2 de texto. Los márgenes superior e inferior han de
tener 2 cm cada uno y los laterales 1 cm. Calcula las dimensiones de la hoja para que el gasto
de papel sea mínimo.",source_pdf_files/Mates II/funciones/2010 - Funciones.pdf,enunciados_ejercicios/Mates II/funciones/png/png_Mates II_2010 - Funciones/asignatura_desconocida_funciones_2010_septiembre_ejercicio_1_opcion_a.png,optimización,Márgenes de papel
mates_ii_funciones_2009_reserva_1_ejercicio_1_opcion_b,Mates II,2009,Reserva 1,"Ejercicio 1, opción B",funciones,MATEMÁTICAS II. 2009. RESERVA 1. EJERCICIO 1. OPCIÓN B.,"Se divide el segmento de longitud L 20 cm en dos trozos. Con uno de los trozos se forma un
cuadrado y con el otro un rectángulo en el que la base es el doble de la altura. Calcula la
longitud de cada uno de los trozos para que la suma de las áreas del cuadrado y del rectángulo
sea mínima.",source_pdf_files/Mates II/funciones/2009 - Funciones.pdf,enunciados_ejercicios/Mates II/funciones/png/png_Mates II_2009 - Funciones/asignatura_desconocida_funciones_2009_reserva_1_ejercicio_1_opcion_b.png,optimización,División de alambre/segmento (suma de áreas)
mates_ii_funciones_2009_reserva_4_ejercicio_1_opcion_b,Mates II,2009,Reserva 4,"Ejercicio 1, opción B",funciones,M ATEMÁTICAS II. 2009. RESERVA 4. EJERCICIO 1. OPCIÓN B.,D e todos los triángulos cuya base y altura suman 20 cm ¿qué base tiene el de área máxima?.,source_pdf_files/Mates II/funciones/2009 - Funciones.pdf,enunciados_ejercicios/Mates II/funciones/png/png_Mates II_2009 - Funciones/asignatura_desconocida_funciones_2009_reserva_4_ejercicio_1_opcion_b.png,optimización,Triángulo (área)
mates_ii_funciones_2009_septiembre_ejercicio_1_opcion_b,Mates II,2009,Septiembre,"Ejercicio 1, opción B",funciones,MATEMÁTICAS II. 2009. SEPTIEMBRE. EJERCICIO 1. OPCIÓN B,"De entre todos los rectángulos cuya área mide 16 cm2, determina las dimensiones del que tiene
diagonal de menor longitud.",source_pdf_files/Mates II/funciones/2009 - Funciones.pdf,enunciados_ejercicios/Mates II/funciones/png/png_Mates II_2009 - Funciones/asignatura_desconocida_funciones_2009_septiembre_ejercicio_1_opcion_b.png,optimización,Rectángulo (diagonal)
mates_ii_funciones_2008_junio_ejercicio_1_opcion_b,Mates II,2008,Junio,"Ejercicio 1, opción B",funciones,MATEMÁTICAS II. 2008. JUNIO. EJERCICIO 1. OPCIÓN B,"De entre todos los rectángulos de perímetro 8 cm, determina las dimensiones del que tiene
diagonal de menor longitud.",source_pdf_files/Mates II/funciones/2008 - Funciones.pdf,enunciados_ejercicios/Mates II/funciones/png/png_Mates II_2008 - Funciones/asignatura_desconocida_funciones_2008_junio_ejercicio_1_opcion_b.png,optimización,Rectángulo (diagonal)
mates_ii_funciones_2008_septiembre_ejercicio_1_opcion_b,Mates II,2008,Septiembre,"Ejercicio 1, opción B",funciones,M ATEMÁTICAS II. 2008. SEPTIEMBRE. EJERCICIO 1. OPCIÓN B.,"D e entre todas las rectas del plano que pasan por el punto (1,2), encuentra aquella que forma
c on las partes positivas de los ejes coordenados un triángulo de área mínima. Halla el área de
d icho triángulo.",source_pdf_files/Mates II/funciones/2008 - Funciones.pdf,enunciados_ejercicios/Mates II/funciones/png/png_Mates II_2008 - Funciones/asignatura_desconocida_funciones_2008_septiembre_ejercicio_1_opcion_b.png,optimización,Triángulo formado por una recta y los ejes
mates_ii_funciones_2007_junio_ejercicio_1_opcion_a,Mates II,2007,Junio,"Ejercicio 1, opción A",funciones,MATEMÁTICAS II. 2007. JUNIO. EJERCICIO 1. OPCIÓN A,"Determina dos números reales positivos sabiendo que su suma es 10 y que el producto de sus
cuadrados es máximo.",source_pdf_files/Mates II/funciones/2007 - Funciones.pdf,enunciados_ejercicios/Mates II/funciones/png/png_Mates II_2007 - Funciones/asignatura_desconocida_funciones_2007_junio_ejercicio_1_opcion_a.png,optimización,Números
mates_ii_funciones_2007_reserva_1_ejercicio_1_opcion_b,Mates II,2007,Reserva 1,"Ejercicio 1,opción B",funciones,M ATEMÁTICAS II. 2007. RESERVA 1. EJERCICIO 1.OPCIÓN B.,"T enemos que fabricar dos chapas cuadradas con dos materiales distintos. El precio de cada uno
d e estos materiales es 2 y 3 euros por centímetro cuadrado, respectivamente. Por otra parte, la
s uma de los perímetros de los dos cuadrados tiene que ser 1 metro. ¿Cómo hemos de elegir los
l ados de los cuadrados si queremos que el coste total sea mínimo?",source_pdf_files/Mates II/funciones/2007 - Funciones.pdf,enunciados_ejercicios/Mates II/funciones/png/png_Mates II_2007 - Funciones/asignatura_desconocida_funciones_2007_reserva_1_ejercicio_1_opcion_b.png,optimización,Coste de materiales (figuras planas)
mates_ii_funciones_2007_reserva_2_ejercicio_1_opcion_a,Mates II,2007,Reserva 2,"Ejercicio 1,opción A",funciones,M ATEMÁTICAS II. 2007. RESERVA 2. EJERCICIO 1.OPCIÓN A.,"D e entre todos los rectángulos situados en el primer cuadrante que tienen dos de sus lados sobre
x
los ejes coordenados y un vértice en la recta r de ecuación  y 1 (ver figura), determina el
2
q ue tiene mayor área.",source_pdf_files/Mates II/funciones/2007 - Funciones.pdf,enunciados_ejercicios/Mates II/funciones/png/png_Mates II_2007 - Funciones/asignatura_desconocida_funciones_2007_reserva_2_ejercicio_1_opcion_a.png,optimización,Rectángulo inscrito entre gráficas/funciones
mates_ii_funciones_2007_reserva_4_ejercicio_1_opcion_b,Mates II,2007,Reserva 4,"Ejercicio 1, opción B",funciones,M ATEMÁTICAS II. 2007. RESERVA 4. EJERCICIO 1. OPCIÓN B.,"S e quiere construir un depósito en forma de prisma de base cuadrada sin tapadera que tenga
u na capacidad de 500 m3. ¿Qué dimensiones ha de tener el depósito para que su superficie sea
m ínima?.",source_pdf_files/Mates II/funciones/2007 - Funciones.pdf,enunciados_ejercicios/Mates II/funciones/png/png_Mates II_2007 - Funciones/asignatura_desconocida_funciones_2007_reserva_4_ejercicio_1_opcion_b.png,optimización,Prisma/caja
