año,convocatoria,ejercicio,opcion,enunciado,imagen,aviso
2000,Junio,4,B,Complete y ajuste las siguientes reacciones orgánicas: a) CH CH COOHCH CH OH  3 2 3 2 b) CH CH CH H  3 2 2 c) C H O  4 10 2 QUÍMICA. 2000. JUNIO. EJERCICIO 4. OPCIÓN B,enunciados_PNG/2000 - Reactividad Orgánica_png/2000_junio_4_b.png,
2000,Reserva 2,4,B,"Complete las siguientes reacciones e indique el tipo de reacción (adición, eliminación o sustitución) a que corresponden. a) CH CHCH H O 3 2 2 b) C H (benceno)HNO H2 SO4 6 6 3 c) CH CHBrCH KOHHBr 3 3 QUÍMICA. 2000. RESERVA 2. EJERCICIO 4. OPCIÓN B",enunciados_PNG/2000 - Reactividad Orgánica_png/2000_reserva_2_4_b.png,
2000,Reserva 3,4,A,Complete las siguientes reacciones y ajuste la de combustión: a) CH CH Cl Luz 3 3 2 b) C H O Calor 3 8 2 c) CH CH OHH2 SO4 ;Calor 3 2 QUÍMICA. 2000. RESERVA 3. EJERCICIO 4. OPCIÓN A,enunciados_PNG/2000 - Reactividad Orgánica_png/2000_reserva_3_4_a.png,
2000,Reserva 4,4,B,Defina serie homologa e indique cuáles de los siguientes compuestos pertenecen a la misma serie queCH OH: a)CH CH CH CH OH ;b)CH CH OH ;c)CH COOH 3 3 2 2 2 3 2 3 QUÍMICA. 2000. RESERVA 4. EJERCICIO 4. OPCIÓN B,enunciados_PNG/2000 - Reactividad Orgánica_png/2000_reserva_4_4_b.png,
,,,,Dados los siguientes compuestos orgánicos: CH CH CH ;CH OH;CH CHCH . Indique 3 2 3 3 2 3 razonadamente: a) ¿Cuál es soluble en agua?. b) ¿Cuáles son hidrocarburos?. c) ¿Cuál presenta reacciones de adición?. QUÍMICA. 2000. SEPTIEMBRE. EJERCICI O 4. OPCIÓN B,enunciados_PNG/2000 - Reactividad Orgánica_png/2000_reactividad_organica_p06.png,sin metadatos
2001,Junio,4,B,Ponga un ejemplo de cada una de las siguientes reacciones: a) Adición a un alqueno. b) Sustitución en un alcano. c) Deshidratación de un alcohol. QUÍMICA. 2001. JUNIO. EJERCICIO 4. OPCIÓN B,enunciados_PNG/2001 - Reactividad Orgánica_png/2001_junio_4_b.png,
2001,Reserva 1,4,A,Indique el tipo de hibridación que presenta cada uno de los átomos de carbono en las siguientes moléculas: a) CH CCCH ; b) CH CHCHCH ;c) CH CH CH CH 3 3 3 3 3 2 2 3 QUÍMICA. 2001. RESERVA 1. EJERCICIO 4. OPCIÓN A,enunciados_PNG/2001 - Reactividad Orgánica_png/2001_reserva_1_4_a.png,
2001,Reserva 2,4,B,Complete las siguientes reacciones e indique el tipo al que pertenecen: a) CHCHHCl b) BrCH CH BrKOH/Etanol2KBr 2 2 c) CH CH CH Cl hHCl 3 2 3 2 QUÍMICA. 2001. RESERVA 2. EJERCICIO 4. OPCIÓN B,enunciados_PNG/2001 - Reactividad Orgánica_png/2001_reserva_2_4_b.png,
2001,Reserva 3,2,A,"Dadas las moléculasCH , C H , C H razone si las siguientes afirmaciones son verdaderas o 4 2 2 2 4, falsas: a) En la molécula C H los dos átomos de carbono presentan hibridación sp3. b) El 2 4 átomo de carbono de la molécula CH posee hibridación sp3. c) La molécula de C H es 4 2 2 lineal. QUÍMICA. 2001. RESERVA 3. EJERCICIO 2. OPCIÓN A",enunciados_PNG/2001 - Reactividad Orgánica_png/2001_reserva_3_2_a.png,
2001,Reserva 3,4,B,Complete las siguientes reacciones e indique de qué tipo son: a) CH CHCH HBr 3 2 b) CH CH CH Cl h 3 2 3 2 c) CHCHH Pt/Pd 2 QUÍMICA. 2001. RESERVA 3. EJERCICIO 4. OPCIÓN B,enunciados_PNG/2001 - Reactividad Orgánica_png/2001_reserva_3_4_b.png,
2001,Reserva 4,4,A,"Las fórmulas moleculares de tres hidrocarburos lineales son: C H , C H y C H . Razone si 3 6 4 10 5 12 son verdaderas o falsas las siguientes afirmaciones: a) Los tres pertenecen a la misma serie homóloga. b) Los tres presentan reacciones de adición. c) Los tres poseen átomos de carbono con hibridación sp3. QUÍMICA. 2001. RESERVA 4. EJERCICIO 4. OPCIÓN A",enunciados_PNG/2001 - Reactividad Orgánica_png/2001_reserva_4_4_a.png,
2001,Septiembre,4,A,Razone si son verdaderas o falsas las siguientes afirmaciones: a) El punto de ebullición del butano es menor que el de 1-butanol. b) La molécula CHCl posee una geometría tetraédrica 3 con el átomo de carbono ocupando la posición central. c) El etano es más soluble en agua que el etanol. QUÍMICA. 2001. SEPTIEMBRE. EJERCICIO 4. OPCIÓN A,enunciados_PNG/2001 - Reactividad Orgánica_png/2001_septiembre_4_a.png,
2002,Junio,4,A,Complete las siguientes reacciones y ajuste la que corresponda a una combustión: a) CH CH  CHCH H  3 3 2 b) CH CH O  3 3 2 c) CH Cl h 4 2 QUÍMICA. 2002. JUNIO. EJERCICIO 4. OPCIÓN A,enunciados_PNG/2002 - Reactividad Orgánica_png/2002_junio_4_a.png,
2002,Reserva 1,4,A,"Los compuestos CH CH OH y CH CH CH tienen masas moleculares similares. Indique, 3 2 3 2 3 justificando la respuesta: a) Cuál tiene mayor punto de fusión. b) Cuál de ellos puede experimentar una reacción de eliminación y escríbala. QUÍMICA. 2002. RESERVA 1. EJERCICIO 4. OPCIÓN A",enunciados_PNG/2002 - Reactividad Orgánica_png/2002_reserva_1_4_a.png,
2002,Reserva 3,4,B,"Dados los compuestos: 2-butanol, CH CHOHCH CH , y 3-metilbutanol, 3 2 3 CH CH(CH )CH CH OH, responda, razonadamente, a las siguientes cuestiones: 3 3 2 2 a) ¿Son isómeros entre sí? b) ¿Presenta alguno de ellos isomería óptica? QUÍMICA. 2002. RESERVA 3. EJERCICIO 4. OPCIÓN B",enunciados_PNG/2002 - Reactividad Orgánica_png/2002_reserva_3_4_b.png,
2002,Reserva 4,4,A,a) Defina serie homóloga. b) Escriba la fórmula de un compuesto que pertenezca a la misma serie homóloga de cada uno de los que aparecen a continuación: CH CH ;CH CH CH OH; CH CH NH . 3 3 3 2 2 3 2 2 QUÍMICA. 2002. RESERVA 4. EJERCICIO 4. OPCIÓN A,enunciados_PNG/2002 - Reactividad Orgánica_png/2002_reserva_4_4_a.png,
2002,Septiembre,4,B,Ponga un ejemplo de los siguientes tipos de reacciones: a) Reacción de adición a un alqueno. b) Reacción de sustitución en un alcano. c) Reacción de eliminación de HCl en un cloruro de alquilo. QUÍMICA. 2002. SEPTIEMBRE. EJERCICIO 4. OPCIÓN B,enunciados_PNG/2002 - Reactividad Orgánica_png/2002_septiembre_4_b.png,
2003,Junio,4,A,Defina los siguientes conceptos y ponga un ejemplo de cada uno de ellos: a) Serie homóloga. b) Isomería de cadena. c) Isomería geométrica. QUÍMICA. 2003. JUNIO. EJERCICIO 4. OPCIÓN A,enunciados_PNG/2003 - Reactividad Orgánica_png/2003_junio_4_a.png,
2003,Reserva 1,4,A,"Complete las siguientes reacciones orgánicas e indique de qué tipo son: a) CH CH CH OH H2 SO4 ,calor H O 3 2 2 2 b) CH CH CHCH HI  3 2 2 c) C H (benceno)HNO H2 SO4 H O 6 6 3 2 QUÍMICA. 2003. RESERVA 1. EJERCICIO 4. OPCIÓN A",enunciados_PNG/2003 - Reactividad Orgánica_png/2003_reserva_1_4_a.png,
2003,Reserva 2,4,B,Explique uno de los tipos de isomería que pueden presentar los siguientes compuestos y represente los correspondientes isómeros: a) CH COCH 3 3 b) CH CH CH CH 3 2 2 3 c) CH CHFCOOH 3 QUÍMICA. 2003. RESERVA 2. EJERCICIO 4. OPCIÓN B,enunciados_PNG/2003 - Reactividad Orgánica_png/2003_reserva_2_4_b.png,
2003,Reserva 3,4,B,Complete las siguientes reacciones orgánicas e indique de qué tipo son: a) CH CH H Catalizador 2 2 2 b) CH CH Cl Luz HCl 3 3 2 c) CH OHO  3 2 QUÍMICA. 2003. RESERVA 3. EJERCICIO 4. OPCIÓN B,enunciados_PNG/2003 - Reactividad Orgánica_png/2003_reserva_3_4_b.png,
2003,Septiembre,4,A,"Dados los siguientes compuestos: CH COOCH CH , CH CONH , CH CHOHCH y 3 2 3 3 2 3 3 CH CHOHCOOH 3 a) Identifique los grupos funcionales presentes en cada uno de ellos. b) ¿Alguno posee átomos de carbono asimétrico? Razone su respuesta. QUÍMICA. 2003. SEPTIEMBRE. EJERCICIO 4. OPCIÓN A",enunciados_PNG/2003 - Reactividad Orgánica_png/2003_septiembre_4_a.png,
2004,Junio,4,B,Defina los siguientes conceptos y ponga un ejemplo de cada uno de ellos: a) Isomería de función. b) Isomería de posición. c) Isomería óptica. QUÍMICA. 2004. JUNIO. EJERCICIO 4. OPCIÓN B,enunciados_PNG/2004 - Reactividad Orgánica_png/2004_junio_4_b.png,
2004,Reserva 1,4,A,Complete las siguientes reacciones orgánicas e indique de qué tipo son: a) CH Cl Luz 4 2 b) CH CHCH H Catalizador 2 3 2 c) CH CH CH BrKOH 3 2 2 EtOH QUÍMICA. 2004. RESERVA 1. EJERCICIO 4. OPCIÓN A,enunciados_PNG/2004 - Reactividad Orgánica_png/2004_reserva_1_4_a.png,
2004,Reserva 2,4,A,Las fórmulas moleculares de tres hidrocarburos lineales son: C H ; C H y C H . Razone si 2 4 3 8 4 10 son verdaderas o falsas las siguientes afirmaciones: a) Los tres pertenecen a la misma serie homóloga. b) Los tres experimentan reacciones de sustitución. c) Sólo uno de ellos tiene átomos de carbono con hibridaciónsp2. QUÍMICA. 2004. RESERVA 2. EJERCICIO 4. OPCIÓN A,enunciados_PNG/2004 - Reactividad Orgánica_png/2004_reserva_2_4_a.png,
2004,Reserva 3,4,A,Complete las siguientes reacciones e indique de qué tipo son: a) CH CH Br  2 2 2 b) CH CH O  3 3 2 c) C H (benceno)Cl AlCl3 6 6 2 QUÍMICA. 2004. RESERVA 3. EJERCICIO 4. OPCIÓN A,enunciados_PNG/2004 - Reactividad Orgánica_png/2004_reserva_3_4_a.png,
2004,Septiembre,4,A,"Dados los compuestos orgánicos: CH CH ; CH OH y CH CHCH . 3 3 3 2 3 a) Explique la solubilidad en agua de cada uno de ellos. b) Indique cuáles son hidrocarburos. c) ¿Puede experimentar alguno de ellos reacciones de adición? En tal caso, escriba una. QUÍMICA. 2004. SEPTIEMBRE. EJERCICIO 4. OPCIÓN A",enunciados_PNG/2004 - Reactividad Orgánica_png/2004_septiembre_4_a.png,
2005,Junio,4,B,a) Escriba las estructuras de los isómeros de posición del n-pentanol (C H OH). 5 11 b) Represente tres isómeros de fórmula molecular C H . 8 18 QUÍMICA. 2005. JUNIO. EJERCICIO 4. OPCIÓN B,enunciados_PNG/2005 - Reactividad Orgánica_png/2005_junio_4_b.png,
2005,Reserva 2,4,A,Complete las siguientes reacciones: a) CH CHCH  HBr  3 2 b) CH CH CH  Cl Luz 3 2 3 2 c) CH CH CHCH  H O  3 2 2 2 QUIMICA. 2005. RESERVA 2 EJERCICIO 4 OPCIÓN A,enunciados_PNG/2005 - Reactividad Orgánica_png/2005_reserva_2_4_a.png,
2005,Reserva 2,3,B,Para el eteno (CH CH ) indique: a) La geometría de la molécula. b) La hibridación que 2 2 presentan los orbitales de los átomos de carbono. c) Escriba la reacción de combustión ajustada de este compuesto. QUIMICA. 2005. RESERVA 2 EJERCICIO 3 OPCIÓN B,enunciados_PNG/2005 - Reactividad Orgánica_png/2005_reserva_2_3_b.png,
2005,Reserva 3,4,,Considere las siguientes moléculas: CH CHOHCH ; CH COCH ; CH CONH ; CH COOCH 3 3 3 3 3 2 3 3 a) Identifique sus grupos funcionales. b) ¿Cuál de estos compuestos daría propeno mediante una reacción de eliminación?. Escriba la reacción. QUIMICA. 2005. RESERVA 3 EJERCICIO 4 O PCIÓN A,enunciados_PNG/2005 - Reactividad Orgánica_png/2005_reserva_3_4.png,
2005,Reserva 4,4,,Complete las siguientes reacciones y ajuste la de combustión: a) CH CH CH  O  3 2 3 2 b) CH CCH  HCl  3 c) CH CHCH  H O  2 3 2 QUIMICA. 2005. RESERVA 4 EJERCICIO 4 O PCIÓN A,enunciados_PNG/2005 - Reactividad Orgánica_png/2005_reserva_4_4.png,
2005,Septiembre,4,A,"a) Defina carbono asimétrico. b) Señale el carbono asimétrico, si lo hubiere, en los siguientes compuestos: CH CHOHCOOH,CH CH NH ,CH CClCH CH ,CH CHBrCH CH 3 3 2 2 2 2 3 3 2 3 QUÍMICA. 2005. SEPTIEMBRE. EJERCICIO 4. OPCIÓN A",enunciados_PNG/2005 - Reactividad Orgánica_png/2005_septiembre_4_a.png,
2006,Junio,4,B,"Utilizando un alqueno como reactivo, escriba: a) La reacción de adición de HBr. b) La reacción de combustión ajustada. c) La reacción que produzca el correspondiente alcano. QUÍMICA. 2006. JUNIO. EJERCICIO 4. OPCIÓN B",enunciados_PNG/2006 - Reactividad Orgánica_png/2006_junio_4_b.png,
2006,Reserva 1,4,A,Razone las siguientes cuestiones: a) ¿Puede adicionar halógenos un alcano? b) ¿Pueden experimentar reacciones de adición de haluros de hidrógeno los alquenos? c) ¿Cuáles serían los posibles derivados diclorados del benceno? QUÍMICA. 2006. RESERVA 1. EJERCICIO 4. OPCIÓN A,enunciados_PNG/2006 - Reactividad Orgánica_png/2006_reserva_1_4_a.png,
2006,Reserva 3,4,A,"a) ¿Cuál es el alcano más simple que presenta isomería óptica? b) Razone por qué la longitud del enlace entre los átomos de carbono en el benceno (C H ) es 6 6 1’40 Å, sabiendo que en el etano (C H ) es 1’54 Å y en el eteno (C H ) es 1’34 Å. 2 6 2 4 QUÍMICA. 2006. RESERVA 3. EJERCICIO 4. OPCIÓN A",enunciados_PNG/2006 - Reactividad Orgánica_png/2006_reserva_3_4_a.png,
2006,Septiembre,4,B,Señale el tipo de isomería existente entre los compuestos de cada uno de los apartados siguientes: a) CH CH CH OH y CH CHOHCH . 3 2 2 3 3 b) CH CH OH y CH OCH . 3 2 3 3 c) CH CH CH CHO y CH CH(CH )CHO. 3 2 2 3 3 QUÍMICA. 2006. SEPTIEMBRE. EJERCICIO 4. OPCIÓN B,enunciados_PNG/2006 - Reactividad Orgánica_png/2006_septiembre_4_b.png,
2007,Junio,4,B,Para los siguientes compuestos: CH CH ; CH CH y CH CH OH. 3 3 2 2 3 2 a) Indique cuál o cuáles son hidrocarburos. b) Razone cuál será más soluble en agua. c) Explique cuál sería el compuesto con mayor punto de ebullición. QUÍMICA. 2007. JUNIO EJERCICIO 4. OPCIÓN B,enunciados_PNG/2007 - Reactividad Orgánica_png/2007_junio_4_b.png,
2007,Reserva 1,4,A,Escriba: a) Un isómero de cadena de CH CH CHCH . 3 2 2 b) Un isómero de función de CH OCH CH . 3 2 3 c) Un isómero de posición de CH CH CH CH COCH . 3 2 2 2 3 QUÍMICA. 2007. RESERVA 1. EJERCICIO 4. OPCIÓN A,enunciados_PNG/2007 - Reactividad Orgánica_png/2007_reserva_1_4_a.png,
2007,Reserva 2,4,B,Indique los productos que se obtienen en cada una de las siguientes reacciones: a) CH CHCH  Cl  3 2 2 b) CH CHCH  HCl  3 2 c) CH CHCH  O  3 2 2 QUÍMICA. 2007. RESERVA 2. EJERCICIO 4. OPCIÓN B,enunciados_PNG/2007 - Reactividad Orgánica_png/2007_reserva_2_4_b.png,
2007,Reserva 3,4,A,Escriba: a) Dos hidrocarburos saturados que sean isómeros de cadena entre sí. b) Dos alcoholes que sean entre sí isómeros de posición. c) Un aldehído que muestre isomería óptica. QUÍMICA. 2007. RESERVA 3. EJERCICIO 4. OPCIÓN A,enunciados_PNG/2007 - Reactividad Orgánica_png/2007_reserva_3_4_a.png,
2007,Reserva 4,4,A,Complete las siguientes reacciones químicas: a) CH CH  O  3 3 2 b) CH CHOHCH KOH 3 3 etanol c) CH CH  2Br  2 QUÍMICA. 2007. RESERVA 4. EJERCICIO 4. OPCIÓN A,enunciados_PNG/2007 - Reactividad Orgánica_png/2007_reserva_4_4_a.png,
2008,Junio,4,A,Indique el compuesto orgánico que se obtiene en las siguientes reacciones químicas: a) CH CH Br  2 2 2 b) C H (benceno)Cl Catalizador 6 6 2 c) CH CHClCH KOH 3 3 etanol QUÍMICA. 2008. JUNIO EJERCICIO 4. OPCIÓN A,enunciados_PNG/2008 - Reactividad Orgánica_png/2008_junio_4_a.png,
2008,Reserva 1,4,B,Dados los compuestos: (CH ) CHCOOCH ; CH OCH ; CH CHCHO 3 2 3 3 3 2 a) Identifique y nombre la función que presenta cada uno. b) Razone si presentan isomería cis-trans. c) Justifique si presentan isomería óptica. QUÍMICA. 2008. RESERVA 1 EJERCICIO 4 OPCIÓN B,enunciados_PNG/2008 - Reactividad Orgánica_png/2008_reserva_1_4_b.png,
2008,Reserva 2,4,A,Para el compuesto CH CHCHCH escriba: 3 3 a) La reacción con HBr. b) La reacción de combustión. c) Una reacción que produzca CH CH CH CH 3 2 2 3 QUÍMICA. 2008. RESERVA 2 EJERCICIO 4. OPCIÓN A,enunciados_PNG/2008 - Reactividad Orgánica_png/2008_reserva_2_4_a.png,
2008,Reserva 4,4,A,"Para cada compuesto, formule: a) Los isómeros cis-trans de CH CH CH CHCH 3 2 3 b) Un isómero de función de CH OCH CH 3 2 3 c) Un isómero de posición del derivado bencénico C H Cl 6 4 2 QUÍMICA. 2008. RESERVA 4. EJERCICIO 4. OPCIÓN A",enunciados_PNG/2008 - Reactividad Orgánica_png/2008_reserva_4_4_a_r1.png,2 recuadros en la página
,,,,"1,2 dicloro benceno 1,3 dicloro benceno 1,4 dicloro benceno u ó ó orto diclorobenceno meta diclorobenceno para diclorobenceno",enunciados_PNG/2008 - Reactividad Orgánica_png/2008_reactividad_organica_p05_r2.png,sin metadatos
2008,Septiembre,4,B,Indique el producto que se obtiene en cada una de las siguientes reacciones: a) CH CHCH  Cl  3 2 2 b) CH CHCH  HCl  3 2 c) C H (benceno)  HNO H2 SO4 6 6 3 QUÍMICA. 2008. SEPTIEMBRE. EJERCICIO 4. OPCIÓN B,enunciados_PNG/2008 - Reactividad Orgánica_png/2008_septiembre_4_b.png,
2009,Junio,4,B,"Dados los compuestos CH OH,CH CHCH y CH CHCHCH , indique razonadamente: 3 3 2 3 3 a) Los que puedan presentar enlace de hidrógeno. b) Los que puedan experimentar reacciones de adición. c) Los que puedan presentar isomería geométrica. QUÍMICA. 2009. JUNIO. EJERCICIO 4. OPCIÓN B",enunciados_PNG/2009 - Reactividad Orgánica_png/2009_junio_4_b.png,
2009,Reserva 1,4,A,Indique los compuestos principales que se obtienen cuando el propeno reacciona con: a) Agua en presencia de ácido sulfúrico b) Cloro c) Cloruro de hidrógeno Escriba las reacciones correspondientes QUÍMICA. 2009. RESERVA 1. EJERCICIO 4. OPCIÓN A,enunciados_PNG/2009 - Reactividad Orgánica_png/2009_reserva_1_4_a.png,
2009,Reserva 3,4,B,a) Complete la reacción: 1mol CHCH  1mol Cl  2 b) Escriba la fórmula desarrollada de los isómeros que se forman. c) ¿Qué tipo de isomería presentan estos compuestos? QUÍMICA. 2009. RESERVA 3. EJERCICIO 4. OPCIÓN B,enunciados_PNG/2009 - Reactividad Orgánica_png/2009_reserva_3_4_b.png,
2009,Reserva 4,4,A,Complete las siguientes reacciones e indique el tipo al que pertenecen: a) CH CH  O  3 3 2 b) CH CH OH H2 SO4 3 2 calor c) C H (benceno)  HNO H2 SO4 6 6 3 QUÍMICA. 2009. RESERVA 4. EJERCICIO 4. OPCIÓN A,enunciados_PNG/2009 - Reactividad Orgánica_png/2009_reserva_4_4_a.png,
2009,Septiembre,4,A,Dado 1 mol de HCCCH CH escriba el producto principal que se obtiene en la reacción 2 3 con: a) Un mol de H 2 b) Dos moles de Br 2 c) Un mol de HCl QUÍMICA. 2009. SEPTIEMBRE. EJERCICIO 4. OPCIÓN A,enunciados_PNG/2009 - Reactividad Orgánica_png/2009_septiembre_4_a.png,
2010,Reserva 1,4,B,Indique los reactivos adecuados para realizar las siguientes transformaciones: a) CH CH COOH  CH CH COOCH 3 2 3 2 3 b) CH CHCH Cl  CH CH CH Cl 2 2 3 2 2 c) CH CHCH Cl  ClCH CHClCH Cl 2 2 2 2 QUÍMICA. 2010. RESERVA 1. EJERCICIO 4. OPCIÓN B,enunciados_PNG/2010 - Reactividad Orgánica_png/2010_reserva_1_4_b.png,
2010,Reserva 2,4,B,Complete las siguientes reacciones e indique el tipo al que pertenecen: a) C H  Cl AlCl3 6 6 2 b) CH CH  H O H2 SO4 2 2 2 c) CH CH OH  H SO (concentrado)  3 2 2 4 QUÍMICA. 2010. RESERVA 2. EJERCICIO 4. OPCIÓN B,enunciados_PNG/2010 - Reactividad Orgánica_png/2010_reserva_2_4_b.png,
2010,Reserva 3,4,A,"Para el compuesto CH CH CHCHCOOH (ácido pent-2-enoico), escriba: 3 2 a) La fórmula de un isómero que contenga la función cetona. b) La pareja de moléculas de este ácido que son isómeros cis-trans. c) La fórmula de un isómero de cadena de este ácido. QUÍMICA. 2010. RESERVA 3. EJERCICIO 4. OPCIÓN A",enunciados_PNG/2010 - Reactividad Orgánica_png/2010_reserva_3_4_a.png,
2010,Reserva 4,4,A,a) Escriba la ecuación de la reacción de adición de un mol de cloro a un mol de etino. b) Indique la fórmula desarrollada de los posibles isómeros obtenidos en el apartado anterior. c) ¿Qué tipo de isomería presentan los compuestos anteriores? QUÍMICA. 2010. RESERVA 4. EJERCICIO 4. OPCIÓN A,enunciados_PNG/2010 - Reactividad Orgánica_png/2010_reserva_4_4_a.png,
2010,Septiembre,4,A,"Dados los compuestos orgánicos: CH OH, CH CH CH y CH CHCHCH , indique 3 3 2 3 3 razonadamente: a) El que puede formar enlaces de hidrógeno. b) Los que pueden experimentar reacciones de adición. c) El que presenta isomería geométrica. QUÍMICA. 2010. SEPTIEMBRE. EJERCICIO 4. OPCIÓN A",enunciados_PNG/2010 - Reactividad Orgánica_png/2010_septiembre_4_a.png,
2011,Junio,4,,Dada la siguiente transformación química: HCCCH CH  xA  B 2 3 Justifique si las siguientes afirmaciones son verdaderas o falsas: a) Cuando x 2 y A Cl el producto B presenta isomería geométrica. 2 b) Cuando x1 y AH el producto B presenta isomería geométrica. 2 c) Cuando x1 y A  Br el producto B presenta isomería geométrica. 2 QUÍMICA. 2011. JUNIO. EJERCICIO 4. OP CIÓN A,enunciados_PNG/2011 - Reactividad Orgánica_png/2011_junio_4.png,
2011,Reserva 1,4,B,"Dados los reactivos: H , H O/H SO y HBr, elija aquéllos que permitan realizar la 2 2 2 4 siguiente transformación química: CH CH CHCH  A, donde A es: 3 2 2 a) Un compuesto que puede formar enlaces de hidrógeno. b) Un compuesto cuya combustión sólo produce CO y agua. 2 c) Un compuesto que presenta isomería óptica. Justifique las respuestas escribiendo las reaccio nes correspondientes. QUÍMICA. 2011. RESERVA 1. EJERCICIO 4. OPCIÓN B",enunciados_PNG/2011 - Reactividad Orgánica_png/2011_reserva_1_4_b.png,
2011,Reserva 3,4,B,a) Represente las fórmulas desarrolladas de los dos isómeros geométricos de CH CHCHCH 3 3 b) Escriba un isómero de función de CH CH CHO 3 2 c) Razone si el compuesto CH CH CHOHCH presenta isomería óptica. 3 2 3 QUÍMICA. 2011. RESERVA 3. EJERCICIO 4. OPCIÓN B,enunciados_PNG/2011 - Reactividad Orgánica_png/2011_reserva_3_4_b.png,
2011,Reserva 4,4,A,Escriba un compuesto que se ajuste a las siguientes condiciones: a) Un alcohol primario de cuatro carbonos conteniendo átomos con hibridación sp2. b) Un aldehído de tres carbonos conteniendo átomos con hibridación sp. c) Un ácido carboxílico de tres carbonos que no contenga carbonos con hibridación sp3. QUÍMICA. 2011. RESERVA 4. EJERCICIO 4. OPCIÓN A,enunciados_PNG/2011 - Reactividad Orgánica_png/2011_reserva_4_4_a.png,
2011,Septiembre,4,A,Escriba la fórmula desarrollada de cada uno de los siguientes compuestos y nombre el grupo funcional que presentan. a) CH CH CHO 3 2 b) CH CH CONH 3 2 2 c) CH CH COOCH CH 3 2 2 3 QUÍMICA. 2011. SEPTIEMBRE. EJERCICIO 4. OPCIÓN A,enunciados_PNG/2011 - Reactividad Orgánica_png/2011_septiembre_4_a.png,
2012,Reserva 1,4,B,Dados los siguientes compuestos: CH CH CH CH ;CH CH CHO;CH OCH ; 3 2 2 3 2 3 3 CH CHCHCH ;CH CH OH;CH COCH . Indique: 3 3 3 2 3 3 a) Los que son isómeros de posición. b) Los que presentan isomería geométrica. c) Los que son isómeros de función. QUIMICA. 2012. RESERVA 1. EJERCICIO 4. OPCIÓN B,enunciados_PNG/2012 - Reactividad Orgánica_png/2012_reserva_1_4_b.png,
2012,Reserva 2,4,A,a) Escriba la reacción de adición de cloruro de hidrógeno a CH CH CH CH . 3 2 2 b) Escriba y ajuste la reacción de combustión del propano. c) Escriba el compuesto que se obtiene cuando el cloro molecular se adiciona al metilpropeno. QUIMICA. 2012. RESERVA 2. EJERCICIO 4. OPCIÓN A,enunciados_PNG/2012 - Reactividad Orgánica_png/2012_reserva_2_4_a.png,
2012,Reserva 3,4,A,"Sean las fórmulas CH CHClCH CH OH yCH CHCHCH . Indique, razonadamente: 3 2 2 3 3 a) La que corresponda a dos compuestos que desvían en sentido contrario el plano de polarización de la luz polarizada. b) La que corresponda a dos isómeros geométricos. c) La que corresponda a un compuesto que pueda formar enlaces de hidrógeno. QUIMICA. 2012. RESERVA 3. EJERCICIO 4. OPCIÓN A",enunciados_PNG/2012 - Reactividad Orgánica_png/2012_reserva_3_4_a.png,
2012,Reserva 4,4,A,Escriba la fórmula desarrollada de: a) Dos compuestos que tengan la misma fórmula empírica. b) Un alqueno que no presente isomería geométrica. c) Un alcohol que presente isomería óptica. QUIMICA. 2012. RESERVA 4. EJERCICIO 4. OPCIÓN A,enunciados_PNG/2012 - Reactividad Orgánica_png/2012_reserva_4_4_a.png,
2012,Septiembre,4,B,"Dados los siguientes compuestos: CH CHCH yCH CHCHCH , elija el más 3 2 3 3 adecuado para cada caso (justifique la respuesta): a) El compuesto reacciona con H O/H SO para dar otro compuesto que presenta isomería 2 2 4 óptica. b) La combustión de 2 moles de compuesto producen 6 moles de CO . 2 c) El compuesto reacciona con HBr para dar un compuesto que no presenta isomería óptica. QUÍMICA. 2012. SEPTIEMBRE. EJERCICIO 4. OPCIÓN B",enunciados_PNG/2012 - Reactividad Orgánica_png/2012_septiembre_4_b.png,
2013,Junio,4,,"Sea la transformación química: A  Br  C. Si reacciona 1 mol de Br , indique 2 2 justificando la respuesta si las siguientes afirmaciones son verdaderas o falsas: a) Cuando A es 1 mol de HCCCH el producto C no presenta isomería geométrica. 3 b) Cuando A es 1 mol de CH CHCH el producto C presenta isomería geométrica. 2 3 c) Cuando A es 0’5 mol de HCCCH el producto C no presenta isomería geométrica. 3 QUÍMICA. 2013. JUNIO. EJERCICIO 4. OP CIÓN B",enunciados_PNG/2013 - Reactividad Orgánica_png/2013_junio_4.png,
2013,Reserva 2,4,A,Escriba un compuesto que se ajuste a las siguientes condiciones: a) Una amina secundaria de cuatro carbonos con un átomo de nitrógeno unido a un carbono con hibridación sp3 y que contenga átomos con hibridación sp2. b) Un éter de tres carbonos conteniendo átomos con hibridación sp. c) El isómero cis de un alcohol primario de cuatro carbonos. QUÍMICA. 2013. RESERVA 2. EJERCICIO 4. OPCIÓN A,enunciados_PNG/2013 - Reactividad Orgánica_png/2013_reserva_2_4_a.png,
2013,Reserva 3,4,A,Dado el compuesto HOCH CH CH CHCH 2 2 2 2 a) Escriba la reacción de adición de Br . 2 b) Escriba la reacción de combustión ajustada. c) Escriba la reacción de deshidratación con H SO concentrado. 2 4 QUÍMICA. 2013. RESERVA 3. EJERCICIO 4. OPCIÓN A,enunciados_PNG/2013 - Reactividad Orgánica_png/2013_reserva_3_4_a.png,
2013,Reserva 4,4,A,Escriba para cada compuesto el isómero que corresponda: a) Isómero de posición de CH CHClCH . 3 3 b) Isómero de cadena deCH CH CH CH . 3 2 2 3 c) Isómero de función deCH CH OH. 3 2 QUÍMICA. 2013. RESERVA 4. EJERCICIO 4. OPCIÓN A,enunciados_PNG/2013 - Reactividad Orgánica_png/2013_reserva_4_4_a.png,
2013,Septiembre,4,B,"Dado el siguiente compuesto CH CH CHOHCH , diga justificando la respuesta si las 3 2 3 siguientes afirmaciones son verdaderas o falsas: a) El compuesto reacciona con H SO concentrado para dar dos compuestos isómeros 2 4 geométricos. b) El compuesto no presenta isomería óptica. c) El compuesto adiciona H para dar CH CH CH CH 2 3 2 2 3 QUÍMICA. 2013. SEPTIEMBRE. EJERCICIO 4. OPCIÓN B",enunciados_PNG/2013 - Reactividad Orgánica_png/2013_septiembre_4_b.png,
2014,Junio,4,A,"Dado el siguiente compuestoCH CHCHCH , diga, justificando la respuesta, si las siguientes 3 3 afirmaciones son verdaderas o falsas: a) El compuesto reacciona con Br para dar dos compuestos isómeros geométricos. 2 b) El compuesto reacciona con HCl para dar un compuesto que no presenta isomería óptica. c) El compuesto reacciona con H para dar CH CCCH . 2 3 3 QUÍMICA. 2014. JUNIO. EJERCICIO 4. OPCIÓN A",enunciados_PNG/2014 - Reactividad Orgánica_png/2014_junio_4_a.png,
2014,Reserva 1,4,A,Para el CH CH CHOHCH escriba: 3 2 3 a) Un isómero de posición. b) Un isómero de función. c) Un isómero de cadena. QUÍMICA. 2014. RESERVA 1. EJERCICIO 4. OPCIÓN A,enunciados_PNG/2014 - Reactividad Orgánica_png/2014_reserva_1_4_a.png,
2014,Reserva 3,4,B,Escriba los compuestos orgánicos mayoritarios que se esperan de las siguientes reacciones: a) CH CH CH(CH )CHCH con H en presencia de un catalizador. 3 2 3 2 2 b) Un mol de CH CH(CH )CH CCH con dos moles de Br . 3 3 2 2 c) Un mol de CH CHCH CH CHCH con dos moles de HBr. 2 2 2 2 QUÍMICA. 2014. RESERVA 3. EJERCICIO 4. OPCIÓN B,enunciados_PNG/2014 - Reactividad Orgánica_png/2014_reserva_3_4_b.png,
2014,Reserva 4,4,A,Dado el compuesto CH CH CH CHCH 3 2 2 2 a) Escriba la reacción de adición de Cl 2 b) Escriba la reacción de hidratación con disolución acuosa de H SO que genera el producto 2 4 mayoritario. c) Escriba la reacción de combustión ajustada. QUÍMICA. 2014. RESERVA 4. EJERCICIO 4. OPCIÓN A,enunciados_PNG/2014 - Reactividad Orgánica_png/2014_reserva_4_4_a.png,
2014,Septiembre,4,B,Escriba para cada compuesto el isómero que corresponda: a) Isómero de cadena de CH CHBrCH CH . 3 2 3 b) Isómero de función de CH COCH . 3 3 c) Isómero de posición de CH CHCH CH 2 2 3 QUÍMICA. 2014. SEPTIEMBRE. EJERCICIO 4. OPCIÓN B,enunciados_PNG/2014 - Reactividad Orgánica_png/2014_septiembre_4_b.png,
2015,Reserva 1,4,B,Dada la molécula HCCCH CH CH : 2 2 3 a) Indique la hibridación que presenta cada uno de los átomos de carbono de la molécula. b) Escriba la estructura de un isómero de esta molécula e indique de qué tipo es. c) Escriba el compuesto que se obtiene cuando un mol de esta sustancia reacciona con dos moles de H en presencia del catalizador adecuado. 2 QUÍMICA. 2015. RESERVA 1. EJERCICIO 4. OPCIÓN B,enunciados_PNG/2015 - Reactividad Orgánica_png/2015_reserva_1_4_b.png,
2015,Reserva 2,4,B,"Dado el compuesto CH CHCH : 3 2 a) Escriba la reacción de adición de Cl . 2 b) Escriba la reacción de hidratación con disolución acuosa de H SO , indicando el producto 2 4 mayoritario. c) Escriba la reacción ajustada de combustión. QUÍMICA. 2015. RESERVA 2. EJERCICIO 4. OPCIÓN B",enunciados_PNG/2015 - Reactividad Orgánica_png/2015_reserva_2_4_b.png,
2015,Reserva 3,4,A,Razone la veracidad o falsedad de las siguientes afirmaciones: a) El compuesto CH CHCHCH presenta isomería geométrica. 3 3 b) Dos compuestos que posean el mismo grupo funcional siempre son isómeros. c) El compuesto 2-metilpentano presenta isomería óptica. QUÍMICA. 2015. RESERVA 3. EJERCICIO 4. OPCIÓN A,enunciados_PNG/2015 - Reactividad Orgánica_png/2015_reserva_3_4_a.png,
2015,Reserva 4,4,A,Escriba la estructura de un compuesto que se ajuste a cada una de las siguientes condiciones: a) Un alcohol primario quiral de cinco carbonos. b) Dos isómeros geométricos de fórmula molecular C H . 5 10 c) Una amina secundaria de cuatro carbonos. QUÍMICA. 2015. RESERVA 4. EJERCICIO 4. OPCIÓN A,enunciados_PNG/2015 - Reactividad Orgánica_png/2015_reserva_4_4_a.png,
2015,Septiembre,4,A,"Dados los compuestos CH CH CH Br y CH CH CH CH , indica, escribiendo la reacción 3 2 2 3 2 2 correspondiente: a) El que reacciona con H O/H SO para dar un alcohol. 2 2 4 b) El que reacciona con NaOH/H O para dar un alcohol. 2 c) El que reacciona con HCl para dar 2-clorobu tano. QUIMICA. 2015. SEPTIEMBRE. EJERCICIO 4. OPCIÓN A",enunciados_PNG/2015 - Reactividad Orgánica_png/2015_septiembre_4_a.png,
2016,Junio,4,B,"Dado el compuesto CH CHCH CH , justifique, si las siguientes afirmaciones son 2 2 3 verdaderas o falsas: a) El compuesto reacciona con H O/H SO para dar dos compuestos isómeros geométricos. 2 2 4 b) El compuesto reacciona con HCl para dar un compuesto que no presenta isomería óptica. c) El compuesto reacciona con H para dar un alquino. 2 QUÍMICA. 2016. JUNIO. EJERCICIO 4. OPCIÓN B",enunciados_PNG/2016 - Reactividad Orgánica_png/2016_junio_4_b.png,
2016,Reserva 1,4,A,Dado el compuesto CH CH CHCH : 3 2 2 a) Justifique si puede formar enlaces de hidrógeno. b) Escriba la reacción de adición de HCl. c) Escriba el compuesto resultante de la reacción de hidrogenación en presencia de un catalizador. QUÍMICA. 2016. RESERVA 1. EJERCICIO 4. OPCIÓN A,enunciados_PNG/2016 - Reactividad Orgánica_png/2016_reserva_1_4_a.png,
2016,Reserva 3,4,A,Para el compuesto A de fórmula CH CH CH CH CH escriba: 3 2 2 2 3 a) La reacción de combustión de A ajustada. b) Una reacción que por hidrogenación catalítica de lugar a A. c) La reacción fotoquímica de 1 mol de A en presencia de 1 mol de cloro (Cl ). 2 QUÍMICA. 2016. RESERVA 3. EJERCICIO 4. OPCIÓN A,enunciados_PNG/2016 - Reactividad Orgánica_png/2016_reserva_3_4_a.png,
2016,Septiembre,4,A,"De los siguientes compuestos CH CHClCH OH, ClCH CH CH OH, ClCH CH COCH 3 2 2 2 2 2 2 3 a) Justifique qué compuesto puede presentar isomería óptica. b) Indique qué compuestos son isómeros de posición. c) Indique qué compuesto es isómero funcional del ClCH CH CH CHO. 2 2 2 QUIMICA. 2016. SEPTIEMBRE. EJERCICIO 4. OPCIÓN A",enunciados_PNG/2016 - Reactividad Orgánica_png/2016_septiembre_4_a.png,
2017,Junio,4,,Dado el siguiente compuesto CH CH CHOHCH 3 2 3 a) Justifique si presenta o no isomería óptica. b) Escriba la estructura de un isómero de posición y otro de función. c) Escriba el alqueno a partir del cual se obtendría el alcohol inicial mediante una reacción de adición. QUÍMICA. 2017. JUNIO. EJERCICIO 4. OP CIÓN A,enunciados_PNG/2017 - Reactividad Orgánica_png/2017_junio_4.png,
2017,Reserva 1,4,A,"a) Formule dos isómeros del CH CH CH CH CHO, indicando el tipo de isomería. 3 2 2 2 b) Justifique si el CH CHBrCH CH presenta isomería óptica. 3 2 3 c) Justifique si existe isomería geométrica en el compuesto CH CHClCClCH . 3 2 QUÍMICA. 2017. RESERVA 1. EJERCICIO 4. OPCIÓN A",enunciados_PNG/2017 - Reactividad Orgánica_png/2017_reserva_1_4_a.png,
2017,Reserva 1,4,B,Para el compuesto A de fórmula CH CH CH CH CH escriba: 3 2 2 2 3 a) La reacción de combustión completa de A. b) Un compuesto que por hidrogenación catalítica de lugar a A. c) La reacción fotoquímica de 1 mol de A en presencia de 1 mol de Cl . 2 QUÍMICA. 2017. RESERVA 1. EJERCICIO 4. OPCIÓN B,enunciados_PNG/2017 - Reactividad Orgánica_png/2017_reserva_1_4_b.png,
2017,Reserva 2,4,A,Escriba las siguientes reacciones completas para el etanol (CH CH OH): 3 2 a) Deshidratación del etanol con ácido sulfúrico. b) Sustitución del OH del etanol por un halogenuro. c) Combustión del etanol. QUÍMICA. 2017. RESERVA 2. EJERCICIO 4. OPCIÓN A,enunciados_PNG/2017 - Reactividad Orgánica_png/2017_reserva_2_4_a.png,
2017,Reserva 2,4,B,Indique: a) Un alcohol secundario quiral de cuatro átomos de carbono. b) Dos isómeros geométricos de fórmula molecular C H . 5 10 c) Una amina secundaria de cuatro átomos de carbono. QUÍMICA. 2017. RESERVA 2. EJERCICIO 4. OPCIÓN B,enunciados_PNG/2017 - Reactividad Orgánica_png/2017_reserva_2_4_b.png,
2017,Reserva 3,4,B,"Indique razonadamente si las siguientes afirmaciones son verdaderas o falsas: a) Cuando un grupo hidroxilo (OH) está unido a un carbono saturado, el compuesto resultante es un éster. b) El dimetiléter (CH OCH ) y el etanol (CH CH OH) son isómeros de función. 3 3 3 2 c) La siguiente reacción orgánica: RCH Br  NaOH  RCH OH  NaBr, es una 2 2 reacción de eliminación. QUÍMICA. 2017. RESERVA 3. EJERCICIO 4. OPCIÓN B",enunciados_PNG/2017 - Reactividad Orgánica_png/2017_reserva_3_4_b.png,
2017,Reserva 4,4,A,"Dadas las moléculas C H , C H , C H , razone si las siguientes afirmaciones son 2 6 2 2 2 4 verdaderas o falsas: a) En la molécula C H los dos átomos de carbono presentan hibridación sp3. 2 4 b) La molécula C H puede dar reacciones de sustitución. 2 6 c) La molécula de C H es lineal. 2 2 QUÍMICA. 2017. RESERVA 4. EJERCICIO 4. OPCIÓN A",enunciados_PNG/2017 - Reactividad Orgánica_png/2017_reserva_4_4_a.png,
2017,Reserva 4,4,B,Complete las siguientes reacciones e indique de qué tipo son: a) CH CHCH  H O(catalizado por H SO )  3 2 2 2 4 b) CH CH CH  Cl (en presencia de luz ultravioleta)   HCl 3 2 3 2 c) CH CHCH  H (catalizador)  3 2 2 QUÍMICA. 2017. RESERVA 4. EJERCICIO 4. OPCIÓN B,enunciados_PNG/2017 - Reactividad Orgánica_png/2017_reserva_4_4_b.png,
2017,Septiembre,4,A,"Justifique si las siguientes afirmaciones son verdaderas o falsas, formulando la reacción a que hace referencia a) El triple enlace de un alquino puede adicionar hidrógeno y obtenerse un alcano. b) La deshidratación del etanol, por el ácido sulfúrico, produce etino. c) La nitración del benceno (C H ) produce un amino derivado 6 6 QUIMICA. 2017. SEPTIEMBRE. EJERCICIO 4. OPCIÓN A",enunciados_PNG/2017 - Reactividad Orgánica_png/2017_septiembre_4_a.png,
2018,Junio,4,A,"Dados los siguientes compuestos: CH CHCH y CH CHCHCH elija el más 3 2 3 3 adecuado para cada caso, escribiendo la reacción que tiene lugar: a) El compuesto reacciona con agua en medio ácido para dar otro compuesto que presenta isomería óptica. b) La combustión de dos moles de compuesto produce 6 moles de CO . 2 c) El compuesto reacciona con HBr para dar otro compuesto que no presenta isomería óptica. QUÍMICA. 2018. JUNIO. EJERCICIO 4. OPCIÓN A",enunciados_PNG/2018 - Reactividad Orgánica_png/2018_junio_4_a.png,
2018,Reserva 1,4,A,"Sean los siguientes compuestos: CH COOCH , CH CH CONH , CH CH(CH )COCH y 3 3 3 2 2 3 3 3 CH CH(OH)CHO 3 a) Identifique y nombre los grupos funcionales presentes en cada uno de ellos. b) Justifique si alguno posee actividad óptica. c) ¿Alguno presenta un carbono terciario? Razone la respuesta. QUÍMICA. 2018. RESERVA 1. EJERCICIO 4. OPCIÓN A",enunciados_PNG/2018 - Reactividad Orgánica_png/2018_reserva_1_4_a.png,
2018,Reserva 1,4,B,"Complete las siguientes reacciones orgánicas, indicando el tipo de reacción: a) CH CH CH  Br h ........  ........ 3 2 3 2 b) ...............H2 SO 4 , CH CHCHCH  ........ 3 3 c) C H (benceno)  HNO H2 SO 4 ..........  H O 6 6 3 2 QUÍMICA. 2018. RESERVA 1. EJERCICIO 4. OPCIÓN B",enunciados_PNG/2018 - Reactividad Orgánica_png/2018_reserva_1_4_b.png,
2018,Reserva 2,4,A,"Para el compuesto CH CHCH CH CH , escriba: 2 2 2 3 a) La reacción ajustada de combustión. b) La reacción con bromuro de hidrógeno (HBr) que da lugar al producto mayoritario. c) Una reacción que produzca un hidrocarburo saturado. QUÍMICA. 2018. RESERVA 2. EJERCICIO 4. OPCIÓN A",enunciados_PNG/2018 - Reactividad Orgánica_png/2018_reserva_2_4_a.png,
2018,Reserva 3,4,A,"a) Escriba la reacción de adición de bromuro de hidrógeno (HBr) al propeno CH CHCH . 3 2 b) Escriba y ajuste la reacción de combustión del butano (CH CH CH CH ). 3 2 2 3 c) Escriba el compuesto que se obtiene cuando el cloro molecular (Cl ) reacciona con el 2 metilpropeno, CH C(CH )CH , e indique el tipo de reacción que tiene lugar. 2 3 3 QUÍMICA. 2018. RESERVA 3. EJERCICIO 4. OPCIÓN A",enunciados_PNG/2018 - Reactividad Orgánica_png/2018_reserva_3_4_a.png,
2018,Reserva 3,4,B,"Empleando compuestos de 4 átomos de carbono, represente: a) Dos hidrocarburos que sean isómeros de cadena entre sí. b) Dos hidrocarburos que sean isómeros cis-trans. c) Un alcohol que desvíe el plano de la luz polarizada. QUÍMICA. 2018. RESERVA 3. EJERCICIO 4. OPCIÓN B",enunciados_PNG/2018 - Reactividad Orgánica_png/2018_reserva_3_4_b.png,
2018,Reserva 4,4,B,Escriba las fórmulas de los siguientes compuestos: a) El aldehído que es isómero del propen-2-ol (CH COHCH ). 2 3 b) Un alqueno de 4 átomos de carbono que no presente isomería cis-trans. c) Un compuesto con dos carbonos quirales. QUÍMICA. 2018. RESERVA 4. EJERCICIO 4. OPCIÓN B,enunciados_PNG/2018 - Reactividad Orgánica_png/2018_reserva_4_4_b.png,
2018,Septiembre,4,A,"Dados los siguientes reactivos HI,I ,H /catalizador,NaOH y H O/H SO , ¿cuál de ellos 2 2 2 2 4 sería el adecuado para obtener CH CH CH CH(OH)CH en cada caso? Escriba la 3 2 2 3 reacción correspondiente: a) A partir de CH CHCH CH CH 2 2 2 3 b) A partir de CH CH CH CH(I)CH 3 2 2 3 c) A partir de CH CHCHCH(OH)CH 3 3 QUIMICA. 2018. SEPTIEMBRE. EJERCICIO 4. OPCIÓN A",enunciados_PNG/2018 - Reactividad Orgánica_png/2018_septiembre_4_a.png,
2018,Septiembre,4,B,Para el compuesto CH CH CHOHCH escriba: 3 2 3 a) Un isómero de posición. b) Un isómero de función. c) Un isómero de cadena. QUIMICA. 2018. SEPTIEMBRE. EJERCICIO 4. OPCIÓN B,enunciados_PNG/2018 - Reactividad Orgánica_png/2018_septiembre_4_b.png,
2019,Junio,4,A,Razone si son verdaderas o falsas las siguientes afirmaciones: a) La regla de Markovnikov predice qué compuesto mayoritario se forma en las reacciones de eliminación. b) Un alquino puede adicionar halógenos. c) Un compuesto que desvía el plano de la luz polarizada presenta isomería geométrica. QUÍMICA. 2019. JUNIO. EJERCICIO 4. OPCIÓN A,enunciados_PNG/2019 - Reactividad Orgánica_png/2019_junio_4_a.png,
2019,Junio,4,B,"Dados los compuestos: CH CH OCH CH , CH CHCHOHCH , 3 2 2 3 2 3 CH CHOHCH y CH CH COCH , conteste razonadamente: 3 3 3 2 3 a) Cuál o cuáles presentan un carbono quiral. b) Cuáles son isómeros entre sí. c) Cuáles darían un alqueno como producto de una reacción de eliminación. QUÍMICA. 2019. JUNIO. EJERCICIO 4. OPCIÓN B",enunciados_PNG/2019 - Reactividad Orgánica_png/2019_junio_4_b.png,
2019,Reserva 1,4,A,"Dados los siguientes compuestos orgánicos, A(CH CH CH OH) y 3 2 2 B(CH CH OCH ), explique: 3 2 3 a) Si son o no isómeros. b) Cuál de ellos es insoluble en agua. c) Cuál de ellos reacciona en presencia de H SO y calor. Escriba la reacción. 2 4 QUÍMICA. 2019. RESERVA 1. EJERCICIO 4. OPCIÓN A",enunciados_PNG/2019 - Reactividad Orgánica_png/2019_reserva_1_4_a.png,
2019,Reserva 2,4,A,"Dibuje un isómero de cada uno de los siguientes compuestos, indicando el tipo de isomería que presenta. a) CH COCH . 3 3 b) CH CH CH CH . 3 2 2 3 c) CH CHFCOOH. 3 QUÍMICA. 2019. RESERVA 2. EJERCICIO 4. OPCIÓN A",enunciados_PNG/2019 - Reactividad Orgánica_png/2019_reserva_2_4_a.png,
2019,Reserva 2,4,B,Complete las siguientes reacciones e indique a que tipo pertenecen: a) HOCH CH CHCH  HCl  2 2 2 b) HOCH CH CHCH  O  2 2 2 2 c) HOCH CH CHCH H2 SO4 (calor) 2 2 2 QUÍMICA. 2019. RESERVA 2. EJERCICIO 4. OPCIÓN B,enunciados_PNG/2019 - Reactividad Orgánica_png/2019_reserva_2_4_b.png,
2019,Reserva 3,4,B,"Para el compuesto CH CH CH COCH , escriba: 3 2 2 3 a) Un isómero de función. b) Un isómero de cadena. c) Un isómero de posición. QUÍMICA. 2019. RESERVA 3. EJERCICIO 4. OPCIÓN B",enunciados_PNG/2019 - Reactividad Orgánica_png/2019_reserva_3_4_b.png,
2019,Reserva 4,4,A,"Las fórmulas moleculares de tres hidrocarburos lineales son: C H , C H y C H . Razone 2 4 3 8 4 10 si son verdaderas o falsas las siguientes afirmaciones: a) Los tres pertenecen a la misma serie homóloga. b) Los tres experimentan reacciones de adición. c) Sólo uno de ellos tiene átomos de carbono con hibridación sp2. QUÍMICA. 2019. RESERVA 4. EJERCICIO 4. OPCIÓN A",enunciados_PNG/2019 - Reactividad Orgánica_png/2019_reserva_4_4_a.png,
2019,Septiembre,4,A,Dados los compuestos orgánicos: A:CH CH OH y B:CH CH CH . 3 2 3 2 3 a) Justifique cuál tiene mayor punto de fusión. b) Escriba la reacción de obtención del compuesto A partiendo de eteno (CH CH ). 2 2 c) Escriba la reacción de cloración del compuesto B. QUÍMICA. 2019. SEPTIEMBRE. EJERCICIO 4. OPCIÓN A,enunciados_PNG/2019 - Reactividad Orgánica_png/2019_septiembre_4_a.png,
2019,Septiembre,4,B,Represente: a) Un isómero de cadena de CH CH CH CH . 3 2 2 3 b) Un isómero de posición de CH CHOHCH . 3 3 c) Un isómero de función de CH CH CH CHO 3 2 2 QUÍMICA. 2019. SEPTIEMBRE. EJERCICIO 4. OPCIÓN B,enunciados_PNG/2019 - Reactividad Orgánica_png/2019_septiembre_4_b.png,
2020,Junio,B6,,Dado el compuesto CH CHOHCH CH CH 3 2 2 3 a) Justifique si tiene un isómero de cadena. b) Escriba su reacción de deshidratación. c) Razone si presenta isomería óptica. QUÍMICA. 2020. JUNIO. B6,enunciados_PNG/2020 - Reactividad Orgánica_png/2020_junio_B6.png,
2020,Reserva 1,B6,,Escriba la fórmula del compuesto que se obtiene mayoritariamente e indique el tipo de reacción: a) Al calentar CH CH CH OH en presencia de ácido. 3 2 2 b) CH CH CHCH  HBr 3 2 2 c) CH COOH  CH OH en presencia de ácido 3 3 QUÍMICA. 2020. RESERVA 1. EJERCICIO B6,enunciados_PNG/2020 - Reactividad Orgánica_png/2020_reserva_1_B6.png,
2020,Reserva 2,B6,,"Dado el compuesto CH CHCHCH , justifique, utilizando las reacciones correspondientes, si 3 3 las siguientes afirmaciones son verdaderas o falsas: a) El compuesto reacciona con H O en medio ácido para dar dos compuestos isómeros 2 geométricos. b) El compuesto reacciona con HBr para dar un compuesto que presenta isomería óptica. c) El compuesto reacciona con H para dar un alquino. 2 QUÍMICA. 2020. RESERVA 2. EJERCICIO B6",enunciados_PNG/2020 - Reactividad Orgánica_png/2020_reserva_2_B6.png,
2020,Reserva 3,B6,,Para el compuesto CH CH CH : 3 2 a) Justifique si presenta isomería geométrica. b) Escriba la reacción que tiene lugar con HBr. c) Indique la hibridación que presenta cada uno de sus átomos de carbono. QUÍMICA. 2020. RESERVA 3. EJERCICIO B6,enunciados_PNG/2020 - Reactividad Orgánica_png/2020_reserva_3_B6.png,
2020,Reserva 4,B4,,Escriba la fórmula de un compuesto que se ajuste a las siguientes condiciones: a) Un alcohol de cuatro átomos de carbono que presente isomería óptica. b) Un alqueno de cuatro átomos de carbono que presente isomería geométrica. c) Un compuesto que por deshidratación produzca CH CHCH CH . 2 2 3 QUÍMICA. 2020. RESERVA 4. EJERCICIO B4,enunciados_PNG/2020 - Reactividad Orgánica_png/2020_reserva_4_B4.png,
2020,Septiembre,B4,,Para el compuesto CH CH(CH )CHCH 3 3 2 a) Justifique si tiene presenta isomería geométrica. b) Represente la fórmula de un isómero de cadena. c) Escriba la reacción de combustión ajustada. QUÍMICA. 2020. SEPTIEMBRE. B4,enunciados_PNG/2020 - Reactividad Orgánica_png/2020_septiembre_B4.png,
2021,Junio,B6,,"Para el compuesto CH CHCH CH OH, escriba la fórmula de: 2 2 2 a) Un isómero que contenga un grupo carbonilo. b) Un isómero que presente isomería óptica. c) Un isómero que presente isomería geométrica. QUÍMICA. 2021. JUNIO. EJERCICIO B6",enunciados_PNG/2021 - Reactividad Orgánica_png/2021_junio_B6.png,
2021,Reserva 1,B4,,"Complete las siguientes reacciones, indicando de qué tipo son: a) CH CH Br  2 2 2 b) C H (benceno)Cl  6 6 2 c) CH CHClCH (Etanol/KOH) 3 3 QUÍMICA. 2021. RESERVA 1. EJERCICIO B4",enunciados_PNG/2021 - Reactividad Orgánica_png/2021_reserva_1_B4.png,
2021,Reserva 2,B6,,"Dado el siguiente compuesto CH CHCH CH , justifique si las siguientes afirmaciones son 2 2 3 verdaderas o falsas: a) El compuesto reacciona con H O/H SO para dar dos compuestos isómeros geométricos. 2 2 4 b) El compuesto reacciona con HCl para dar un compuesto que no presenta isomería óptica. c) El compuesto reacciona con H para dar un alquino. 2 QUÍMICA. 2021. RESERVA 2. EJERCICIO B6",enunciados_PNG/2021 - Reactividad Orgánica_png/2021_reserva_2_B6.png,
2021,Reserva 3,B6,,Dados los siguientes compuestos orgánicos: A:CH CH OH y B:CH CH CH . 3 2 3 2 3 a) Justifique cuál es más soluble en agua. b) ¿Cómo se puede obtener el compuesto A a partir de CH CH ?. 2 2 c) Escriba la reacción de cloración del compuesto B. QUÍMICA. 2021. RESERVA 3. EJERCICIO B6,enunciados_PNG/2021 - Reactividad Orgánica_png/2021_reserva_3_B6.png,
2021,Reserva 4,B4,,"Dados los reactivos: H /cat,HCl,H O/H SO , elija, escribiendo la reacción 2 2 2 4 correspondiente, aquellos que partiendo de CH CHCHCH permitan obtener el compuesto 3 3 A, siendo A: a) Un compuesto monoclorado. b) Un compuesto que puede formar enlaces de hidrógeno. c) Un compuesto que no tiene isomería óptica QUÍMICA. 2021. RESERVA 4 EJERCICIO B4",enunciados_PNG/2021 - Reactividad Orgánica_png/2021_reserva_4_B4.png,
2021,Julio,B6,,Dados los siguientes compuestos orgánicos: A: CH CH CH OH y B: CH CH OCH 3 2 2 3 2 3 a) Justifique si son isómeros. b) Justifique cuál de ellos es más soluble en agua. c) Indique cuál de ellos reacciona con H SO /calor y escriba la reacción. 2 4 QUÍMICA. 2021. JULIO. EJERCICIO B6,enunciados_PNG/2021 - Reactividad Orgánica_png/2021_julio_B6.png,
2022,Junio,B4,,"Dados los compuestos: CH CH(OH)COOH, CH CHCH OH y CH CHCHOH, 3 2 2 3 justifique: a) Cuál o cuáles presentan isomería óptica. b) Cuáles son isómeros entre sí. c) Cuál o cuáles presentan isomería geométrica. QUÍMICA. 2022. JUNIO. B4",enunciados_PNG/2022 - Reactividad Orgánica_png/2022_junio_B4.png,
2022,Reserva 1,B6,,"Dados los siguientes compuestos: CH COCH OH, CH CH CHO, CH CHCOOH y 3 2 3 2 2 CH OHCH CH OH 2 2 2 a) ¿Cuál es un isómero de CH CH COOH? Indique qué tipo de isomería presenta. 3 2 b) Justifique si alguno de los compuestos podría producir un alcano por hidrogenación. c) Escriba un isómero de la molécula CH OHCH CH OH que presente actividad óptica 2 2 2 QUÍMICA. 2022. RESERVA 1. EJERCICIO B6",enunciados_PNG/2022 - Reactividad Orgánica_png/2022_reserva_1_B6.png,
2022,Reserva 2,B6,,Indique el producto o productos que se obtendrían: a) Al tratar calentar CH CH CH CH con una disolución acuosa de H SO . 3 2 2 2 4 b) Al exponer a la radiación ultravioleta una mezcla gaseosa de Cl y CH CH CH . 2 3 2 3 c) Al calentar una mezcla de CH OH y CH COOH en presencia de un catalizador ácido. 3 3 QUÍMICA. 2022. RESERVA 2. EJERCICIO B6,enunciados_PNG/2022 - Reactividad Orgánica_png/2022_reserva_2_B6.png,
2022,Reserva 3,B6,,Complete las siguientes reacciones e indique de qué tipo son: a) CH CH CH CH  O  3 2 2 3 2 b) CH CH OH  H SO calor 3 2 2 4 c) C H (benceno)HNO H2 SO4 6 6 3 QUÍMICA. 2022. RESERVA 3. EJERCICIO B6,enunciados_PNG/2022 - Reactividad Orgánica_png/2022_reserva_3_B6.png,
2022,Reserva 4,B4,,"Dado el compuesto A, CH C(CH ) , escriba: 2 3 2 a) Un isómero de A que presente isomería geométrica. b) El producto de la reacción entre A y agua en presencia de ácido. c) Un cicloalcano isómero de A. QUÍMICA. 2022. RESERVA 4 EJERCICIO B4",enunciados_PNG/2022 - Reactividad Orgánica_png/2022_reserva_4_B4.png,
2022,Julio,B6,,"a) Escriba dos compuestos isómeros de fórmula molecular C H O 2 6 b) Formule el alcano con menor número de átomos de carbono que presente isomería óptica. c) Considerando las moléculas de etano (C H ) y eteno (C H ), justifique cuál de ellas tiene el 2 6 2 4 enlace carbono-carbono de menor longitud QUÍMICA. 2022. JULIO. EJERCICIO B6",enunciados_PNG/2022 - Reactividad Orgánica_png/2022_julio_B6.png,
2023,Junio,B6,,a) Formule un hidrocarburo cíclico isómero de CH CHCHCH . 3 3 b) Escriba la estructura de dos hidrocarburos aromáticos isómeros de fórmula molecular C H . 8 10 c) Escriba la fórmula de un alcohol isómero de CH CH OCH . 3 2 3 QUÍMICA. 2023. JUNIO. B6,enunciados_PNG/2023 - Reactividad Orgánica_png/2023_junio_B6.png,
2023,Reserva 1,B4,,"Justifique si las siguientes afirmaciones son verdaderas o falsas: a) Un hidrocarburo está constituido por carbono, hidrógeno y oxígeno. b) Un carbono quiral tiene que presentar una hibridación sp2. c) La combustión de un alqueno produce un alcohol. QUÍMICA. 2023. RESERVA 1. EJERCICIO B4",enunciados_PNG/2023 - Reactividad Orgánica_png/2023_reserva_1_B4.png,
2023,Reserva 2,B4,,"Considere los siguientes tipos de compuestos orgánicos: éteres, alcoholes, cetonas, aminas y ácidos carboxílicos. a) Justifique cuál o cuáles formarán enlaces de hidrógeno en estado líquido entre moléculas del mismo tipo. b) ¿Cuál o cuáles pueden dar lugar a alquenos por deshidratación?. Escriba un ejemplo de esta reacción.. c) ¿Cuál o cuáles presentan un grupo carbonilo en su estructura?. QUÍMICA. 2023. RESERVA 2. EJERCICIO B4",enunciados_PNG/2023 - Reactividad Orgánica_png/2023_reserva_2_B4.png,
2023,Reserva 3,B6,,"Dado el compuesto CH CHCH CH , escriba: 2 2 3 a) La reacción con HCl. b) Un isómero de posición. c) La reacción de combustión ajustada. QUÍMICA. 2023. RESERVA 3. EJERCICIO B6",enunciados_PNG/2023 - Reactividad Orgánica_png/2023_reserva_3_B6.png,
2023,Reserva,4,,"Teniendo en cuenta el compuesto CH CHCHOCH 3 3 a) Indique la hibridación que presenta cada uno de los átomos de carbono b) Escriba el producto de la reacción de ese compuesto con H , indicando el tipo de compuesto 2 que se obtiene. c) Escriba un producto de la reacción de ese compuesto con HCl, justificando si el producto obtenido puede presentar isomería óptica. QUÍMICA. 2023. RESERVA 4. EJERCICIO B 6",enunciados_PNG/2023 - Reactividad Orgánica_png/2023_reserva_4.png,
2023,Julio,B6,,"Escriba y ajuste las siguientes reacciones e indique el tipo a que pertenecen: a) CH CH CH CH  Br luz 3 2 2 3 2 b) CH CH CH OH H2 SO 4 , 3 2 2 c) CH CHCH  HCl  3 2 QUÍMICA. 2023. JULIO. EJERCICIO B6",enunciados_PNG/2023 - Reactividad Orgánica_png/2023_julio_B6.png,
2024,Junio,B6,,"Considerando los compuestos: (1) C H 3 C H O H C H 2 C H = C H 2 , (2) C H 3 C H 2 C O C H 2 C H 3 , (3) CH CH CH COCH , (4) CH CH(CH )COCH 3 2 2 3 3 3 3 Justifique el tipo de isomería que presentan entre sí: a) Los compuestos 1 y 2. b) Los compuestos 2 y 3. c) Los compuestos 3 y 4. QUÍMICA. 2024. JUNIO. B6",enunciados_PNG/2024 - Reactividad Orgánica_png/2024_junio_B6.png,
2024,Reserva 1,B4,,"Indique los productos que se obtienen en cada una de las siguientes reacciones, especificando el tipo de reacción: a) C H 3 C H 2 C O O H + C H 3 O H ⎯ H⎯ + → b) C H 3 C H 2 C H C l C H 3 ⎯ K O H ⎯ ⎯ e ta n o →l c) C H 3 C H = C H 2 + H 2 O ⎯ H⎯ + → QUÍMICA. 2024. RESERVA 1 EJERCICIO B4",enunciados_PNG/2024 - Reactividad Orgánica_png/2024_reserva_1_B4.png,
2024,Reserva 2,B6,,Escriba las siguientes reacciones: a) Combustión del C H 3 C H 3 b) Deshidratación del C H 3 C H 2 O H c) Nitración del benceno ( C 6 H 6 ) QUÍMICA. 2024. RESERVA 2. EJERCICIO B6,enunciados_PNG/2024 - Reactividad Orgánica_png/2024_reserva_2_B6.png,
2024,Reserva 3,B4,,"Razone si son verdaderas o falsas las siguientes afirmaciones: a) Los compuestos obtenidos, según la regla de Markovnikov, por adición de HBr al C H 2 = C H C H 2 C H 3 y C H 3 C H = C H C H 3 son iguales. b) El C H 2 = C ( C H 3 ) C H 3 presenta isomería cis-trans, pero el C H 3 C H = C H C H 3 no. c) El C H 3 C O O H no desvía el plano de la luz polarizada. QUIMICA. 2024. RESERVA 3. EJERCICIO B4",enunciados_PNG/2024 - Reactividad Orgánica_png/2024_reserva_3_B4.png,
2024,Reserva 4,B6,,Considerando la molécula CH =CHCH CH 2 2 3 a) Indique la hibridación de cada uno de sus átomos de carbono. b) Escriba la fórmula semidesarrollada de un isómero de cadena. c) Escriba la reacción de hidrogenación. QUÍMICA. 2024. RESERVA 4. EJERCICIO B6,enunciados_PNG/2024 - Reactividad Orgánica_png/2024_reserva_4_B6.png,
2024,Julio,B6,,Escriba las siguientes reacciones: a) C H 3 C H = C H 2 con C l 2 b) CH CH con 1 mol de HBr c) C H 3 C H = C H C H 3 con H 2 QUÍMICA. 2024. JULIO. EJERCICIO B6,enunciados_PNG/2024 - Reactividad Orgánica_png/2024_julio_B6.png,
2025,Junio,4,,a) Escriba y ajuste la reacción de combustión del C H 3 C H 2 C H 3 b) Escriba y ajuste la reacción de deshidratación del C H 3 C H 2 C H 2 O H c) Escriba un isómero de función del compuesto C H 3 C O C H 2 C H 3 QUÍMICA. 2025. JUNIO EJERCICIO 4B,enunciados_PNG/2025 - Reactividad Orgánica_png/2025_junio_4.png,
2025,Reserva 1,4,,a) Escriba una reacción que transforme el compuesto C H 3 − C H = C H − C H 2 − C H 3 en un alcohol. b) Dibuje un isómero de cadena del compuesto CH −CH −CH −CH . 3 2 2 3 c) Escriba la estructura de un alcohol secundario de tres átomos de carbono en el que haya hibridación s p 2 . QUÍMICA. 2025. RESERVA 1. EJERCICIO 4B,enunciados_PNG/2025 - Reactividad Orgánica_png/2025_reserva_1_4.png,
2025,Reserva 2,4,,"a) Razone cuál de estos compuestos es soluble en agua: C H 3 C H 2 C O O H y C H  C C H 3 b) Escriba los productos de la reacción C 6 H 6 ( b e n c e n o ) + H N O 3 / H 2 S O 4 c) Explique si el compuesto CH CHBrCH CH presenta estereoisomería y, en caso afirmativo, 3 2 3 indique el tipo QUÍMICA. 2025. RESERVA 2. EJERCICIO 4B",enunciados_PNG/2025 - Reactividad Orgánica_png/2025_reserva_2_4.png,
2025,Julio,4,,Dados los compuestos: (1) C H 3 C H ( O H ) C H 2 C H 2 C H 3 y (2) C H 3 C H 2 C H 2 C H 2 C H 2 O H a) Justifique el tipo de isomería que presentan. b) Identifique cuál de los compuestos se deshidrata con H SO y calor para formar un producto 2 4 con isomería geométrica. Dibuje los isómeros geométricos. c) Razone cuál de los compuestos presenta isomería óptica. QUÍMICA. 2025. JULIO. EJERCICIO 4B,enunciados_PNG/2025 - Reactividad Orgánica_png/2025_julio_4.png,
2026,Junio,4,,a) Nombre o formule los siguientes compuestos: C H 3 C H ( N H 2 ) C O O H C H 3 C H 2 C H 2 C O N H 2 Propanona Etilbenceno b) Complete la reacción e indique de qué tipo es: C H 3 C H 2 C H = C H 2 + H B r → c) Justifique el tipo de isomería que presenta el compuesto C H 3 − C H = C H − C H 3 d) Justifique la hibridación que presenta cada uno de los carbonos del compuesto C H 3 C  C H . QUÍMICA. 2026. JUNIO. EJERCICIO 4A,enunciados_PNG/2026 - Reactividad Orgánica_png/2026_junio_4.png,
2026,Junio,4,,a) Nombre o formule los siguientes compuestos: C H 2 = C ( C H 3 ) C = C H 2 C H 3 C  C C H 2 C H 3 Metilpropan-2-ol Fenilamina b) Nombre el grupo funcional de C H 3 C H 2 C H O c) Escriba el producto obtenido cuando 1 mol de CH CCCH CH reacciona con 2 moles de 3 2 3 H 2 d) Escriba un isómero de función del compuesto C H 3 C H = C H C H 3 . QUÍMICA. 2026. JUNIO. EJERCICIO 4B,enunciados_PNG/2026 - Reactividad Orgánica_png/2026_junio_4_2.png,
