asignatura,año,convocatoria,ejercicio,tema,metadata,enunciado,archivo,imagen,aviso
Química,2000,Junio,Ejercicio 3. Opc Ión A,Enlace Químico,QUÍMICA. 2000. JUNIO EJERCICIO 3. OPC IÓN A,"a) Escriba la estructura de Lewis para las moléculas NF y CF . b) Dibuje la geometría de
3 4
cada molécula según la teoría de Repulsión de Pares de Electrones de la Capa de Valencia.
c) Considerando las geometrías moleculares, razone acerca de la polaridad de ambas
moléculas.",2000 - Enlace Químico.pdf,enunciados_PNG/2000 - Enlace Químico_png/2000_junio_ejercicio_3_opc_ion_a.png,
Química,2000,Junio,Ejercicio 5. Op Ción B,Enlace Químico,QUÍMICA. 2000. JUNIO. EJERCICIO 5. OP CIÓN B,"a) Haga un esquema del ciclo de Born-Haber para elNaCl.
b) Calcule la energía reticular del NaCl (s), a partir de los siguientes datos:
Entalpía de sublimación del sodio = 108 kJ/mol
Entalpía de disociación del cloro = 243’2 kJ/mol
Entalpía de ionización del sodio = 495’7 kJ/mol
Afinidad electrónica del cloro = 348 kJ/mol",2000 - Enlace Químico.pdf,enunciados_PNG/2000 - Enlace Químico_png/2000_junio_ejercicio_5_op_cion_b.png,
Química,2000,Reserva 1,Ejercicio 2. Opción B,Enlace Químico,QUÍMICA. 2000. RESERVA 1. EJERCICIO 2. OPCIÓN B,"a) Escriba las estructuras de Lewis correspondientes a las moléculas de etano (CH CH ) y
3 3
eteno (CH CH )
2 2",2000 - Enlace Químico.pdf,enunciados_PNG/2000 - Enlace Químico_png/2000_reserva_1_ejercicio_2_opcion_b.png,
Química,2000,Reserva 2,Ejercicio 2. Opción B,Enlace Químico,QUÍMICA. 2000. RESERVA 2. EJERCICIO 2. OPCIÓN B,"Los elementos A, B, C y D pertenecen al mismo periodo y tienen 1, 3, 5 y 7 electrones de
valencia, respectivamente. Indique, razonando la respuesta: a) Qué elemento tiene la energía de
ionización más alta y cuál la más baja. b) Qué fórmulas tendrán los compuestos A-D y B-D.",2000 - Enlace Químico.pdf,enunciados_PNG/2000 - Enlace Químico_png/2000_reserva_2_ejercicio_2_opcion_b.png,
Química,2000,Reserva 3,Ejercicio 2. Opción B,Enlace Químico,QUÍMICA. 2000. RESERVA 3. EJERCICIO 2. OPCIÓN B,"Dadas las especies químicas H S y PH :
2 3
a) Represéntelas mediante diagramas de Lewis
b) Prediga la geometría de las especies anteriores según la teoría de Repulsión de Pares de
Electrones de la Capa de Valencia.",2000 - Enlace Químico.pdf,enunciados_PNG/2000 - Enlace Químico_png/2000_reserva_3_ejercicio_2_opcion_b.png,
Química,2000,Septiembre,Ejercicio 2. Opción A,Enlace Químico,QUÍMICA. 2000. SEPTIEMBRE. EJERCICIO 2. OPCIÓN A,"La tabla que sigue corresponde a los puntos de fusión de distintos sólidos iónicos:
Compuesto NaF NaCl NaBr NaI
Punto de fusión (ºC) 980 801 755 651
Considerando los valores anteriores: a) Indique cómo variará la energía reticular en este grupo",2000 - Enlace Químico.pdf,enunciados_PNG/2000 - Enlace Químico_png/2000_septiembre_ejercicio_2_opcion_a.png,
Química,2001,Junio,Ejercicio 2. Opción B,Enlace Químico,QUÍMICA. 2001. JUNIO. EJERCICIO 2. OPCIÓN B,"Dados los siguientes compuestos: CaF , CO , H O. a) Indique el tipo de enlace predominante
2 2 2
en cada uno de ellos. b) Ordene los compuestos anteriores de menor a mayor punto de",2001 - Enlace Químico.pdf,enunciados_PNG/2001 - Enlace Químico_png/2001_junio_ejercicio_2_opcion_b.png,
Química,2001,Reserva 1,Ejercicio 3. Opción B,Enlace Químico,QUÍMICA. 2001. RESERVA 1. EJERCICIO 3. OPCIÓN B,"Cuatro elementos se designan arbitrariamente como A, B, C y D. Sus electronegatividades se
muestran en la tabla siguiente:
Elemento A B C D
Electronegatividad 3’0 2’8 2’5 2’1
Si se forman las moléculas AB, AC, AD y BD: a) Clasifíquelas en orden creciente por su
carácter covalente. Justifique la respuesta. b) ¿Cuál será la molécula más polar? Justifique la",2001 - Enlace Químico.pdf,enunciados_PNG/2001 - Enlace Químico_png/2001_reserva_1_ejercicio_3_opcion_b.png,
Química,2001,Reserva 2,Ejercicio 2. Opción A,Enlace Químico,QUÍMICA. 2001. RESERVA 2. EJERCICIO 2. OPCIÓN A,"Dadas las siguientes moléculas: CCl , BF y PCl a) Represente sus estructuras de Lewis.
4 3 3
b) Prediga la geometría de cada una de ellas según la Teoría de Repulsión de Pares de",2001 - Enlace Químico.pdf,enunciados_PNG/2001 - Enlace Químico_png/2001_reserva_2_ejercicio_2_opcion_a.png,
Química,2001,Reserva 4,Ejercicio 2. Opción B,Enlace Químico,QUÍMICA. 2001. RESERVA 4. EJERCICIO 2. OPCIÓN B,"En función del tipo de enlace explique por qué: a) El NH tiene un punto de ebullición más alto
3
que el CH . b) El KCl tiene un punto de fusión mayor que el Cl . c) El CH es insoluble en
4 2 4",2001 - Enlace Químico.pdf,enunciados_PNG/2001 - Enlace Químico_png/2001_reserva_4_ejercicio_2_opcion_b.png,
Química,2001,Septiembre,Ejercicio 2. Opción B,Enlace Químico,QUÍMICA. 2001. SEPTIEMBRE. EJERCICIO 2. OPCIÓN B,"Dadas las siguientes moléculas: SiH , NH y BeH . a) Represente sus estructuras de Lewis.
4 3 2
b) Prediga la geometría de cada una de ellas según la Teoría de Repulsión de Pares de",2001 - Enlace Químico.pdf,enunciados_PNG/2001 - Enlace Químico_png/2001_septiembre_ejercicio_2_opcion_b.png,
Química,2002,Reserva 1,Ejercicio 5. Opción A,Enlace Químico,QUÍMICA. 2002. RESERVA 1. EJERCICIO 5. OPCIÓN A,"a) Represente el ciclo de Born-Haber para el fluoruro de litio.
b) Calcule el valor de la energía reticular del fluoruro de litio sabiendo:
Entalpía de formación del [LiF(s)] = – 594’1 kJ/mol
Energía de sublimación del litio = 155’2 kJ/mol
Energía de disociación del F = 150’6 kJ/mol
2
Energía de ionización del litio = 520’0 kJ/mol",2002 - Enlace Químico.pdf,enunciados_PNG/2002 - Enlace Químico_png/2002_reserva_1_ejercicio_5_opcion_a.png,
Química,2002,Reserva 1,Ejercicio 3. Opción B,Enlace Químico,QUÍMICA. 2002. RESERVA 1. EJERCICIO 3. OPCIÓN B,"Dadas las sustancias PCl y CH :
3 4
a) Represente sus estructuras de Lewis.
b) Prediga la geometría de las moléculas anteriores según la teoría de Repulsión de Pares de
Electrones de la Capa de Valencia.",2002 - Enlace Químico.pdf,enunciados_PNG/2002 - Enlace Químico_png/2002_reserva_1_ejercicio_3_opcion_b.png,
Química,2002,Reserva 2,Ejercicio 2. Opción A,Enlace Químico,QUÍMICA. 2002. RESERVA 2. EJERCICIO 2. OPCIÓN A,"Explique, en función del tipo de enlace que presentan, las siguientes afirmaciones:
a) El cloruro de sodio es soluble en agua.
b) El hierro es conductor de la electricidad.",2002 - Enlace Químico.pdf,enunciados_PNG/2002 - Enlace Químico_png/2002_reserva_2_ejercicio_2_opcion_a.png,
Química,2002,Reserva 3,Ejercicio 2. Opción B,Enlace Químico,QUÍMICA. 2002. RESERVA 3. EJERCICIO 2. OPCIÓN B,"Dadas las sustancias: NH yH O.
3 2
a) Represente sus estructuras de Lewis.
b) Prediga la geometría de las moléculas anteriores mediante la teoría de Repulsión de Pares de
Electrones de la Capa de Valencia.",2002 - Enlace Químico.pdf,enunciados_PNG/2002 - Enlace Químico_png/2002_reserva_3_ejercicio_2_opcion_b.png,
Química,2002,Reserva 4,Ejercicio 3. Opción B,Enlace Químico,QUÍMICA. 2002. RESERVA 4. EJERCICIO 3. OPCIÓN B,"a) ¿Cuál es la geometría de la molécula BCl ?
3
b) ¿Es una molécula polar?
c) ¿Es soluble en agua?",2002 - Enlace Químico.pdf,enunciados_PNG/2002 - Enlace Químico_png/2002_reserva_4_ejercicio_3_opcion_b.png,
Química,2002,Septiembre,Ejercicio 2. Opción A,Enlace Químico,QUÍMICA. 2002. SEPTIEMBRE. EJERCICIO 2. OPCIÓN A,"a) ¿Por qué el H y el I no son solubles en agua y el HI sí lo es?
2 2
b) ¿Por qué la molécula BF es apolar, aunque sus enlaces estén polarizados?",2002 - Enlace Químico.pdf,enunciados_PNG/2002 - Enlace Químico_png/2002_septiembre_ejercicio_2_opcion_a.png,
Química,2003,Junio,Ejercicio 3. Opción B,Enlace Químico,QUÍMICA. 2003. JUNIO. EJERCICIO 3. OPCIÓN B,"Justifique las siguientes afirmaciones:
a) A 25º C y 1 atm, el agua es un líquido y el sulfuro de hidrógeno es un gas.
b) El etanol es soluble en agua y el etano no lo es.",2003 - Enlace Químico.pdf,enunciados_PNG/2003 - Enlace Químico_png/2003_junio_ejercicio_3_opcion_b.png,
Química,2003,Reserva 1,Ejercicio 3. Opción B,Enlace Químico,QUÍMICA. 2003. RESERVA 1. EJERCICIO 3. OPCIÓN B,"a) Represente la estructura de Lewis de la moléculaNF .
3
b) Prediga la geometría de esta molécula según la teoría de Repulsión de Pares de Electrones de
la Capa de Valencia.
c) Justifique si la molécula de NF es polar o apolar.",2003 - Enlace Químico.pdf,enunciados_PNG/2003 - Enlace Químico_png/2003_reserva_1_ejercicio_3_opcion_b.png,
Química,2003,Reserva 2,Ejercicio 2. Opción A,Enlace Químico,QUÍMICA. 2003. RESERVA 2. EJERCICIO 2. OPCIÓN A,"Razone la veracidad o falsedad de las siguientes afirmaciones:
a) Los metales son buenos conductores de la electricidad.
b) Todos los compuestos de carbono presentan hibridación sp3.",2003 - Enlace Químico.pdf,enunciados_PNG/2003 - Enlace Químico_png/2003_reserva_2_ejercicio_2_opcion_a.png,
Química,2003,Reserva 3,Ejercicio 2. Opción B,Enlace Químico,QUÍMICA. 2003. RESERVA 3. EJERCICIO 2. OPCIÓN B,"Para las moléculas BCl y NH , indique:
3 3
a) El número de pares de electrones sin compartir de cada átomo central.
b) La hibridación del átomo central.
c) La geometría de cada molécula según la teoría de Repulsión de Pares de Electrones de la",2003 - Enlace Químico.pdf,enunciados_PNG/2003 - Enlace Químico_png/2003_reserva_3_ejercicio_2_opcion_b.png,
Química,2003,Reserva 4,Ejercicio 2. Opción A,Enlace Químico,QUÍMICA. 2003. RESERVA 4. EJERCICIO 2. OPCIÓN A,"Dadas las especies químicas H S, PH y CCl , indique:
2 3 4
a) La estructura de Lewis de cada molécula.
b) La geometría de cada molécula según la teoría de Repulsión de Pares de Electrones de la
Capa de Valencia.",2003 - Enlace Químico.pdf,enunciados_PNG/2003 - Enlace Químico_png/2003_reserva_4_ejercicio_2_opcion_a.png,
Química,2004,Junio,Ejercicio 2. Opción B,Enlace Químico,QUÍMICA. 2004. JUNIO. EJERCICIO 2. OPCIÓN B,"En los siguientes compuestos: BCl ,SiF yBeCl .
3 4 2
a) Justifique la geometría de estas moléculas mediante la teoría de Repulsión de Pares de
Electrones de la Capa de Valencia.",2004 - Enlace Químico.pdf,enunciados_PNG/2004 - Enlace Químico_png/2004_junio_ejercicio_2_opcion_b.png,
Química,2004,Reserva 1,Ejercicio 3. Opción B,Enlace Químico,QUÍMICA. 2004. RESERVA 1. EJERCICIO 3. OPCIÓN B,"A partir de los átomos A y B cuyas configuraciones electrónicas son, respectivamente,
1s22s22p2 y 1s22s22p63s23p5
a) Explique la posible existencia de las moléculas: AB, B yAB .
2 4
b) Justifique la geometría de la molécula AB .
4
c) Discuta la existencia o no de momento dipolar en AB .",2004 - Enlace Químico.pdf,enunciados_PNG/2004 - Enlace Químico_png/2004_reserva_1_ejercicio_3_opcion_b.png,
Química,2004,Reserva 2,Ejercicio 2. Opción B,Enlace Químico,QUÍMICA. 2004. RESERVA 2. EJERCICIO 2. OPCIÓN B,"Comente, razonadamente, la conductividad eléctrica de los siguientes sistemas:
a) Un hilo de cobre.
b) Un cristal deCu(NO ) .
3 2
c) Una disolución de Cu(NO ) .",2004 - Enlace Químico.pdf,enunciados_PNG/2004 - Enlace Químico_png/2004_reserva_2_ejercicio_2_opcion_b.png,
Química,2004,Reserva 3,Ejercicio 3. Opción B,Enlace Químico,QUÍMICA. 2004. RESERVA 3. EJERCICIO 3. OPCIÓN B,"Dadas las especies: H O, NH  y PH
2 4 3
a) Represéntelas mediante estructuras de Lewis.
b) Justifique su geometría mediante la teoría de Repulsión de Pares de Electrones de la Capa",2004 - Enlace Químico.pdf,enunciados_PNG/2004 - Enlace Químico_png/2004_reserva_3_ejercicio_3_opcion_b.png,
Química,2004,Reserva 4,Ejercicio 2. Opción A,Enlace Químico,QUÍMICA. 2004. RESERVA 4. EJERCICIO 2. OPCIÓN A,a) Escriba el ciclo de Born-Haber para el KCl.,2004 - Enlace Químico.pdf,enunciados_PNG/2004 - Enlace Químico_png/2004_reserva_4_ejercicio_2_opcion_a.png,
Química,2005,Junio,Ejercicio 2. Opción B,Enlace Químico,QUÍMICA. 2005. JUNIO. EJERCICIO 2. OPCIÓN B,"Dadas las especies químicas Cl ,HCl y CCl :
2 4
a) Indique el tipo de enlace que existirá en cada una.
b) Justifique si los enlaces están polarizados.",2005 - Enlace Químico.pdf,enunciados_PNG/2005 - Enlace Químico_png/2005_junio_ejercicio_2_opcion_b.png,
asignatura_desconocida,2005,Reserva 1,Ejercicio 2. Opción A,Enlace Químico,QUIMICA. 2005. RESERVA 1. EJERCICIO 2. OPCIÓN A,"Teniendo en cuenta la energía reticular de los compuestos iónicos, conteste razonadamente:
a) ¿Cuál de los siguientes compuestos tendrá mayor dureza: LiF o KBr?",2005 - Enlace Químico.pdf,enunciados_PNG/2005 - Enlace Químico_png/2005_reserva_1_ejercicio_2_opcion_a.png,
asignatura_desconocida,2005,Reserva 3,Ejercicio 3 O Pción B,Enlace Químico,QUIMICA. 2005. RESERVA 3 EJERCICIO 3 O PCIÓN B,"Dadas las moléculas CF y NH :
4 3
a) Represéntelas mediante estructuras de Lewis.
b) Justifique su geometría mediante la teoría de Repulsión de Pares de Electrones de la Capa
de Valencia.",2005 - Enlace Químico.pdf,enunciados_PNG/2005 - Enlace Químico_png/2005_reserva_3_ejercicio_3_o_pcion_b.png,
asignatura_desconocida,2005,Reserva 4,Ejercicio 2 Opción B,Enlace Químico,QUIMICA. 2005. RESERVA 4 EJERCICIO 2 OPCIÓN B,"Dadas las siguientes especies químicas: CH OH, CH y NH a) Indique el tipo de enlace que
3 4 3
existe dentro de cada una. b) Ordénelas, justificando la respuesta, de menor a mayor punto de",2005 - Enlace Químico.pdf,enunciados_PNG/2005 - Enlace Químico_png/2005_reserva_4_ejercicio_2_opcion_b.png,
Química,2006,Junio,Ejercicio 2. Opción A,Enlace Químico,QUÍMICA. 2006. JUNIO. EJERCICIO 2. OPCIÓN A,"Dadas las moléculas de BCl y H O
3 2
a) Deduzca la geometría de cada una mediante la teoría de Repulsión de Pares de Electrones de
la Capa de Valencia.",2006 - Enlace Químico.pdf,enunciados_PNG/2006 - Enlace Químico_png/2006_junio_ejercicio_2_opcion_a.png,
Química,2006,Reserva 1,Ejercicio 3. Opción B,Enlace Químico,QUÍMICA. 2006. RESERVA 1. EJERCICIO 3. OPCIÓN B,"a) ¿Qué se entiende por energía reticular?
b) Represente el ciclo de Born-Haber para el bromuro de sodio.
c) Exprese la entalpía de formación (∆Hf) del bromuro de sodio en función de las siguientes
variables: la energía de ionización (I) y el calor de sublimación (S) del sodio, la energía de
disociación (D) y la afinidad electrónica (AE) del bromo y la energía reticular (U) del bromuro",2006 - Enlace Químico.pdf,enunciados_PNG/2006 - Enlace Químico_png/2006_reserva_1_ejercicio_3_opcion_b.png,
Química,2006,Reserva 2,Ejercicio 2. Opción A,Enlace Químico,QUÍMICA. 2006. RESERVA 2. EJERCICIO 2. OPCIÓN A,"Para las moléculas BCl , NH y BeH , indique:
3 3 2
a) El número de pares de electrones sin compartir de cada átomo.
b) La geometría de cada molécula utilizando la teoría de Repulsión de Pares de Electrones de la
Capa de Valencia.",2006 - Enlace Químico.pdf,enunciados_PNG/2006 - Enlace Químico_png/2006_reserva_2_ejercicio_2_opcion_a.png,
Química,2006,Reserva 3,Ejercicio 3. Opción B,Enlace Químico,QUÍMICA. 2006. RESERVA 3. EJERCICIO 3. OPCIÓN B,"Supongamos que los sólidos cristalinos CsBr, NaBr y KBr cristalizan con el mismo tipo de red.
a) Ordénelos de mayor a menor según su energía reticular. Razone la respuesta.",2006 - Enlace Químico.pdf,enunciados_PNG/2006 - Enlace Químico_png/2006_reserva_3_ejercicio_3_opcion_b.png,
Química,2006,Septiembre,Ejercici O 2. Opción B,Enlace Químico,QUÍMICA. 2006. SEPTIEMBRE. EJERCICI O 2. OPCIÓN B,"Dadas las moléculas BF y PF :
3 3
a) ¿Son polares los enlaces boro-flúor y fósforo-flúor?. Razone la respuesta.
b) Prediga su geometría a partir de la teoría de Repulsión de Pares de Electrones de la Capa de
Valencia.",2006 - Enlace Químico.pdf,enunciados_PNG/2006 - Enlace Químico_png/2006_septiembre_ejercici_o_2_opcion_b.png,
Química,2007,Junio,Ejercicio 2. Opc Ión B,Enlace Químico,QUÍMICA. 2007. JUNIO EJERCICIO 2. OPC IÓN B,"Para las moléculasCCl , NH y BeCl
4 3 2
a) Determine su geometría mediante la teoría de Repulsión de Pares de Electrones de la Capa
de Valencia.
b) ¿Qué tipo de hibridación presenta el átomo central?",2007 - Enlace Químico.pdf,enunciados_PNG/2007 - Enlace Químico_png/2007_junio_ejercicio_2_opc_ion_b.png,
Química,2007,Reserva 1,Ejercicio 3. Opción B,Enlace Químico,QUÍMICA. 2007. RESERVA 1. EJERCICIO 3. OPCIÓN B,"Dadas las moléculas de BF y H O:
3 2
a) Determine la geometría de cada una mediante la teoría de Repulsión de Pares de Electrones
de la Capa de Valencia.
b) Razone si los enlaces son polares.",2007 - Enlace Químico.pdf,enunciados_PNG/2007 - Enlace Químico_png/2007_reserva_1_ejercicio_3_opcion_b.png,
Química,2007,Reserva 2,Ejercicio 2. Opción A,Enlace Químico,QUÍMICA. 2007. RESERVA 2. EJERCICIO 2. OPCIÓN A,"Explique:
a) Por qué el cloruro de hidrógeno disuelto en agua conduce la corriente eléctrica.
b) La poca reactividad de los gases nobles.",2007 - Enlace Químico.pdf,enunciados_PNG/2007 - Enlace Químico_png/2007_reserva_2_ejercicio_2_opcion_a.png,
Química,2007,Reserva 3,Ejercicio 3. Opción B,Enlace Químico,QUÍMICA. 2007. RESERVA 3. EJERCICIO 3. OPCIÓN B,"Dadas las siguientes moléculas: F , CS , C H , C H , H O y NH . Indique en cuál o
2 2 2 4 2 2 2 3
cuáles:
a) Todos los enlaces son simples.
b) Existe algún doble enlace.",2007 - Enlace Químico.pdf,enunciados_PNG/2007 - Enlace Químico_png/2007_reserva_3_ejercicio_3_opcion_b.png,
Química,2007,Septiembre,Ejercicio 2. Opción A,Enlace Químico,QUÍMICA. 2007. SEPTIEMBRE. EJERCICIO 2. OPCIÓN A,"a) Represente la estructura de la molécula de agua mediante el diagrama de Lewis.
b) Deduzca la geometría de la molécula de agua mediante la teoría de Repulsión de Pares de
Electrones de la Capa de Valencia.
c) ¿Por qué a temperatura ambiente el agua es líquida mientras que el sulfuro de hidrógeno, de",2007 - Enlace Químico.pdf,enunciados_PNG/2007 - Enlace Químico_png/2007_septiembre_ejercicio_2_opcion_a.png,
Química,2008,Junio,Ejercicio 3. Opción B,Enlace Químico,QUÍMICA. 2008. JUNIO EJERCICIO 3. OPCIÓN B,"Indique, razonadamente, cuántos enlaces  y cuántos  tienen las siguientes moléculas
a) Hidrógeno.
b) Nitrógeno.",2008 - Enlace Químico.pdf,enunciados_PNG/2008 - Enlace Químico_png/2008_junio_ejercicio_3_opcion_b.png,
Química,2008,Reserva 1,Ejercicio 2 Opción A,Enlace Químico,QUÍMICA. 2008. RESERVA 1 EJERCICIO 2 OPCIÓN A,"Deduzca, según la teoría de Repulsión de Pares de Electrones de la Capa de Valencia, la
geometría de las siguientes moléculas e indique la polaridad de las mismas:
a) Amoniaco.
b) Tricloruro de boro.",2008 - Enlace Químico.pdf,enunciados_PNG/2008 - Enlace Químico_png/2008_reserva_1_ejercicio_2_opcion_a.png,
Química,2008,Reserva 3,Ejercicio 2. Opción A,Enlace Químico,QUÍMICA. 2008. RESERVA 3 EJERCICIO 2. OPCIÓN A,"Indique qué tipo de enlace hay que romper para:
a) Fundir cloruro de sodio.
b) Vaporizar agua.",2008 - Enlace Químico.pdf,enunciados_PNG/2008 - Enlace Químico_png/2008_reserva_3_ejercicio_2_opcion_a.png,
Química,2008,Reserva 4,Ejercicio 3. Opción B,Enlace Químico,QUÍMICA. 2008. RESERVA 4. EJERCICIO 3. OPCIÓN B,"Para las moléculas de tetracloruro de carbono y agua:
a) Prediga su geometría mediante la teoría de Repulsión de Pares de Electrones de la Capa de
Valencia.
b) Indique la hibridación del átomo central.",2008 - Enlace Químico.pdf,enunciados_PNG/2008 - Enlace Químico_png/2008_reserva_4_ejercicio_3_opcion_b.png,
Química,2008,Septiembre,Ejercicio 2. Opción B,Enlace Químico,QUÍMICA. 2008. SEPTIEMBRE. EJERCICIO 2. OPCIÓN B,"Razone si son verdaderas o falsas las siguientes afirmaciones:
a) Algunas moléculas covalentes son polares.
b) Los compuestos iónicos, cuando están fundidos o en disolución, son buenos conductores de la
electricidad.
c) El agua tiene el punto de ebullición más elevado que el resto de los hidruros de los elementos",2008 - Enlace Químico.pdf,enunciados_PNG/2008 - Enlace Químico_png/2008_septiembre_ejercicio_2_opcion_b.png,
Química,2009,Junio,Ejercicio 2. Opción B,Enlace Químico,QUÍMICA. 2009. JUNIO. EJERCICIO 2. OPCIÓN B,"Dada la molécula CCl
4
a) Represéntela mediante estructura de Lewis.
b) ¿Por qué la molécula es apolar si los enlaces están polarizados?.
c) ¿Por qué a temperatura ambiente el CCl es líquido y el CI es sólido?.",2009 - Enlace Químico.pdf,enunciados_PNG/2009 - Enlace Químico_png/2009_junio_ejercicio_2_opcion_b.png,
Química,2009,Reserva 2,Ejercicio 2. Opción A,Enlace Químico,QUÍMICA. 2009. RESERVA 2. EJERCICIO 2. OPCIÓN A,"Dadas las moléculas CF y NH
4 3
a) Represente sus correspondientes estructuras de Lewis.
b) Establezca su geometría mediante la teoría de Repulsión de Pares de Electrones de la Capa
de Valencia.",2009 - Enlace Químico.pdf,enunciados_PNG/2009 - Enlace Químico_png/2009_reserva_2_ejercicio_2_opcion_a.png,
Química,2009,Reserva 3,Ejercicio 2. Opción A,Enlace Químico,QUÍMICA. 2009. RESERVA 3. EJERCICIO 2. OPCIÓN A,"a) Justifique la naturaleza del enlace que se formará cuando el oxígeno se combine con calcio.
b) Justifique la naturaleza del enlace que se formará cuando el oxígeno se combine con
hidrógeno.",2009 - Enlace Químico.pdf,enunciados_PNG/2009 - Enlace Químico_png/2009_reserva_3_ejercicio_2_opcion_a.png,
Química,2009,Reserva 4,Ejercicio 3. Opción B,Enlace Químico,QUÍMICA. 2009. RESERVA 4. EJERCICIO 3. OPCIÓN B,"Para la moléculaGeH :
4
a) Establezca su geometría mediante la teoría de Repulsión de Pares de Electrones de la Capa
de Valencia.
b) Indique la hibridación del átomo central.
c) Ordene, de forma razonada, de menor a mayor punto de fusión los compuestos CH y
4
GeH .",2009 - Enlace Químico.pdf,enunciados_PNG/2009 - Enlace Químico_png/2009_reserva_4_ejercicio_3_opcion_b.png,
Química,2009,Septiembre,Ejercicio 3. Opción B,Enlace Químico,QUÍMICA. 2009. SEPTIEMBRE. EJERCICIO 3. OPCIÓN B,"Razone sobre la veracidad o falsedad de las siguientes afirmaciones:
a) La molécula de BF es apolar aunque sus enlaces están polarizados.
3
b) El cloruro de sodio tiene menor punto de fusión que el cloruro de cesio.",2009 - Enlace Químico.pdf,enunciados_PNG/2009 - Enlace Químico_png/2009_septiembre_ejercicio_3_opcion_b.png,
Química,2010,Junio,Ejercicio 2. Opción A,Enlace Químico,QUÍMICA. 2010. JUNIO. EJERCICIO 2. OPCIÓN A,"Supongamos que los sólidos cristalinos NaF , KF , y LiF cristalizan en el mismo tipo de red.
a) Escriba el ciclo de Born-Haber para el NaF.
b) Razone cómo varía la energía reticular de las sales mencionadas.",2010 - Enlace Químico.pdf,enunciados_PNG/2010 - Enlace Químico_png/2010_junio_ejercicio_2_opcion_a.png,
Química,2010,Reserva 1,Ejercicio 2. Opción A,Enlace Químico,QUÍMICA. 2010. RESERVA 1. EJERCICIO 2. OPCIÓN A,"Dadas las moléculas PH y Cl O:
3 2
a) Represente sus estructuras de Lewis.
b) Establezca sus geometrías mediante la teoría de Repulsión de Pares de Electrones de la Capa
de Valencia.",2010 - Enlace Químico.pdf,enunciados_PNG/2010 - Enlace Químico_png/2010_reserva_1_ejercicio_2_opcion_a.png,
Química,2010,Reserva 2,Ejercicio 2. Opción B,Enlace Químico,QUÍMICA. 2010. RESERVA 2. EJERCICIO 2. OPCIÓN B,"En función del tipo de enlace explique por qué:
a) Una disolución acuosa de Cu(NO ) conduce la electricidad.
3 2
b) El SiH es insoluble en agua y el NaCl es soluble.
4",2010 - Enlace Químico.pdf,enunciados_PNG/2010 - Enlace Químico_png/2010_reserva_2_ejercicio_2_opcion_b.png,
Química,2010,Reserva 3,Ejercicio 3. Opción B,Enlace Químico,QUÍMICA. 2010. RESERVA 3. EJERCICIO 3. OPCIÓN B,"Para la molécula CH Cl:
3
a) Establezca su geometría mediante la teoría de Repulsión de Pares de Electrones de la Capa
de Valencia.
b) Razone si es una molécula polar.",2010 - Enlace Químico.pdf,enunciados_PNG/2010 - Enlace Químico_png/2010_reserva_3_ejercicio_3_opcion_b.png,
Química,2010,Reserva 4,Ejercicio 3. Opción B,Enlace Químico,QUÍMICA. 2010. RESERVA 4. EJERCICIO 3. OPCIÓN B,"Dadas las siguientes sustancias: Cu, CaO, I , indique razonadamente:
2
a) Cuál conduce la electricidad en estado líquido pero es aislante en estado sólido.
b) Cuál es un sólido que sublima fácilmente.",2010 - Enlace Químico.pdf,enunciados_PNG/2010 - Enlace Químico_png/2010_reserva_4_ejercicio_3_opcion_b.png,
Química,2011,Reserva 1,Ejercicio 2. Opción B,Enlace Químico,QUÍMICA. 2011. RESERVA 1. EJERCICIO 2. OPCIÓN B,"Responda razonadamente a las siguientes cuestiones:
a) Por qué a 25 ºC y 1 atm el agua es un líquido y el sulfuro de hidrógeno es un gas.
b) Qué compuesto será más soluble en agua, el yoduro de sodio o el yoduro de cesio.
c) Discuta la polaridad de las moléculas de NH y de yodo molecular, respectivamente.",2011 - Enlace Químico.pdf,enunciados_PNG/2011 - Enlace Químico_png/2011_reserva_1_ejercicio_2_opcion_b.png,
Química,2011,Reserva 2,Ejercicio 2. Opción A,Enlace Químico,QUÍMICA. 2011. RESERVA 2. EJERCICIO 2. OPCIÓN A,"Dadas las especies Cl , KCl, Fe y H O:
2 2
a) Indique el tipo de enlace que presenta cada una.
b) ¿Qué tipo de interacción hay que vencer para fundirlas cuando están en estado sólido?
c) Razone qué especies conducirán la corriente eléctrica en estado sólido, cuáles lo harán en",2011 - Enlace Químico.pdf,enunciados_PNG/2011 - Enlace Químico_png/2011_reserva_2_ejercicio_2_opcion_a.png,
Química,2011,Reserva 3,Ejercicio 2. Opción A,Enlace Químico,QUÍMICA. 2011. RESERVA 3. EJERCICIO 2. OPCIÓN A,"Dadas las moléculas NH y CCl :
3 4
a) Represente sus estructuras de Lewis.
b) Deduzca sus geometrías mediante la teoría de Repulsión de Pares de Electrones de la Capa
de Valencia.
c) Justifique la polaridad de los enlaces NH y CCl y de las moléculas NH y CCl",2011 - Enlace Químico.pdf,enunciados_PNG/2011 - Enlace Químico_png/2011_reserva_3_ejercicio_2_opcion_a.png,
Química,2011,Reserva 4,Ejercicio 3. Opción B,Enlace Químico,QUÍMICA. 2011. RESERVA 4. EJERCICIO 3. OPCIÓN B,"Dadas las moléculas BeF y CH Cl:
2 3
a) Represente sus estructuras de Lewis.
b) Establezca sus geometrías mediante la teoría de Repulsión de Pares de Electrones de la Capa
de Valencia.",2011 - Enlace Químico.pdf,enunciados_PNG/2011 - Enlace Químico_png/2011_reserva_4_ejercicio_3_opcion_b.png,
Química,2011,Septiembre,Ejercici O 3. Opción B,Enlace Químico,QUÍMICA. 2011. SEPTIEMBRE. EJERCICI O 3. OPCIÓN B,"Dadas las moléculas BF , BeCl y H O:
3 2 2
a) Escriba las estructuras de Lewis de las mismas.
b) Explique su geometría mediante la teoría de Repulsión de Pares de Electrones de la Capa de
Valencia.",2011 - Enlace Químico.pdf,enunciados_PNG/2011 - Enlace Químico_png/2011_septiembre_ejercici_o_3_opcion_b.png,
Química,2012,Junio,Ejercicio 2. Opción A,Enlace Químico,QUÍMICA. 2012. JUNIO. EJERCICIO 2. OPCIÓN A,"Dados los siguientes compuestos NaF,CH y CH OH:
4 3
a) Indique el tipo de enlace.
b) Ordene de mayor a menor según su punto de ebullición. Razone la respuesta.",2012 - Enlace Químico.pdf,enunciados_PNG/2012 - Enlace Químico_png/2012_junio_ejercicio_2_opcion_a.png,
asignatura_desconocida,2012,Reserva 1,Ejercicio 2. Opción A,Enlace Químico,QUIMICA. 2012. RESERVA 1. EJERCICIO 2. OPCIÓN A,"Para las moléculas de tricloruro de boro, dihidruro de berilio y amoníaco, indique:
a) El número de pares de electrones sin compartir en cada átomo.
b) La geometría de cada molécula utilizando la teoría de repulsión de pares de electrones de la
capa de valencia.",2012 - Enlace Químico.pdf,enunciados_PNG/2012 - Enlace Químico_png/2012_reserva_1_ejercicio_2_opcion_a.png,
asignatura_desconocida,2012,Reserva 3,Ejercicio 3. Opción B,Enlace Químico,QUIMICA. 2012. RESERVA 3. EJERCICIO 3. OPCIÓN B,"Para las moléculas: H O, CHCl yNH . Indique, justificando la respuesta:
2 3 3
a) El número de pares de electrones sin compartir del átomo central.
b) La geometría de cada molécula según la teoría de repulsión de pares de electrones de la capa
de valencia.",2012 - Enlace Químico.pdf,enunciados_PNG/2012 - Enlace Químico_png/2012_reserva_3_ejercicio_3_opcion_b.png,
asignatura_desconocida,2012,Reserva 4,Ejercicio 3. Opción B,Enlace Químico,QUIMICA. 2012. RESERVA 4. EJERCICIO 3. OPCIÓN B,"En las siguientes moléculas, H S ; N y CH OH:
2 2 3
a) Represéntelas mediante un diagrama de Lewis.
b) Justifique razonadamente la polaridad de las moléculas.
c) Identifique las fuerzas intermoleculares que actuarán cuando se encuentran en estado",2012 - Enlace Químico.pdf,enunciados_PNG/2012 - Enlace Químico_png/2012_reserva_4_ejercicio_3_opcion_b.png,
Química,2012,Septiembre,Ejercici O 2. Opción B,Enlace Químico,QUÍMICA. 2012. SEPTIEMBRE. EJERCICI O 2. OPCIÓN B,"Dadas las siguientes moléculas F ;CS ;C H ;C H ; N ; NH , justifique mediante la
2 2 2 4 2 2 2 3
estructura de Lewis en qué moléculas:
a) Todos los enlaces son simples.
b) Existe algún enlace doble.",2012 - Enlace Químico.pdf,enunciados_PNG/2012 - Enlace Químico_png/2012_septiembre_ejercici_o_2_opcion_b.png,
Química,2013,Junio,Ejercicio 2. Opción B,Enlace Químico,QUÍMICA. 2013. JUNIO. EJERCICIO 2. OPCIÓN B,"Dadas las siguientes sustancias: Cu,CaO y I , indique razonadamente:
2
a) Cuál conduce la electricidad en estado líquido pero es aislante en estado sólido.
b) Cuál es un sólido que sublima fácilmente.",2013 - Enlace Químico.pdf,enunciados_PNG/2013 - Enlace Químico_png/2013_junio_ejercicio_2_opcion_b.png,
Química,2013,Reserva 1,Ejercicio 2. Opción A,Enlace Químico,QUÍMICA. 2013. RESERVA 1. EJERCICIO 2. OPCIÓN A,"Para las moléculas BCl y NH :
3 3
a) Justifique el número de pares de electrones sin compartir de cada átomo central.
b) Justifique la geometría de cada molécula según la teoría de Repulsión de Pares de Electrones
de la Capa de Valencia.",2013 - Enlace Químico.pdf,enunciados_PNG/2013 - Enlace Químico_png/2013_reserva_1_ejercicio_2_opcion_a.png,
Química,2013,Reserva 1,Ejercicio 6. Opción B,Enlace Químico,QUÍMICA. 2013. RESERVA 1. EJERCICIO 6. OPCIÓN B,"a) Establezca el ciclo termoquímico de Born-Haber para la formación deCaCl (s).
2
b) Calcule la afinidad electrónica del cloro.
Datos: Entalpía de formación del CaCl (s)748kJ/mol; Energía de sublimación del calcio
2
= 178,2 kJ/mol; Primer potencial de ionización del calcio = 590 kJ/mol; Segundo potencial de
ionización del calcio = 1145 kJ/mol; Energía de disociación del enlace ClCl  243 kJ/mol;
Energía reticular del CaCl (s)2258kJ/mol.",2013 - Enlace Químico.pdf,enunciados_PNG/2013 - Enlace Químico_png/2013_reserva_1_ejercicio_6_opcion_b.png,
Química,2013,Reserva 2,Ejercicio 3. Opción B,Enlace Químico,QUÍMICA. 2013. RESERVA 2. EJERCICIO 3. OPCIÓN B,"En los siguientes compuestos: SiF y BeCl .
4 2
a) Justifique la geometría de estas moléculas mediante la teoría de Repulsión de Pares de
Electrones de la Capa de Valencia.
b) ¿Qué orbitales híbridos presenta el átomo central de cada uno de los compuestos?",2013 - Enlace Químico.pdf,enunciados_PNG/2013 - Enlace Químico_png/2013_reserva_2_ejercicio_3_opcion_b.png,
Química,2013,Reserva 4,Ejercicio 3. Opción B,Enlace Químico,QUÍMICA. 2013. RESERVA 4. EJERCICIO 3. OPCIÓN B,"Conteste razonadamente a las siguientes cuestiones:
a) ¿En la molécula de N hay algún enlace múltiple?
2
b) ¿Puede una molécula triatómica (AB ) ser lineal?
2
c) ¿Por qué el punto de fusión del BaO es mayor que el del BaCl ?",2013 - Enlace Químico.pdf,enunciados_PNG/2013 - Enlace Químico_png/2013_reserva_4_ejercicio_3_opcion_b.png,
Química,2013,Septiembre,Ejercicio 2. Opción A,Enlace Químico,QUÍMICA. 2013. SEPTIEMBRE. EJERCICIO 2. OPCIÓN A,"Conteste razonadamente a las siguientes cuestiones:
a) ¿Por qué el momento dipolar del hidruro de berilio es nulo y el del sulfuro de hidrógeno no
lo es?
b) ¿Es lo mismo “enlace covalente polar” que “enlace covalente dativo o coordinado”?",2013 - Enlace Químico.pdf,enunciados_PNG/2013 - Enlace Químico_png/2013_septiembre_ejercicio_2_opcion_a.png,
Química,2014,Junio,Ejercicio 3. Opción B,Enlace Químico,QUÍMICA. 2014. JUNIO. EJERCICIO 3. OPCIÓN B,"a) Deduzca la geometría de las moléculas BCl y H S aplicando la teoría de Repulsión de
3 2
Pares de Electrones de la Capa de Valencia.
b) Explique si las moléculas anteriores son polares.",2014 - Enlace Químico.pdf,enunciados_PNG/2014 - Enlace Químico_png/2014_junio_ejercicio_3_opcion_b.png,
Química,2014,Reserva 2,Ejercicio 2. Opción A,Enlace Químico,QUÍMICA. 2014. RESERVA 2. EJERCICIO 2. OPCIÓN A,"Razone si los siguientes enunciados son verdaderos o falsos:
a) Los compuestos covalentes conducen la corriente eléctrica.
b) Todos los compuestos covalentes tienen puntos de fusión elevados.",2014 - Enlace Químico.pdf,enunciados_PNG/2014 - Enlace Químico_png/2014_reserva_2_ejercicio_2_opcion_a.png,
Química,2014,Reserva 3,Ejercicio 2. Opción A,Enlace Químico,QUÍMICA. 2014. RESERVA 3. EJERCICIO 2. OPCIÓN A,"Explique razonadamente si las siguientes afirmaciones son verdaderas o falsas:
a) El agua pura no conduce la electricidad.
b) El NaCl en estado sólido conduce la electricidad.",2014 - Enlace Químico.pdf,enunciados_PNG/2014 - Enlace Químico_png/2014_reserva_3_ejercicio_2_opcion_a.png,
Química,2014,Reserva 4,Ejercicio 3. Opción B,Enlace Químico,QUÍMICA. 2014. RESERVA 4. EJERCICIO 3. OPCIÓN B,"Para las siguientes moléculas: NH y BeH .
3 2
a) Escriba sus estructuras de Lewis.
b) Justifique la polaridad de las mismas.",2014 - Enlace Químico.pdf,enunciados_PNG/2014 - Enlace Químico_png/2014_reserva_4_ejercicio_3_opcion_b.png,
Química,2014,Septiembre,Ejercicio 2. Opción B,Enlace Químico,QUÍMICA. 2014. SEPTIEMBRE. EJERCICIO 2. OPCIÓN B,"Razone si las siguientes afirmaciones son verdaderas o falsas:
a) El etano tiene un punto de ebullición más alto que el etanol.
b) El tetracloruro de carbono es una molécula apolar.",2014 - Enlace Químico.pdf,enunciados_PNG/2014 - Enlace Químico_png/2014_septiembre_ejercicio_2_opcion_b.png,
Química,2015,Junio,Ejercicio 2. Opción A,Enlace Químico,QUÍMICA. 2015. JUNIO. EJERCICIO 2. OPCIÓN A,"a) Razone si una molécula de fórmula AB debe ser siempre lineal.
2
b) Justifique quién debe tener un punto de fusión mayor, el CsI o elCaO.
c) Ponga un ejemplo de una molécula con un átomo de nitrógeno con hibridación sp 3 y",2015 - Enlace Químico.pdf,enunciados_PNG/2015 - Enlace Químico_png/2015_junio_ejercicio_2_opcion_a.png,
Química,2015,Reserva 1,Ejercicio 2. Opción A,Enlace Químico,QUÍMICA. 2015. RESERVA 1. EJERCICIO 2. OPCIÓN A,"Para las siguientes moléculas: NF y SiF
3 4
a) Escriba las estructuras de Lewis.
b) Prediga la geometría molecular mediante la aplicación del método de la teoría de Repulsión
de Pares de Electrones de la Capa de Valencia.",2015 - Enlace Químico.pdf,enunciados_PNG/2015 - Enlace Químico_png/2015_reserva_1_ejercicio_2_opcion_a.png,
Química,2015,Reserva 2,Ejercicio 2. Opción B,Enlace Químico,QUÍMICA. 2015. RESERVA 2. EJERCICIO 2. OPCIÓN B,"Dadas las sustancias: N , KF, H S, PH , C H y Na O, indique razonadamente cuáles
2 2 3 2 4 2
presentan:
a) Enlaces covalentes con momento dipolar resultante distinto de cero.
b) Enlaces iónicos.",2015 - Enlace Químico.pdf,enunciados_PNG/2015 - Enlace Químico_png/2015_reserva_2_ejercicio_2_opcion_b.png,
Química,2015,Reserva 4,Ejercicio 3. Opción B,Enlace Químico,QUÍMICA. 2015. RESERVA 4. EJERCICIO 3. OPCIÓN B,"En función del tipo de enlace explique por qué:
a) El NH tiene un punto de ebullición más alto que el CH .
3 4
b) El KCl tiene un punto de fusión mayor que el Cl .
2
c) El CH es poco soluble en agua y el KCl es muy soluble.",2015 - Enlace Químico.pdf,enunciados_PNG/2015 - Enlace Químico_png/2015_reserva_4_ejercicio_3_opcion_b.png,
Química,2015,Septiembre,Ejercicio 3. Opción B,Enlace Químico,QUÍMICA. 2015. SEPTIEMBRE. EJERCICIO 3. OPCIÓN B,"Indica, razonadamente, si cada una de las siguientes proposiciones es verdadera o falsa:
a) Según el método RPECV, la molécula de amoniaco se ajusta a una geometría tetraédrica.
b) En las moléculas SiH y H S , en los dos casos el átomo central presenta hibridación sp3.
4 2
c) La geometría de la molécula BCl es plana triangular.",2015 - Enlace Químico.pdf,enunciados_PNG/2015 - Enlace Químico_png/2015_septiembre_ejercicio_3_opcion_b.png,
Química,2016,Junio,Ejercicio 2. Opción A,Enlace Químico,QUÍMICA. 2016. JUNIO. EJERCICIO 2. OPCIÓN A,"Para las especies HBr,NaBr y Br , determine razonadamente:
2
a) El tipo de enlace que predominará en ellas.
b) Cuál de ellas tendrá mayor punto de fusión.",2016 - Enlace Químico.pdf,enunciados_PNG/2016 - Enlace Químico_png/2016_junio_ejercicio_2_opcion_a.png,
Química,2016,Reserva 1,Ejercicio 3. Opción B,Enlace Químico,QUÍMICA. 2016. RESERVA 1. EJERCICIO 3. OPCIÓN B,"Explique, razonadamente, qué tipo de fuerzas hay que vencer para:
a) Fundir hielo.
b) Disolver NaCl.
c) Sublimar I .",2016 - Enlace Químico.pdf,enunciados_PNG/2016 - Enlace Químico_png/2016_reserva_1_ejercicio_3_opcion_b.png,
Química,2016,Reserva 2,Ejercicio 2. Opción A,Enlace Químico,QUÍMICA. 2016. RESERVA 2. EJERCICIO 2. OPCIÓN A,"Responda razonadamente a las siguientes cuestiones:
a) ¿Por qué, a 1 atm de presión y a 25ºC, el H O es un líquido y el H S es un gas?
2 2
b) ¿Qué compuesto será más soluble en agua, CaO o CsI?
c) ¿Son polares las moléculas de H O y de I ?",2016 - Enlace Químico.pdf,enunciados_PNG/2016 - Enlace Químico_png/2016_reserva_2_ejercicio_2_opcion_a.png,
Química,2016,Septiembre,Ejercicio 3. Opción B,Enlace Químico,QUÍMICA. 2016. SEPTIEMBRE. EJERCICIO 3. OPCIÓN B,"Dadas las moléculas BF y PF :
3 3
a) Represente sus estructuras de Lewis.
b) Prediga razonadamente la geometría de cada una de ellas según TRPECV.",2016 - Enlace Químico.pdf,enunciados_PNG/2016 - Enlace Químico_png/2016_septiembre_ejercicio_3_opcion_b.png,
Química,2017,Junio,Ejercicio 3. Opción B,Enlace Químico,QUÍMICA. 2017. JUNIO. EJERCICIO 3. OPCIÓN B,"a) Represente las estructuras de Lewis de las moléculas de H O y de NF .
2 3
b) Justifique la geometría de estas moléculas según la teoría de Repulsión de Pares de
Electrones de la Capa de Valencia.",2017 - Enlace Químico.pdf,enunciados_PNG/2017 - Enlace Químico_png/2017_junio_ejercicio_3_opcion_b.png,
Química,2017,Reserva 1,Ejercicio 2. Opción B,Enlace Químico,QUÍMICA. 2017. RESERVA 1. EJERCICIO 2. OPCIÓN B,"Dadas las siguientes especies químicas NCl y BCl :
3 3
a) Explique por qué el tricloruro de nitrógeno presenta carácter polar y, sin embargo, el
tricloruro de boro es apolar.
b) ¿Cuál de las dos sustancias será soluble en agua? Justifique su respuesta.",2017 - Enlace Químico.pdf,enunciados_PNG/2017 - Enlace Químico_png/2017_reserva_1_ejercicio_2_opcion_b.png,
Química,2017,Reserva 2,Ejercicio 2. Opción B,Enlace Químico,QUÍMICA. 2017. RESERVA 2. EJERCICIO 2. OPCIÓN B,"Justifique la veracidad o falsedad de las siguientes afirmaciones:
a) El CsCl es un sólido cristalino conductor de la electricidad.
b) El H S tiene un punto de ebullición más bajo que el H O.
2 2",2017 - Enlace Químico.pdf,enunciados_PNG/2017 - Enlace Químico_png/2017_reserva_2_ejercicio_2_opcion_b.png,
Química,2017,Reserva 3,Ejercicio 2. Opción A,Enlace Químico,QUÍMICA. 2017. RESERVA 3. EJERCICIO 2. OPCIÓN A,"a) Explique, en función de las interacciones moleculares, por qué el NH tiene un punto de
3
ebullición más alto que el CH .
4
b) Explique, en función de las interacciones moleculares, por qué el CH tiene un punto de
4
ebullición más bajo que el C H .
2 6",2017 - Enlace Químico.pdf,enunciados_PNG/2017 - Enlace Químico_png/2017_reserva_3_ejercicio_2_opcion_a.png,
Química,2017,Reserva 4,Ejercicio 3. Opción A,Enlace Químico,QUÍMICA. 2017. RESERVA 4. EJERCICIO 3. OPCIÓN A,"De entre las sustancias siguientes: Cu, NaF y HF, elija, justificadamente, la más representativa
en los aspectos que se indican a continuación:
a) Sustancia no metálica de punto de fusión muy elevado.
b) Sustancia con conductividad térmica y eléctrica en estado natural.",2017 - Enlace Químico.pdf,enunciados_PNG/2017 - Enlace Químico_png/2017_reserva_4_ejercicio_3_opcion_a.png,
Química,2017,Septiembre,Ejercicio 3. Opción B,Enlace Químico,QUÍMICA. 2017. SEPTIEMBRE. EJERCICIO 3. OPCIÓN B,"En función del tipo de enlace conteste, razonando la respuesta:
a) ¿Tiene CH OH un punto de ebullición más alto que el CH ?.
3 4
b) ¿Tiene el KCl un punto de fusión mayor que el Cl ?.
2
c) ¿Cuál de estas sustancias es soluble en agua CCl o KCl?.",2017 - Enlace Químico.pdf,enunciados_PNG/2017 - Enlace Químico_png/2017_septiembre_ejercicio_3_opcion_b.png,
Química,2018,Junio,Ejercicio 3. Op Ción B,Enlace Químico,QUÍMICA. 2018. JUNIO. EJERCICIO 3. OP CIÓN B,"Las configuraciones electrónicas de dos átomos A y B son 1s2 2s22p3 y 1s2 2s22p5,
respectivamente. Explique razonadamente:
a) El tipo de enlace que se establece entre ambos elementos para obtener el compuesto AB .
3
b) La geometría según la TRPECV del compuesto AB .
3
c) La polaridad del compuesto AB y su solubilidad en agua.",2018 - Enlace Químico.pdf,enunciados_PNG/2018 - Enlace Químico_png/2018_junio_ejercicio_3_op_cion_b.png,
Química,2018,Reserva 1,Ejercicio 2. Opción B,Enlace Químico,QUÍMICA. 2018. RESERVA 1. EJERCICIO 2. OPCIÓN B,"a) Dibuje la molécula de eteno (CH CH ), indicando la hibridación de los átomos de
2 2
carbono y todos los enlaces σ y π presentes.
b) Realice el diagrama de Lewis de la molécula CH Cl.
3
c) Justifique la polaridad de la molécula PH , basándose en la aplicación de la TRPECV",2018 - Enlace Químico.pdf,enunciados_PNG/2018 - Enlace Químico_png/2018_reserva_1_ejercicio_2_opcion_b.png,
Química,2018,Reserva 2,Ejercicio 3. Opción B,Enlace Químico,QUÍMICA. 2018. RESERVA 2. EJERCICIO 3. OPCIÓN B,"Dados los siguientes compuestos: LiCl, CH , H O y HF, indique razonadamente:
4 2
a) El tipo de enlace que presentan.
b) Cuáles de las moléculas covalentes son polares.
c) Cuáles de las moléculas covalentes pueden presentar puntos de fusión y ebullición mayores",2018 - Enlace Químico.pdf,enunciados_PNG/2018 - Enlace Químico_png/2018_reserva_2_ejercicio_3_opcion_b.png,
Química,2018,Reserva 3,Ejercicio 2. Opción B,Enlace Químico,QUÍMICA. 2018. RESERVA 3. EJERCICIO 2. OPCIÓN B,"De entre las siguientes sustancias NaBr, CCl y Cu, responda razonadamente a las siguientes
4
cuestiones:
a) ¿Cuáles conducen la electricidad en disolución o en estado sólido?
b) ¿Cuál será la de menor punto de ebullición?",2018 - Enlace Químico.pdf,enunciados_PNG/2018 - Enlace Químico_png/2018_reserva_3_ejercicio_2_opcion_b.png,
Química,2018,Reserva 4,Ejercicio 2. Opción A,Enlace Químico,QUÍMICA. 2018. RESERVA 4. EJERCICIO 2. OPCIÓN A,"Para la molécula CH Cl, indique razonadamente:
3
a) Su geometría aplicando la teoría de RPECV.
b) El carácter polar o no polar de dicha molécula.",2018 - Enlace Químico.pdf,enunciados_PNG/2018 - Enlace Químico_png/2018_reserva_4_ejercicio_2_opcion_a.png,
Química,2018,Septiembre,Ejercici O 3. Opción A,Enlace Químico,QUÍMICA. 2018. SEPTIEMBRE. EJERCICI O 3. OPCIÓN A,"Explique, en función del tipo de enlace, las siguientes afirmaciones:
a) El cloruro de sodio tiene un punto de fusión de 800ºC, en cambio, el Cl es un gas a
2
temperatura ambiente.
b) El diamante no conduce la corriente eléctrica mientras que el níquel sí lo hace.",2018 - Enlace Químico.pdf,enunciados_PNG/2018 - Enlace Químico_png/2018_septiembre_ejercici_o_3_opcion_a.png,
Química,2019,Junio,Ejercicio 2. Op Ción B,Enlace Químico,QUÍMICA. 2019. JUNIO. EJERCICIO 2. OP CIÓN B,"Considere los átomos X e Y, cuyas configuraciones electrónicas de la capa de valencia en estado
fundamental son: 4s1 y 3s23p4, respectivamente.
a) Si estos dos elementos se combinaran entre sí, justifique el tipo de enlace que se formaría.
b) Escriba la fórmula del compuesto formado.",2019 - Enlace Químico.pdf,enunciados_PNG/2019 - Enlace Químico_png/2019_junio_ejercicio_2_op_cion_b.png,
Química,2019,Reserva 1,Ejercicio 3. Opción B,Enlace Químico,QUÍMICA. 2019. RESERVA 1. EJERCICIO 3. OPCIÓN B,"Explique, razonadamente, cuáles de las siguientes afirmaciones respecto al trifluoruro de boro
(BF ) son ciertas:
3
a) El boro presenta una hibridación sp2 en dicho compuesto.
b) Es una molécula polar ya que tiene enlaces polares.",2019 - Enlace Químico.pdf,enunciados_PNG/2019 - Enlace Químico_png/2019_reserva_1_ejercicio_3_opcion_b.png,
Química,2019,Reserva 2,Ejercicio 3. Opción A,Enlace Químico,QUÍMICA. 2019. RESERVA 2. EJERCICIO 3. OPCIÓN A,"Dadas las siguientes moléculas: C H , C H , CH y CH OH.
2 4 2 2 4 3
a) Escriba sus estructuras de Lewis.
b) Indique la hibridación del átomo de carbono en estas moléculas.",2019 - Enlace Químico.pdf,enunciados_PNG/2019 - Enlace Químico_png/2019_reserva_2_ejercicio_3_opcion_a.png,
Química,2019,Reserva 3,Ejercicio 2. Opción A,Enlace Químico,QUÍMICA. 2019. RESERVA 3. EJERCICIO 2. OPCIÓN A,"Indique, justificadamente, si las siguientes proposiciones son verdaderas o falsas:
a) El CO es menos soluble en agua que el CaO.
2
b) El PCl presenta geometría tetraédrica según la TRPECV.
3",2019 - Enlace Químico.pdf,enunciados_PNG/2019 - Enlace Químico_png/2019_reserva_3_ejercicio_2_opcion_a.png,
Química,2019,Reserva 4,Ejercicio 3. Opción B,Enlace Químico,QUÍMICA. 2019. RESERVA 4. EJERCICIO 3. OPCIÓN B,"Considere las moléculas NF y CH OH:
3 3
a) Escriba sus estructuras de Lewis.
b) Justifique sus geometrías según la TRPECV.",2019 - Enlace Químico.pdf,enunciados_PNG/2019 - Enlace Químico_png/2019_reserva_4_ejercicio_3_opcion_b.png,
Química,2019,Septiembre,Ejercicio 2. Opción B,Enlace Químico,QUÍMICA. 2019. SEPTIEMBRE. EJERCICIO 2. OPCIÓN B,"Dadas las sustancias: KBr, HF, CH y K, indique razonadamente:
4
a) Una que no sea conductora en estado sólido pero sí fundida.
b) Una que forme enlaces de hidrógeno.",2019 - Enlace Químico.pdf,enunciados_PNG/2019 - Enlace Químico_png/2019_septiembre_ejercicio_2_opcion_b.png,
Química,2020,Junio,B3,Enlace Químico,QUÍMICA. 2020. JUNIO B3,"Para las moléculas NH y BeCl
3 2
a) Determine razonadamente su geometría molecular mediante TRPEV.
b) Indique la hibridación que presenta el átomo central.",2020 - Enlace Químico.pdf,enunciados_PNG/2020 - Enlace Químico_png/2020_junio_b3.png,
Química,2020,Reserva 1,Ejercicio B3,Enlace Químico,QUÍMICA. 2020. RESERVA 1. EJERCICIO B3,"Dadas las sustancias: Al, SO y KCl, indique razonadamente la sustancia que presenta:
2
a) Mayor solubilidad en agua.
b) Menor punto de fusión.",2020 - Enlace Químico.pdf,enunciados_PNG/2020 - Enlace Químico_png/2020_reserva_1_ejercicio_b3.png,
Química,2020,Reserva 2,Ejercicio B3,Enlace Químico,QUÍMICA. 2020. RESERVA 2. EJERCICIO B3,"En referencia al tetrafluoruro de carbono, CF :
4
a) Indique el tipo de hibridación que presenta el átomo de carbono.
b) Justifique la polaridad de los enlaces y de la molécula.",2020 - Enlace Químico.pdf,enunciados_PNG/2020 - Enlace Químico_png/2020_reserva_2_ejercicio_b3.png,
Química,2020,Reserva 3,Ejercicio B3,Enlace Químico,QUÍMICA. 2020. RESERVA 3. EJERCICIO B3,"Seleccione razonadamente entre las siguientes sustancias: Na, CH , KCl, y H O.
4 2
a) Una sustancia que presenta interacciones de tipo Van der Waals y que es gaseosa a
temperatura ambiente.
b) Una sustancia de alta conductividad eléctrica en estado sólido.",2020 - Enlace Químico.pdf,enunciados_PNG/2020 - Enlace Químico_png/2020_reserva_3_ejercicio_b3.png,
Química,2020,Reserva 4,Ejercicio B3,Enlace Químico,QUÍMICA. 2020. RESERVA 4. EJERCICIO B3,"Dadas las especies químicas H O y PCl .
2 3
a) Dibuje la estructura de Lewis de cada molécula y prediga su geometría.
b) Justifique la polaridad de las moléculas según TRPECV",2020 - Enlace Químico.pdf,enunciados_PNG/2020 - Enlace Químico_png/2020_reserva_4_ejercicio_b3.png,
Química,2020,Septiembre,B3,Enlace Químico,QUÍMICA. 2020. SEPTIEMBRE. B3,"Indique justificadamente si las siguientes proposiciones son verdaderas o falsas:
a) El HI tiene menor punto de ebullición que el HF
b) El PCl presenta geometría plana triangular según TRPEV.
3",2020 - Enlace Químico.pdf,enunciados_PNG/2020 - Enlace Químico_png/2020_septiembre_b3.png,
asignatura_desconocida,2022,Junio,Ejercicio B3,Enlace Químico,QUIMICA. 2022. JUNIO EJERCICIO B3,"Dados los siguientes compuestos: NaF, CH y CH OH
4 3
a) Justifique el tipo de enlace interatómico que presentan.
b) Ordénelos razonadamente de menor a mayor punto de ebullición.",2022 - Enlace Químico.pdf,enunciados_PNG/2022 - Enlace Químico_png/2022_junio_ejercicio_b3.png,
Química,2022,Reserva 1,Ejercicio B3,Enlace Químico,QUÍMICA. 2022. RESERVA 1. EJERCICIO B3,"Justifique:
a) ¿Qué compuesto tendrá mayor dureza, LiBr o KBr?.
b) ¿Qué tipo de fuerzas hay que vencer para vaporizar agua?.",2022 - Enlace Químico.pdf,enunciados_PNG/2022 - Enlace Químico_png/2022_reserva_1_ejercicio_b3.png,
Química,2022,Reserva 2,Ejercicio B3,Enlace Químico,QUÍMICA. 2022. RESERVA 2. EJERCICIO B3,"Conteste razonadamente:
a) ¿Presenta enlaces múltiples la molécula de N ?.
2
b) Según TRPECV, ¿toda molécula triatómica es lineal?.
c) ¿Por qué el punto de fusión del MgO es mayor que el del K O?.",2022 - Enlace Químico.pdf,enunciados_PNG/2022 - Enlace Químico_png/2022_reserva_2_ejercicio_b3.png,
Química,2022,Reserva 3,Ejercicio B 3,Enlace Químico,QUÍMICA. 2022. RESERVA 3. EJERCICIO B 3,"Justifique la veracidad o falsedad de las siguientes proposiciones:
a) El compuesto formado al enlazarse los elementos A(Z11) y B(Z  8) es un sólido
conductor de la electricidad cuando está fundido.
b) El punto de fusión del NaCl es menor que el del MgCl .
2
c) Los siguientes compuestos están ordenado por puntos de fusión decreciente NaFF  HF.",2022 - Enlace Químico.pdf,enunciados_PNG/2022 - Enlace Químico_png/2022_reserva_3_ejercicio_b_3.png,
Química,2022,Reserva 4,Ejercicio B3,Enlace Químico,QUÍMICA. 2022. RESERVA 4. EJERCICIO B3,"Dadas las moléculas BeF y CH Cl:
2 3
a) Determine las correspondientes estructuras de Lewis.
b) Prediga la geometría que presentan según TRPECV.",2022 - Enlace Químico.pdf,enunciados_PNG/2022 - Enlace Químico_png/2022_reserva_4_ejercicio_b3.png,
Química,2022,Julio,Ejercicio B3,Enlace Químico,QUÍMICA. 2022. JULIO. EJERCICIO B3,"Dadas las especies químicas H S y PCl :
2 3
a) Represente las estructuras de Lewis de cada molécula.
b) Justifique la geometría de cada molécula según la TRPECV.",2022 - Enlace Químico.pdf,enunciados_PNG/2022 - Enlace Químico_png/2022_julio_ejercicio_b3.png,
Química,2023,Junio,Ejercicio B3,Enlace Químico,QUÍMICA. 2023. JUNIO. EJERCICIO B3,"Para las moléculas OF y BF :
2 3
a) Justifique la geometría molecular que presentan según la TRPECV.
b) Indique la hibridación del átomo central de cada molécula.",2023 - Enlace Químico.pdf,enunciados_PNG/2023 - Enlace Químico_png/2023_junio_ejercicio_b3.png,
asignatura_desconocida,2023,Reserva 1,Ejercicio B3,Enlace Químico,QUIMICA. 2023. RESERVA 1. EJERCICIO B3,"Conteste justificando la respuesta:
a) ¿Qué compuesto tendrá mayor dureza: LiBr o CsI?
b) ¿Qué compuesto tendrá mayor temperatura de ebullición: HI o HF?",2023 - Enlace Químico.pdf,enunciados_PNG/2023 - Enlace Químico_png/2023_reserva_1_ejercicio_b3.png,
Química,2023,Reserva 2,Ejercicio B3,Enlace Químico,QUÍMICA. 2023. RESERVA 2. EJERCICIO B3,"Los átomos A, B, C y D corresponden a elementos del segundo periodo y tienen 2, 3, 5 y 7
electrones de valencia, respectivamente. Responda razonadamente a las siguientes cuestiones:
a) ¿Qué formula tendrá el compuesto formado por A y D?.
b) El compuesto formado por C y D ¿presentará enlace iónico o covalente?.",2023 - Enlace Químico.pdf,enunciados_PNG/2023 - Enlace Químico_png/2023_reserva_2_ejercicio_b3.png,
Química,2023,Reserva 3,Ejercicio B3,Enlace Químico,QUÍMICA. 2023. RESERVA 3. EJERCICIO B3,"Justifique si las siguientes afirmaciones son verdaderas o falsas:
a) En una molécula apolar todos los enlaces son apolares.
b) Una molécula tetraédrica es siempre apolar.
c) Las moléculas de BeCl y H S presentan el mismo ángulo de enlace.",2023 - Enlace Químico.pdf,enunciados_PNG/2023 - Enlace Químico_png/2023_reserva_3_ejercicio_b3.png,
Química,2023,Reserva 4,Ejercicio B3,Enlace Químico,QUÍMICA. 2023. RESERVA 4. EJERCICIO B3,"Justifique si las siguientes sustancias son conductoras de la electricidad:
a) El agua pura en estado líquido.
b) El cloruro de potasio en estado sólido.",2023 - Enlace Químico.pdf,enunciados_PNG/2023 - Enlace Químico_png/2023_reserva_4_ejercicio_b3.png,
Química,2023,Julio,Ejercicio B3,Enlace Químico,QUÍMICA. 2023. JULIO. EJERCICIO B3,"Responda a las siguientes cuestiones de manera razonada:
a) Dados los compuestos CaF y CO , identifique el tipo de enlace que predomina en cada uno
2 2
de ellos.
b) Ordene los compuestos CaF , CO y H O de menor a mayor punto de ebullición.
2 2 2",2023 - Enlace Químico.pdf,enunciados_PNG/2023 - Enlace Químico_png/2023_julio_ejercicio_b3.png,
Química,2024,Junio,Ejercicio B3,Enlace Químico,QUÍMICA. 2024. JUNIO. EJERCICIO B3,"Dados tres elementos cuyas configuraciones electrónicas son: A ( 1 s 2 2 s 2 2 p 2 ) ;
B(1s22s22p63s1) y C ( 1 s 2 2 s 2 2 p 6 3 s 2 3 p 5 )
a) Explique si es posible que existan las moléculas B y C .
2 2
b) Justifique el tipo de enlace que se dará entre los elementos B y C.",2024 - Enlace Químico.pdf,enunciados_PNG/2024 - Enlace Químico_png/2024_junio_ejercicio_b3.png,
Química,2024,Reserva 1,Ejercicio B3,Enlace Químico,QUÍMICA. 2024. RESERVA 1. EJERCICIO B3,"Justifique si las siguientes afirmaciones son verdaderas o falsas:
a) Si una molécula es apolar no puede contener enlaces polares.
b) En un sólido metálico los cationes y aniones ocupan posiciones fijas dentro de la red
metálica.
c) La molécula de B C l
3",2024 - Enlace Químico.pdf,enunciados_PNG/2024 - Enlace Químico_png/2024_reserva_1_ejercicio_b3.png,
Química,2024,Reserva 2,Ejercicio B3,Enlace Químico,QUÍMICA. 2024. RESERVA 2. EJERCICIO B3,"Dadas las moléculas B F
3
y P F
3
:
a) Represente las estructuras de Lewis de cada una de ellas.
b) Razone la geometría molecular de cada una de las sustancias a partir de la teoría RPECV.",2024 - Enlace Químico.pdf,enunciados_PNG/2024 - Enlace Químico_png/2024_reserva_2_ejercicio_b3.png,
Química,2024,Reserva 3,Ejercicio B3,Enlace Químico,QUÍMICA. 2024. RESERVA 3. EJERCICIO B3,"Para las moléculas C H
3
C l y C H
4
a) Indique el tipo de hibridación que presenta el átomo de carbono.
b) Justifique la polaridad de los enlaces y de la molécula.",2024 - Enlace Químico.pdf,enunciados_PNG/2024 - Enlace Químico_png/2024_reserva_3_ejercicio_b3.png,
Química,2024,Reserva 4,Ejercicio B3,Enlace Químico,QUÍMICA. 2024. RESERVA 4. EJERCICIO B3,"Para las sustancias KCl y C l
2
, justifique:
a) El tipo de enlace presente en cada una.
b) Cuál tendrá menor punto de fusión.",2024 - Enlace Químico.pdf,enunciados_PNG/2024 - Enlace Químico_png/2024_reserva_4_ejercicio_b3.png,
Química,2024,Julio,Ejercicio B3,Enlace Químico,QUÍMICA. 2024. JULIO. EJERCICIO B3,"Dadas las siguientes moléculas N C l
3
y B C l
3
:
a) Explique por qué el N C l
3
presenta carácter polar y, sin embargo, el B C l
3
es apolar.
b) Justifique la solubilidad en agua de ambas sustancias.",2024 - Enlace Químico.pdf,enunciados_PNG/2024 - Enlace Químico_png/2024_julio_ejercicio_b3.png,
Química,2025,Junio,Ejercicio 1B,Enlace Químico,QUÍMICA. 2025. JUNIO. EJERCICIO 1B,"a) Dadas las moléculas H
2
S y P F
3
, razone en cuál o cuáles de ellas el átomo central presenta
algún par de electrones sin compartir.
b) Justifique la geometría que presenta la molécula de P F
3
.
c) Indique la hibridación del átomo central del H
2
S .
d) ¿Por qué la molécula de BF es apolar?.",2025 - Enlace Químico.pdf,enunciados_PNG/2025 - Enlace Químico_png/2025_junio_ejercicio_1b.png,
Química,2025,Reserva 1,Ejercicio 1B,Enlace Químico,QUÍMICA. 2025. RESERVA 1. EJERCICIO 1B,"Identifique el tipo de enlace de las sustancias y explique las siguientes afirmaciones:
a) El cloruro de sodio ( N a C l ) es soluble en agua.
b) El hierro es conductor de la electricidad.
c) El metano ( C H
4
) tiene bajo punto de fusión.
d) El tetracloruro de carbono ( C C l
4",2025 - Enlace Químico.pdf,enunciados_PNG/2025 - Enlace Químico_png/2025_reserva_1_ejercicio_1b.png,
Química,2025,Reserva 2,Ejercicio 1B,Enlace Químico,QUÍMICA. 2025. RESERVA 2. EJERCICIO 1B,"Razone las siguientes afirmaciones:
a) A 25 ºC y 1 atm el agua es un líquido y el sulfuro de hidrógeno es un gas.
b) El N H
3
tiene un punto de ebullición más alto que el C H
4
.
c) A 25º C y 1 atm, el diflúor y el dicloro son gases, el dibromo es líquido y el diyodo es sólido.
d) El K C l tiene un punto de fusión mayor que el C l
2",2025 - Enlace Químico.pdf,enunciados_PNG/2025 - Enlace Químico_png/2025_reserva_2_ejercicio_1b.png,
